personid,age,tenure,grosswage,children,bedroom,commute,men,married,volunteer,high_educ
3224,30,113,3.8248823,no,no,40,1,0,0,0
3906,33,96,2.7375467,yes,yes,180,0,1,1,0
4118,31,94,3.4603801,yes,no,180,0,1,0,1
4122,30,94,4.0962458,no,no,180,0,0,0,0
4164,28,25,7.2532001,no,yes,65,0,1,1,1
4252,29,94,4.0608325,no,no,140,0,0,0,1
4448,35,92,4.2692962,yes,yes,100,0,1,1,0
4942,27,82,5.2953954,no,yes,160,0,1,1,0
4944,25,82,4.4770112,no,yes,180,0,0,0,1
4992,25,82,3.8015378,no,yes,240,0,0,1,0
5018,29,82,1.3875899,yes,yes,240,0,1,1,0
5560,29,79,4.420188,yes,yes,50,1,1,0,1
5606,26,79,3.0919712,no,no,120,0,0,0,0
5614,32,79,3.8260088,no,yes,80,1,1,0,0
5742,26,78,6.7337432,no,yes,60,0,1,0,0
5784,31,78,2.9404178,no,yes,160,0,0,0,1
5906,23,78,4.5938811,yes,yes,180,0,1,1,0
5930,23,78,4.410223,no,no,50,0,0,0,0
6162,31,77,3.8107321,no,yes,120,0,0,0,0
6278,32,77,2.9187889,yes,yes,170,0,1,1,1
6284,23,77,3.9908912,no,no,60,0,0,1,1
6300,33,76,3.3604422,no,yes,80,1,0,0,1
6342,30,76,3.923372,yes,yes,120,0,1,0,0
6344,27,76,4.5168571,yes,yes,120,0,1,0,0
6362,29,82,4.8947082,yes,yes,200,0,1,1,0
6364,26,82,6.2207456,yes,yes,180,0,1,1,0
6856,31,73,2.1215911,no,yes,180,0,0,0,1
6898,24,73,4.6395741,no,no,120,1,0,0,0
6904,23,73,3.7446711,no,no,45,0,0,0,0
6924,22,73,4.9445286,no,yes,110,0,0,0,0
7056,27,72,5.0630698,yes,no,80,1,1,1,1
7068,28,72,4.3418241,no,yes,40,0,1,1,1
7076,30,72,2.66415,yes,yes,120,0,1,1,1
7132,22,72,3.6314757,no,yes,50,0,0,0,0
7184,27,71,4.2302675,no,yes,120,0,1,0,0
7240,23,71,4.35887,no,no,40,0,0,0,1
7324,27,71,4.6434965,no,no,90,1,0,0,0
7454,24,70,2.0513732,no,yes,85,0,1,0,1
7456,25,70,4.9626255,no,no,120,0,0,0,0
7488,25,70,3.0722089,no,yes,240,0,0,0,0
7538,24,70,3.3498802,no,no,120,0,0,0,1
7660,25,70,3.49544,no,yes,240,0,0,1,0
7720,25,70,3.0483878,no,yes,180,0,0,1,1
7820,28,70,3.5054533,yes,yes,180,1,1,0,1
7856,22,70,5.1482167,no,no,40,1,0,0,0
7872,22,70,3.6174922,no,no,60,0,0,0,0
7896,22,70,3.8224521,no,no,60,0,0,0,0
7978,29,69,4.3938274,yes,yes,180,0,1,1,1
8440,24,67,1.5288833,no,yes,80,0,0,0,0
8522,30,66,4.1922421,yes,yes,120,0,1,1,0
8830,22,66,5.8753214,no,no,30,0,0,0,0
8834,22,66,3.6427166,no,no,60,0,0,1,0
8854,22,66,4.2592611,no,yes,60,0,0,0,0
8858,23,25,4.3171253,no,yes,90,0,0,0,1
8980,25,65,1.9734234,no,yes,120,0,0,1,0
9070,23,66,4.0421543,no,yes,60,0,0,0,1
9072,23,66,4.3165522,no,no,40,0,0,0,0
9086,22,66,3.2136621,no,no,100,0,0,1,0
9106,23,25,3.6806667,no,yes,20,0,0,0,1
9426,23,68,3.2903333,no,yes,30,0,0,1,0
9432,22,65,4.9271822,no,no,40,0,0,0,0
9460,23,65,5.8756423,no,yes,40,0,0,0,0
9666,26,64,2.7383602,no,no,50,1,1,0,1
9710,33,64,3.9029267,no,yes,120,0,1,1,0
9886,30,25,3.8439844,no,yes,80,0,0,0,1
10024,26,63,3.3279943,yes,yes,230,0,1,0,1
10098,28,63,4.3152037,yes,yes,180,0,1,1,1
10210,23,62,4.0901799,no,no,60,0,0,1,0
10226,22,62,3.3343222,no,no,60,0,0,1,0
10228,22,62,5.9146934,no,no,30,1,0,1,0
10236,22,62,3.9678166,no,no,55,0,0,1,0
10356,27,62,3.7967179,no,yes,60,1,0,0,1
10450,27,61,4.5207467,no,yes,180,0,0,0,1
10794,32,60,4.1691942,yes,yes,120,0,1,1,0
10822,26,60,2.9962699,no,yes,70,0,1,1,0
10868,30,60,1.4717622,yes,yes,130,0,1,0,0
11034,25,59,3.9688244,no,no,40,0,0,0,1
11062,22,59,3.3237,no,no,40,0,0,1,0
11128,28,59,3.9076154,no,yes,40,0,1,0,1
11212,32,59,3.6687167,no,no,180,0,0,0,0
11238,23,59,3.4772835,no,no,80,1,0,1,1
11314,25,59,3.7485299,no,yes,120,1,0,1,1
11348,25,59,2.7525179,yes,yes,120,0,1,1,0
11362,27,59,3.9455733,yes,yes,180,0,1,0,0
11386,26,59,3.5143433,no,no,80,1,0,0,0
11390,31,59,4.7715454,no,yes,60,1,1,1,0
11582,22,58,3.71543,no,yes,50,0,0,0,0
11814,24,58,5.9308381,no,yes,50,0,0,0,0
11868,30,57,2.7679133,no,yes,120,1,0,1,1
11870,28,57,3.38325,no,yes,20,0,0,0,0
11896,29,57,3.5289278,yes,yes,120,1,1,0,1
12150,33,57,2.9225345,yes,yes,150,0,1,0,1
12306,24,56,3.4949443,no,yes,180,1,0,1,0
12350,29,56,4.3548565,yes,yes,180,1,1,0,0
12426,30,56,2.8134468,no,yes,60,0,1,1,1
12806,23,55,2.3903179,no,no,80,0,0,1,0
12896,26,54,4.3952889,no,yes,150,0,1,1,1
12974,22,54,3.8363302,no,yes,20,0,0,0,0
13010,21,54,4.3259802,no,no,70,0,0,1,0
13054,25,54,3.4843545,no,no,120,0,0,0,1
13056,28,54,2.136348,no,yes,60,1,0,0,0
13118,22,54,2.8010588,no,yes,125,1,0,0,1
13214,21,54,2.7348032,no,no,120,0,0,0,0
13222,21,54,4.1090388,no,no,60,0,0,0,1
13250,25,54,4.74861,no,yes,60,0,0,1,1
13346,21,53,4.6262054,no,no,40,0,0,1,1
13484,25,53,2.7452157,no,yes,90,0,0,0,1
13486,23,53,2.3599699,no,yes,10,1,0,0,0
13530,29,53,2.9978867,no,yes,100,1,0,1,0
13574,30,53,4.1970549,yes,yes,190,1,1,1,1
13664,25,53,3.9619966,no,no,60,1,0,1,1
13710,30,52,3.8624947,yes,yes,120,1,1,1,1
13812,25,36,3.3776224,no,no,90,0,0,0,1
13980,28,51,4.4680867,no,yes,120,0,0,0,0
14048,28,51,3.6995213,yes,yes,180,0,1,1,0
14212,26,51,3.458298,no,yes,120,1,0,1,1
14220,28,51,2.7996411,yes,yes,240,1,1,1,0
14266,26,51,3.0967278,no,yes,60,0,1,0,0
14374,28,50,3.3623633,no,yes,2.5,0,0,1,1
14380,25,50,3.0946934,no,no,130,0,1,1,1
14382,26,50,5.1260633,yes,yes,190,0,1,1,1
14384,32,50,3.6653888,no,yes,180,0,0,1,1
14522,29,50,3.4024889,no,yes,40,1,0,1,0
14528,28,50,2.6626198,yes,yes,65,0,1,1,0
14532,26,50,2.9423811,no,yes,120,0,0,1,0
14556,26,50,3.7961645,yes,yes,120,0,1,1,1
14672,23,50,2.9062588,no,yes,30,0,0,1,0
14678,26,50,3.7973533,no,yes,60,1,1,1,1
14682,23,50,3.9770288,no,yes,80,1,0,0,0
14704,25,50,4.0076942,no,no,50,0,0,0,1
14724,24,50,5.9590802,no,yes,30,1,0,0,1
14734,25,50,5.2125001,no,yes,50,1,0,0,1
14804,29,25,3.6911023,yes,yes,150,0,1,0,1
14926,28,50,4.9257622,no,yes,20,1,0,0,1
15098,25,49,4.404284,no,no,60,0,0,0,1
15148,25,49,2.7831867,no,yes,36,0,0,1,1
15294,25,49,3.7159467,no,yes,80,0,0,1,0
15436,23,49,4.1681857,no,no,40,0,0,1,0
15444,27,49,3.27178,no,yes,120,0,1,1,1
15452,26,49,2.6629901,no,yes,30,1,0,0,1
15704,27,48,2.8402689,no,yes,150,0,1,0,0
15732,25,48,1.0904567,no,yes,80,0,0,0,1
15836,31,48,3.3182311,no,no,30,1,0,1,1
15862,26,48,3.8316634,no,yes,80,0,0,0,1
16104,28,44.5,3.7076747,no,yes,120,1,1,0,0
16334,30,47,3.4295022,yes,yes,240,1,1,1,1
16410,25,47,3.8790488,no,no,30,1,0,0,1
16422,29,47,2.2396276,yes,yes,90,0,1,1,1
16424,22,47,3.1301768,no,yes,180,0,0,1,0
16514,28,47,2.3920667,no,yes,70,1,0,1,0
16518,27,47,3.2689991,no,yes,180,1,0,0,0
16538,22,47,3.1119468,no,no,180,1,0,0,0
16564,30,47,3.0948277,no,yes,30,1,0,1,0
16594,29,47,3.6042979,yes,yes,160,0,1,1,1
16596,34,47,4.7260346,yes,yes,40,1,1,1,1
16654,29,47,2.6660111,yes,yes,90,0,1,0,0
16806,28,46,2.4147966,yes,yes,120,1,1,0,1
16812,24,46,3.0640123,no,yes,80,0,0,0,0
16870,21,46,2.4054167,no,no,120,1,0,1,1
17000,27,46,4.5554433,no,no,20,1,0,0,1
17014,27,46,4.1354113,no,yes,120,1,0,0,1
17058,23,46,2.6229999,no,yes,140,0,0,1,0
17160,27,46,3.3902433,yes,yes,180,1,1,1,1
17166,27,46,4.1173334,no,yes,180,0,0,0,0
17172,28,46,4.6419311,no,yes,240,0,0,1,1
17178,25,46,3.7911956,no,no,40,0,0,0,0
17180,24,46,3.1745889,no,no,120,0,0,1,0
17274,26,46,3.1348279,yes,yes,120,0,1,0,1
17290,31,46,5.9103727,yes,no,210,0,1,1,0
17386,23,45,2.3342412,yes,yes,120,0,1,0,0
17518,30,45,3.7134566,yes,yes,190,0,1,1,0
17524,25,45,2.5359511,no,no,80,0,0,1,0
17572,23,45,4.0033512,no,yes,210,0,0,1,0
17616,23,45,2.7490478,no,yes,150,0,0,1,0
17668,23,45,3.9913411,no,yes,40,0,0,0,0
17714,29,45,2.8260889,yes,yes,40,0,1,0,1
17722,24,45,4.1951799,no,yes,120,1,0,1,0
17752,25,45,3.5489633,no,yes,60,1,0,1,1
17800,27,45,3.5358,no,no,50,1,0,0,1
17812,28,45,4.7051601,yes,yes,150,1,1,0,0
17906,27,45,2.5038145,no,yes,210,0,1,0,1
17908,27,45,3.1488588,yes,yes,105,1,1,0,1
17918,29,47.5,2.3846402,yes,no,80,0,1,0,1
17926,25,45,4.0380645,no,yes,20,0,0,0,1
18112,27,44,2.7862556,no,yes,120,0,0,1,1
18148,22,44,5.0304408,no,no,40,0,0,0,0
18222,26,44,2.2578311,no,no,40,0,0,0,1
18346,27,25,3.5644066,no,yes,220,0,0,1,1
18366,24,44,3.1403933,no,no,20,0,0,1,1
18380,27,44,3.22542,no,yes,90,1,1,1,1
18454,25,44,3.7751811,no,yes,100,1,1,1,0
18476,23,44,3.4859512,no,yes,180,0,0,0,0
18494,31,44,3.2129254,no,yes,180,1,0,1,0
18502,26,44,2.3131669,no,yes,210,1,1,1,0
18634,23,43,3.4158845,no,yes,120,0,0,0,0
18650,25,43,3.3426323,no,yes,120,1,0,1,1
18656,27,43,2.5086868,no,yes,150,0,0,0,0
18776,22,43,4.1839623,no,yes,60,1,0,0,1
18786,27,43,2.2973602,no,yes,90,0,1,0,0
19012,27,43,1.8491844,yes,yes,90,0,1,0,0
19018,23,43,4.1665401,no,no,120,0,0,0,0
19028,23,43,3.5295444,no,yes,120,0,0,0,0
19136,21,42,3.5800178,no,no,35,0,0,0,0
19140,23,42,3.1589513,no,yes,30,0,0,0,1
19142,21,42,3.548409,no,no,20,0,0,0,0
19144,20,42,3.8351867,no,yes,30,0,0,0,1
19146,21,42,3.3134155,no,yes,80,0,0,0,0
19186,20,42,3.4463911,no,yes,90,0,0,1,0
19260,22,42,2.7414956,no,no,2.7,1,0,1,1
19266,22,42,4.0709419,no,yes,65,1,0,0,0
19268,23,42,3.9852912,no,no,100,1,0,0,1
19296,25,42,3.8101943,no,no,105,1,1,0,0
19344,26,42,3.9038167,no,no,160,0,0,1,1
19470,25,42,3.5001233,no,yes,60,0,0,0,1
19482,23,42,2.7133322,no,yes,180,1,0,1,0
19544,25,25,3.3879843,no,no,90,0,0,1,1
19558,26,25,3.7050955,no,yes,40,0,0,1,1
19576,23,42,3.4961178,no,yes,70,1,0,1,1
19684,22,41,2.7337523,no,yes,180,0,0,1,1
19712,21,41,3.0223567,no,no,30,0,0,1,1
20260,23,39,4.6721969,no,no,40,0,0,1,1
20356,24,39,3.134609,no,no,40,0,0,0,1
20386,26,39,2.953568,no,yes,70,0,1,0,1
20536,26,38,3.7286656,no,yes,60,0,0,1,1
20568,23,38,3.8858354,no,no,30,0,0,0,0
20708,21,38,3.0945213,no,no,60,1,0,0,0
20790,25,38,4.0563588,no,no,40,0,0,1,1
20804,26,38,3.2056422,no,no,40,0,0,1,1
20994,24,38,3.9896567,no,yes,180,1,0,1,1
21014,24,25,3.7158668,no,yes,30,0,0,0,1
21060,24,38,3.2551234,no,yes,20,0,0,1,1
21068,25,38,3.7650187,no,yes,60,0,0,0,1
21126,25,38,2.4348133,no,yes,120,0,0,0,1
21138,25,38,2.7632489,no,yes,120,1,0,1,0
21142,25,38,3.663141,no,yes,130,0,1,0,1
21286,25,37,2.6855145,no,no,30,1,0,1,0
21312,24,25,3.2305489,no,no,40,0,0,0,1
21454,22,37,3.5118167,no,no,120,1,0,0,1
21472,24,37,2.5875034,no,yes,70,0,0,0,1
21474,25,37,2.7566977,no,yes,100,1,0,0,0
21478,27,37,3.4119534,no,no,130,1,0,0,0
21492,27,37,3.2355423,no,no,40,0,0,1,1
21592,22,37,3.5140011,no,no,30,0,0,0,0
21604,24,37,3.0380278,no,yes,200,0,0,1,0
21610,20,37,3.4877989,no,yes,140,1,0,1,0
21614,25,37,2.9098122,no,yes,110,0,0,0,1
21622,25,37,3.3491721,no,yes,30,0,1,0,0
21648,26,37,2.6443167,yes,yes,75,1,1,1,1
21654,29,37,4.1014285,no,yes,80,0,0,1,1
21670,28,25,3.2536354,no,yes,90,0,0,1,1
21696,25,37,4.9885721,no,yes,60,0,0,1,0
21704,23,37,3.079479,no,no,50,0,0,0,1
21710,30,37,2.6169801,no,yes,90,1,1,1,1
21746,21,37,2.8369355,no,yes,90,0,0,0,0
21990,26,36,2.6234801,no,yes,60,1,0,1,0
21996,26,36,3.2235112,no,no,120,0,0,0,0
22022,22,36,3.4560156,no,yes,120,0,0,1,0
22080,24,36,3.5719011,no,no,60,0,0,0,1
22082,22,36,3.5133724,no,no,60,0,0,0,1
22130,25,36,2.5165932,no,yes,80,0,0,0,1
22132,25,36,4.4988065,no,yes,20,0,0,1,1
22136,21,36,3.0249944,no,yes,40,0,0,1,0
22140,25,36,3.8671577,no,yes,40,0,1,0,1
22190,22,36,3.3493822,no,no,60,0,0,0,0
22218,21,36,3.4206634,no,yes,30,0,0,1,0
22230,20,36,3.1743488,no,no,30,0,0,0,0
22260,22,36,2.6297543,no,no,20,0,0,1,0
22266,21,36,3.9789944,no,no,60,0,0,1,0
22284,21,36,3.4786634,yes,yes,45,0,1,1,0
22290,26,36,2.72949,yes,yes,80,1,1,0,0
22318,22,36,3.1374056,no,no,50,0,0,0,0
22324,21,36,3.5810654,no,no,60,0,0,1,0
22336,21,36,4.0701566,no,no,25,0,0,0,0
22340,20,36,2.8807321,no,no,45,0,0,0,0
22426,22,36,3.0261011,no,yes,50,0,0,1,0
22428,21,36,2.5083845,no,no,60,0,0,0,1
22456,21,36,3.5803354,no,yes,60,0,0,0,0
22500,21,36,3.397541,no,no,60,0,0,0,0
22706,26,36,3.2608311,no,yes,60,0,1,0,1
22720,22,36,3.6249466,no,no,90,0,0,0,0
22864,21,35,2.5618279,no,no,40,0,0,1,0
22878,27,35,2.5484579,no,yes,120,0,0,0,1
22888,28,35,2.702172,no,yes,180,1,0,0,0
23046,22,35,2.7214289,no,no,40,0,0,1,0
23050,21,35,3.1027713,no,no,40,0,0,0,0
23066,27,35,3.0804055,no,yes,90,0,1,0,0
23084,21,35,2.8742557,no,no,60,0,0,1,0
23088,20,35,3.7588732,no,no,30,0,0,1,0
23096,21,35,3.1757178,no,no,35,0,0,0,0
23126,23,35,4.2542796,no,yes,95,0,0,0,1
23136,22,35,3.1753633,no,yes,60,1,0,0,0
23150,23,35,3.4969122,no,no,40,0,0,0,1
23172,20,34,2.76301,no,no,45,0,0,0,0
23228,23,35,3.9816256,no,yes,40,0,1,1,1
23374,23,35,3.4031124,no,no,20,0,0,0,0
23380,20,35,2.8368402,no,no,60,0,0,1,0
23400,22,35,4.6049948,no,no,30,0,0,0,0
23410,21,35,3.5458078,no,yes,40,0,0,1,0
23438,20,35,4.3959155,no,no,40,1,0,1,0
23480,24,35,2.9802465,no,no,30,0,0,0,1
23516,24,35,3.3576355,no,yes,60,0,0,0,1
23604,23,35,5.4443502,no,no,150,1,0,1,0
23622,25,35,4.1304722,no,yes,120,1,0,1,1
23676,21,35,3.16377,no,no,30,0,0,0,0
23686,20,35,2.8571634,no,yes,180,1,0,0,0
23742,21,35,2.5448833,no,yes,240,1,0,1,0
23772,21,35,3.6291912,no,yes,40,1,0,1,1
23792,21,35,2.8915479,no,no,130,1,0,0,0
23928,21,34,2.9202135,no,yes,40,0,0,1,0
23934,20,34,3.4087012,no,no,65,0,0,1,0
23950,24,34,2.9984467,yes,yes,120,0,1,1,1
23982,21,34,3.3095632,no,no,50,0,0,0,0
24066,26,34,3.6637111,no,no,60,0,0,0,0
24070,24,34,3.0301745,no,no,60,0,0,1,1
24076,24,34,3.8333433,no,yes,20,1,0,1,1
24110,25,34,3.6679611,no,yes,20,0,0,1,1
24142,29,34,4.9450345,no,yes,180,0,0,1,0
24146,24,34,3.2050078,no,yes,150,1,0,1,0
24162,25,34,2.9205401,no,no,60,0,0,0,1
24322,23,34,3.5393789,no,yes,30,1,0,0,1
24324,23,34,2.5267766,no,yes,35,1,0,0,1
24328,24,34,3.0627234,no,yes,40,0,0,0,0
24340,23,34,3.5642712,no,yes,40,0,0,0,1
24530,25,34,4.3066864,no,no,33,0,0,0,1
24598,24,34,4.4733825,no,no,30,1,0,0,1
24606,21,34,4.6458611,no,yes,40,1,0,1,1
24608,34,34,3.8289921,yes,yes,20,0,1,1,0
24828,21,33,2.7225854,no,no,25,0,0,0,0
24968,20,33,3.1361432,no,no,40,0,0,0,1
25056,23,33,2.8689067,no,yes,40,0,0,1,0
25072,23,33,2.9120088,no,no,20,1,0,1,1
25074,21,33,3.7054734,no,yes,30,0,0,0,0
25084,24,33,2.0531211,no,yes,90,1,0,0,1
25086,24,33,1.9326589,no,yes,80,0,0,0,0
25094,25,33,3.0681798,no,yes,140,0,0,0,1
25258,26,33,3.4368823,no,yes,120,1,0,1,0
25326,27,32,3.0966346,no,yes,5,0,1,1,1
25334,23,32,3.3170657,no,no,40,0,0,0,0
25342,26,32,2.7874212,no,no,180,0,0,0,1
25520,24,32,3.6391969,no,yes,60,1,0,1,0
25524,26,32,3.8020689,no,no,20,1,0,1,1
25526,29,32,4.2403712,no,no,50,1,0,1,0
25532,25,32,3.3970912,no,yes,180,1,0,1,0
25560,22,32,3.0283911,no,no,20,0,0,1,0
25612,21,32,2.5250502,no,no,30,0,0,0,0
25616,23,32,2.573849,no,yes,30,1,0,0,1
25618,25,32,4.0457158,no,no,20,1,0,0,1
25620,23,32,2.8754656,no,yes,90,1,0,0,0
25622,20,32,2.8584857,no,yes,80,0,0,0,0
25628,24,32,3.0696712,no,yes,120,0,0,1,0
25638,26,32,2.7953246,no,yes,120,0,0,1,1
25700,27,32,3.1886568,no,yes,30,1,0,1,1
25826,20,31,3.2321477,no,no,30,0,0,1,0
25830,19,31,3.6076546,no,no,30,0,0,0,1
25864,20,31,4.3348713,no,yes,40,0,0,1,1
25872,20,31,3.5170422,no,no,35,0,0,0,0
25876,20,31,4.3397822,no,yes,80,0,0,1,0
25926,22,31,3.3110511,no,no,40,0,0,1,0
25940,24,31,3.5226889,no,yes,100,0,1,1,0
25962,24,31,3.6365478,yes,yes,80,1,1,1,1
25976,22,31,3.309551,yes,no,40,0,1,1,0
26144,24,31,5.0663657,no,yes,30,1,0,0,1
26198,22,31,3.2865422,no,no,30,0,0,1,1
26200,20,31,3.2126355,no,no,40,0,0,1,0
26202,19,31,3.1471798,no,no,50,0,0,0,1
26208,20,31,3.6915932,no,no,40,0,0,0,1
26226,19,31,3.1089356,no,no,60,0,0,0,1
26236,20,31,2.8887911,no,no,40,0,0,0,1
26238,20,31,3.6731389,no,no,30,0,0,0,0
26242,20,31,3.197969,no,no,35,0,0,0,1
26248,20,31,3.7751455,no,no,40,0,0,0,0
26262,20,31,4.4634914,no,no,30,0,0,0,0
26270,22,31,3.2465155,no,no,36,0,0,1,1
26278,20,31,2.9617057,no,no,40,0,0,0,0
26284,20,31,3.1350701,no,no,25,0,0,1,0
26286,20,31,3.1599944,no,no,30,0,0,0,0
26292,19,31,3.6421499,no,no,40,0,0,0,0
26328,22,31,3.6299655,no,no,30,1,0,1,0
26352,20,31,2.8953266,no,no,30,0,0,0,0
26388,23,31,4.3880033,no,no,50,1,0,0,1
26618,24,30,3.6763389,no,yes,40,1,0,1,0
26634,26,30,2.8049321,no,yes,60,0,0,1,1
26896,22,30,4.9019079,no,no,30,0,0,1,1
26906,24,30,3.2975867,no,yes,40,0,0,1,0
26934,24,30,3.4246302,no,yes,120,0,0,0,1
26944,24,30,3.3517056,no,no,60,0,0,0,1
26948,23,30,3.284308,no,no,12,1,0,0,1
26956,23,30,3.4564812,no,no,120,0,0,0,0
26982,24,30,2.9843311,no,no,40,0,0,0,1
27044,23,30,2.8324389,no,no,30,0,0,0,1
27076,24,30,3.877239,no,no,35,0,0,1,1
27180,23,29,3.6185167,no,yes,80,0,1,0,1
27232,25,29,3.0338612,no,no,100,0,0,1,1
27234,24,29,3.5235732,no,yes,60,1,0,0,1
27336,21,29,3.0230489,no,no,50,0,0,1,1
27344,27,29,3.0930235,no,no,40,0,0,1,1
27364,24,29,3.4228323,no,no,60,0,0,1,1
27382,24,29,2.719209,no,no,40,0,0,1,1
27540,27,29,3.0060413,no,yes,90,0,0,0,0
27544,23,29,4.0312033,no,no,80,0,0,1,1
27704,26,28,2.6993911,no,yes,30,0,0,1,1
27726,24,28,3.41469,no,no,40,0,0,1,1
27762,24,28,3.0689321,no,no,30,0,0,0,1
27764,25,28,3.1251032,no,no,40,0,0,1,1
27772,24,28,3.3379233,no,yes,100,0,0,0,1
27824,25,28,2.4968133,no,no,60,0,0,0,1
27844,25,28,4.1549602,no,yes,30,0,0,0,1
27882,20,28,3.2835288,no,no,40,1,0,0,0
27916,21,28,3.397579,no,no,30,0,0,1,0
27924,24,28,3.6947865,no,no,60,1,0,0,0
28162,25,27,2.8748934,no,yes,20,0,1,1,1
28164,22,27,3.4205945,no,no,50,0,0,1,1
28190,25,27,2.9674811,no,yes,60,0,0,1,0
28202,23,27,3.9591124,no,no,40,0,0,1,1
28204,22,27,2.4714944,no,yes,180,1,0,0,0
28224,27,27,3.1292701,yes,yes,30,1,1,1,0
28226,23,27,2.3416898,no,yes,120,1,0,1,0
28400,23,27,3.316999,no,no,50,0,0,0,1
28402,23,27,3.5548458,no,yes,20,1,0,1,1
28470,24,27,3.0680244,no,yes,60,1,0,1,1
28484,23,27,2.09901,yes,yes,120,0,1,1,0
28492,24,27,4.2266932,no,yes,40,0,0,1,1
28528,27,27,4.6637621,yes,yes,30,0,1,0,1
28552,20,27,3.9057133,no,no,35,1,0,1,1
28554,19,27,3.3641467,no,no,35,0,0,1,0
28556,24,27,3.2176633,no,no,120,1,0,0,0
28560,20,27,2.9997089,no,yes,160,0,0,1,1
28572,21,27,3.8881876,no,no,24,0,0,0,0
28646,22,26,3.2593431,no,no,30,0,0,1,1
28656,23,26,2.2167034,no,yes,120,0,1,0,0
28666,23,26,2.5683868,no,no,40,0,0,0,1
28676,23,26,3.1139877,no,no,20,1,0,1,1
28700,22,26,2.9848545,no,yes,20,0,0,1,1
28756,23,26,3.3685501,no,no,40,0,0,0,1
28786,25,26,3.2803476,no,no,30,1,0,0,1
28796,24,26,4.4402142,no,no,40,1,0,0,0
28802,24,26,3.8384387,no,no,35,1,0,0,1
28950,22,26,4.0693069,no,no,30,0,0,0,0
28956,21,26,2.7902412,no,no,30,0,0,1,0
28990,20,26,4.2553997,no,no,40,0,0,1,0
29010,22,26,2.4783833,no,no,120,0,1,0,0
29012,20,26,1.2744288,no,yes,40,0,0,0,0
29014,21,26,2.9242265,no,no,60,0,0,0,1
29024,26,26,2.5902634,no,yes,160,1,0,1,0
29030,28,26,2.4293523,no,yes,180,1,0,0,0
29032,23,26,2.6952755,no,yes,120,1,0,1,0
29172,26,26,2.8963332,no,yes,180,1,0,1,1
29192,29,26,3.8379033,no,yes,120,1,0,0,1
29216,26,26,2.9735067,no,yes,50,1,0,1,1
29218,24,26,3.4329321,no,yes,30,0,0,0,1
29226,24,26,3.5465789,no,no,30,0,0,0,1
29230,24,26,3.4854589,no,yes,70,0,0,0,1
29232,22,26,3.6738088,no,no,60,0,0,0,0
29234,21,26,2.6662688,no,no,40,0,0,0,1
29240,25,26,2.5492635,no,yes,170,1,0,0,1
29248,27,26,2.7496324,yes,yes,40,1,1,1,0
29250,23,26,3.3382566,no,no,104,0,0,1,1
29254,23,26,2.983391,no,no,50,0,0,1,1
29256,24,26,3.0030389,no,no,60,0,0,1,1
29550,21,26,2.3769021,no,no,30,0,0,0,0
29558,25,26,3.9397457,no,yes,80,1,1,0,0
29564,22,26,3.268261,no,no,80,0,0,0,1
29594,23,26,3.6993778,no,yes,120,0,0,0,1
29622,22,26,3.0297511,no,no,40,0,0,0,1
29626,23,26,3.5540123,no,yes,40,1,0,0,1
29734,21,25,4.4828634,no,no,30,0,0,1,1
29746,23,25,2.9760733,no,yes,40,0,0,0,1
29750,22,25,2.7162199,no,yes,40,0,0,0,1
29770,24,25,4.3264756,no,yes,35,0,0,0,1
29790,22,25,2.5431232,no,yes,120,0,0,0,0
29808,25,25,3.0939734,yes,yes,32,1,1,1,1
29838,26,25,3.9435601,yes,yes,60,1,1,0,1
29964,26,25,2.4840245,yes,yes,160,0,1,0,1
29996,23,25,3.3534834,no,yes,60,1,1,1,0
30002,26,25,3.3996856,no,yes,200,1,0,1,1
30006,24,25,3.2888489,no,yes,60,0,0,1,0
30014,30,25,4.3416367,no,yes,50,1,0,1,0
30092,21,25,3.4670389,no,no,60,0,0,0,1
30206,23,25,3.0371256,no,yes,30,1,0,1,1
30214,26,25,2.7474189,no,yes,40,0,1,1,1
30216,25,25,3.018311,no,yes,30,1,1,1,1
30220,22,25,3.3741033,no,yes,24,0,0,1,1
30234,24,25,3.0052035,no,no,27,0,0,0,1
30240,23,25,2.665659,no,no,60,0,0,0,1
30244,22,25,2.7403345,no,no,20,0,0,0,1
30262,25,25,3.5217209,no,yes,40,1,0,0,1
30276,21,25,3.1930234,no,yes,120,1,0,0,0
30308,21,25,3.7130811,no,no,50,0,0,1,1
30366,22,25,2.8957765,no,no,30,0,0,0,0
30378,21,25,2.4742501,no,no,40,0,0,0,1
30392,22,25,2.8980632,no,no,60,0,0,0,1
30398,26,25,2.4336476,no,yes,30,1,0,0,0
30410,23,25,2.8438201,no,no,60,0,0,0,1
30436,23,25,2.6997821,no,no,120,0,0,0,1
30440,23,25,4.0129824,no,no,40,1,0,0,1
30448,23,25,3.5930345,no,yes,60,1,0,1,1
30460,25,25,3.270689,no,no,40,0,0,1,0
30470,22,25,2.7839835,no,no,60,0,0,0,0
30634,23,25,3.2355044,no,yes,30,1,0,0,1
30858,26,25,3.7772722,no,yes,30,0,0,1,1
30972,27,24,2.8467743,no,yes,120,1,0,1,0
30998,23,24,3.023452,no,yes,130,1,0,0,0
31014,24,20,1.9349999,no,no,120,0,0,1,0
31114,28,24,2.56603,no,yes,90,0,0,0,1
31136,23,24,2.6250567,no,yes,140,1,0,1,0
31150,23,24,2.5736222,no,yes,60,0,0,1,1
31206,22,24,2.49878,no,yes,180,1,0,0,1
31230,24,24,2.9393754,no,yes,200,0,1,1,0
31238,25,24,2.8582709,no,no,60,0,0,1,0
31292,27,24,3.6276512,no,yes,135,0,0,0,1
31436,20,24,2.6830223,no,no,40,1,0,1,0
31796,24,24,3.8672733,no,yes,120,0,1,1,0
31886,24,23,2.76421,no,no,20,0,0,1,1
31888,27,23,3.249639,yes,yes,180,0,1,1,0
31894,25,23,2.6331034,no,yes,60,0,0,1,1
31922,26,23,2.7839034,no,yes,35,0,0,0,1
31936,25,23,2.4034512,no,yes,75,1,0,1,0
32004,22,23,3.53777,no,no,80,0,0,0,0
32320,22,23,4.5784731,no,yes,60,0,0,1,0
32590,28,23,2.6732466,no,yes,100,1,0,1,0
32722,22,23,2.6374743,no,yes,80,0,0,1,0
32728,19,23,2.8803453,no,no,30,0,0,0,0
32804,23,23,2.4055622,no,yes,75,1,0,1,1
33094,23,22,3.1238844,no,yes,45,1,0,0,1
33128,21,22,3.7385809,no,yes,80,1,0,1,1
33136,23,25,3.5382211,no,no,35,0,0,1,1
33278,20,22,2.275409,no,yes,180,0,0,1,0
33350,26,22,2.8910179,no,yes,120,1,0,1,1
33352,20,22,1.8107578,no,yes,120,1,0,0,0
33354,21,22,2.702929,no,yes,135,0,0,1,0
33366,25,22,3.2333767,no,yes,40,1,0,0,1
33406,28,22,2.5894167,no,yes,60,0,0,0,0
33410,25,22,2.6481922,yes,yes,14,1,1,0,0
33634,22,22,4.146771,no,yes,60,0,0,1,0
33664,19,22,3.6367931,no,no,60,0,0,1,0
33874,22,22,2.8625379,no,yes,24,0,0,0,0
33982,22,22,3.7792344,no,no,20,1,0,1,0
34110,29,22,2.5770199,yes,yes,50,1,1,1,0
34396,24,21,3.7040522,no,yes,40,0,0,0,1
34526,27,21,2.3073802,yes,yes,180,0,1,0,0
34542,21,21,3.2561066,no,no,30,0,0,0,0
34890,24,21,2.2445667,no,yes,200,1,0,1,0
34956,23,21,2.1504068,no,yes,16,0,0,0,1
35006,23,21,2.41485,no,yes,10,1,1,0,1
35144,20,25,3.5906289,no,no,60,0,0,1,1
35344,22,20,2.8727365,no,yes,60,0,0,1,0
35408,27,20,3.5163388,yes,yes,180,1,1,1,1
35760,24,20,3.7003267,no,yes,2.5999999,1,1,0,0
35822,27,20,3.5905633,no,yes,120,1,0,1,0
36032,22,19,2.3757291,no,yes,120,1,0,1,0
36060,24,19,2.2917278,no,yes,35,0,0,0,1
36288,25,19,2.84852,no,yes,30,1,0,1,1
36306,26,19,3.2344944,no,yes,80,1,0,0,1
36314,23,19,2.7280767,no,yes,75,1,0,1,0
36318,26,19,3.2498155,no,yes,120,0,0,0,1
36494,23,18,2.1946733,no,yes,40,0,0,0,1
36528,28,18,2.1318212,yes,yes,140,1,1,0,0
36676,21,18,2.6353345,no,no,135,0,0,0,0
36908,23,15,2.7428231,no,yes,60,1,0,0,0
37276,22,13,3.0966489,no,yes,90,0,0,1,1
37292,21,13,2.5126977,no,yes,180,0,0,0,0
37294,20,13,2.2425222,no,yes,80,0,0,1,0
37296,29,13,2.5851912,no,yes,80,1,0,1,1
37350,22,13,2.8080456,no,no,90,0,0,1,0
37358,23,13,1.9356611,no,yes,60,1,0,0,0
37588,23,12,2.7753832,no,no,90,0,0,0,0
37618,23,12,2.6357243,no,no,50,0,0,0,1
37784,19,12,2.465909,no,yes,105,0,0,1,0
37790,23,12,2.3680079,no,no,50,1,0,0,0
37796,22,12,2.1919377,no,no,30,0,0,1,1
37798,21,12,4.0997667,no,yes,20,1,0,1,1
37800,21,12,2.51531,no,no,30,0,0,0,1
37804,21,12,2.4997599,no,yes,120,0,0,1,0
37808,19,12,2.8858011,no,no,20,0,0,0,1
37812,26,12,2.5612578,no,yes,180,0,0,1,1
37824,19,12,2.687099,no,yes,20,0,0,0,1
37828,23,12,3.4578824,no,yes,60,1,0,1,0
37832,25,12,3.028671,no,no,50,0,0,0,1
37834,19,12,3.0439134,no,no,30,0,0,0,0
37836,21,12,2.3035901,no,no,210,0,0,1,0
37840,18,12,1.98746,no,yes,30,1,0,1,0
38008,24,11,4.0597401,no,yes,180,1,0,1,0
38010,22,11,2.8836322,no,no,2,0,0,0,1
38018,25,78,2.4711423,no,yes,120,0,0,1,0
38022,18,11,1.9928434,no,yes,20,0,0,1,0
38024,25,11,2.6940653,no,yes,40,1,0,0,0
38026,28,11,2.8192687,no,no,120,0,0,0,1
38028,21,11,4.081461,no,yes,20,1,0,0,1
38030,27,11,2.2042091,no,yes,240,1,0,0,0
38034,19,11,1.8545834,no,yes,40,1,0,0,0
38036,18,11,1.9276143,no,yes,120,1,0,1,0
38038,35,11,3.7505789,yes,yes,50,1,1,1,1
38040,22,11,2.4195065,no,yes,120,0,1,1,0
38042,20,11,2.1565979,no,yes,180,0,0,1,0
38044,19,11,2.0092111,no,no,165,1,0,0,0
38046,21,11,2.5232611,no,yes,180,0,0,1,0
38048,19,11,2.4725711,no,no,120,0,0,1,0
38050,23,11,3.8327944,no,no,200,1,0,1,0
38052,18,11,2.0711598,no,yes,90,0,0,1,0
38068,18,11,2.1992757,no,no,160,1,0,0,0
38070,18,11,2.1282835,no,yes,180,0,0,1,0
38074,27,11,2.3509421,yes,yes,140,0,1,1,0
38076,23,11,3.7066898,no,yes,60,1,0,0,0
38078,18,11,2.1222112,no,yes,120,1,0,1,0
38274,21,11,2.5270109,no,yes,80,0,0,1,0
38276,20,11,2.4789491,no,no,25,0,0,1,1
38290,21,11,2.2940667,no,yes,20,0,0,1,1
38300,20,11,2.8186612,no,no,35,0,0,1,0
38302,22,11,2.4542255,no,no,30,0,0,0,0
38320,20,11,2.593081,no,no,40,0,0,1,0
38326,22,11,2.9208155,no,no,40,0,0,1,0
38552,23,10,3.5765367,no,yes,30,1,0,1,0
38566,22,10,2.6179056,no,yes,300,0,1,1,1
38580,22,10,3.1737044,no,yes,150,0,0,0,1
38592,23,10,2.6633444,no,yes,60,0,0,1,0
38712,22,10,2.408632,no,yes,60,0,0,1,0
38714,21,10,2.7004857,no,no,45,0,0,1,0
38716,23,10,2.5683677,no,no,20,0,0,1,0
38718,21,10,2.4642091,no,no,40,0,0,0,1
38726,21,10,2.6812811,no,no,50,0,0,1,0
38728,20,10,2.5049443,no,no,30,0,0,1,0
38730,21,10,2.5032923,no,yes,30,0,0,1,0
38732,21,10,2.507771,no,no,40,0,0,0,1
38736,22,10,2.534219,no,no,50,0,0,0,0
38738,21,10,2.7872367,no,no,50,0,0,1,0
38742,21,10,2.5002377,no,yes,60,0,0,1,1
38760,20,10,2.6375744,no,no,40,0,0,0,0
38762,21,10,2.9764121,no,no,60,0,0,0,0
38768,20,10,2.5964656,no,no,20,0,0,0,1
38772,21,10,2.625809,no,no,30,0,0,1,1
38836,21,10,2.4412134,no,no,30,0,0,0,0
38840,21,10,2.555459,no,no,30,0,0,0,0
38842,19,10,2.0195177,no,yes,140,1,0,1,0
38848,21,10,2.5965521,no,no,35,0,0,0,0
38850,21,10,2.7639146,no,no,30,0,0,0,0
38854,24,10,2.4937277,no,no,24,0,0,0,0
38862,19,10,2.0092523,no,yes,20,0,0,1,0
38868,22,10,2.5090065,no,yes,93,1,0,0,1
38870,22,10,2.4790301,no,yes,40,1,0,0,1
38874,19,10,1.9677378,no,yes,240,1,0,0,0
38878,25,10,2.7521698,no,yes,180,0,0,1,1
38888,19,10,2.2233968,no,yes,240,0,0,0,0
38892,21,10,2.4173367,no,no,30,1,0,1,0
38896,18,10,2.0856776,no,yes,20,0,0,0,0
38898,22,10,2.3294411,no,yes,30,0,0,1,1
39048,22,10,2.6040044,no,yes,50,1,0,0,0
39078,21,10,3.6236777,no,yes,41,0,0,1,0
39086,28,10,2.7991424,no,no,180,0,0,0,1
39088,19,10,2.0711377,no,yes,140,0,0,1,0
39094,22,10,2.432162,no,yes,60,1,0,0,1
39096,25,10,2.4575953,no,yes,200,1,0,1,0
39098,22,10,2.4851246,no,yes,90,0,0,0,0
39110,20,10,2.3530378,no,no,24,0,0,1,0
39112,18,10,2.1679168,no,yes,120,0,0,0,1
39114,20,10,2.340101,no,no,60,0,0,0,0
39116,18,10,2.3208389,no,yes,90,0,0,0,1
39122,19,10,2.4148467,no,no,30,0,0,1,0
39128,19,10,2.2685077,no,no,40,0,0,1,0
39136,18,10,2.141531,no,yes,300,0,0,0,0
39144,18,10,2.307771,no,yes,135,0,0,1,0
39150,25,10,2.8164222,no,no,30,0,0,1,0
39158,19,10,2.1642709,no,yes,60,0,0,1,0
39162,18,10,2.0359499,no,no,100,0,0,1,0
39164,19,10,1.9574367,no,yes,60,1,0,0,0
39404,20,9,2.1452565,no,no,20,0,0,1,0
39420,18,9,2.2929022,no,no,30,0,0,1,0
39428,22,9,2.4581232,no,no,40,0,0,1,0
39430,22,9,2.5638165,no,yes,150,0,0,0,0
39440,21,9,2.3147888,no,no,35,0,0,0,0
39450,19,9,2.2553678,no,no,30,0,0,0,0
39454,18,9,2.1452613,no,no,40,0,0,0,0
39456,18,9,2.1758311,no,no,20,0,0,1,0
39458,21,9,2.0327144,no,yes,180,1,0,1,0
39466,19,9,2.3777688,no,yes,90,0,0,1,0
39472,19,9,2.0287876,no,yes,40,0,0,1,0
39474,20,9,2.31599,no,no,30,0,0,1,0
39478,22,9,2.4869344,no,yes,140,0,0,1,0
39488,23,9,2.8869355,no,no,16,0,0,0,1
39490,23,9,2.8580811,no,yes,80,1,0,0,0
39500,24,9,2.4607244,no,yes,110,1,0,0,1
39502,19,9,2.1813598,no,yes,180,0,0,1,0
39512,19,9,2.7819822,no,yes,120,0,0,1,0
39516,23,9,2.7643232,no,yes,90,0,0,0,1
39518,24,9,2.6246023,no,no,100,1,0,1,0
39524,21,9,2.1915989,no,yes,20,1,0,0,1
39526,21,9,2.5173833,no,no,120,0,0,0,0
39528,20,9,1.8804911,no,no,100,0,0,0,0
39530,21,9,2.7322366,no,yes,180,0,0,1,0
39534,28,9,4.0735111,no,yes,30,0,1,0,1
39540,20,9,3.392601,no,yes,180,1,0,0,0
39548,26,9,2.2523489,no,yes,120,0,0,0,1
39584,23,9,2.6117656,no,no,30,0,0,0,1
39596,21,9,2.5444555,no,no,40,0,0,1,0
39598,22,9,2.4739511,no,no,20,0,0,1,0
39600,24,9,2.2805846,no,no,30,1,0,1,1
39606,21,9,2.5622199,no,no,50,0,0,0,0
39614,21,9,2.5674856,no,no,30,0,0,0,0
39624,20,9,2.9942312,no,no,60,0,0,0,0
39626,21,9,2.5800779,no,yes,35,0,0,0,0
39628,21,9,2.4942834,no,no,14,0,0,0,0
39634,20,9,3.3516254,no,yes,28,0,0,0,0
39642,22,9,2.4048898,no,no,30,0,0,1,0
39648,21,9,2.3734176,no,yes,20,0,0,1,0
39654,22,9,2.5910888,no,no,10,0,0,1,0
39658,20,9,2.5237601,no,no,30,0,0,1,0
39660,20,9,2.43363,no,yes,20,0,0,1,0
39664,20,9,2.6791098,no,yes,22,0,0,1,0
39666,20,9,2.6013832,no,no,20,0,0,1,0
39748,22,9,2.5558746,yes,yes,60,0,1,1,0
39752,24,9,3.3266854,no,no,100,0,0,0,1
39754,21,9,2.9838223,no,yes,40,1,0,0,1
39778,22,9,2.9864833,no,no,40,0,0,0,1
39794,21,9,3.0780644,no,no,40,1,0,0,0
39798,18,9,1.9838089,no,yes,30,1,0,0,0
39938,23,9,2.7840788,no,yes,60,0,0,0,1
39942,28,9,2.2076132,yes,yes,100,1,1,1,1
39948,23,9,2.6449299,no,no,30,0,0,1,1
39954,24,9,2.6786146,no,no,60,0,1,1,1
39966,25,9,2.6237688,no,no,45,0,1,1,1
39972,23,9,2.5542045,no,yes,40,0,0,0,0
39990,24,9,2.6146433,no,yes,40,1,0,1,0
39994,20,9,2.9200311,no,yes,60,0,0,0,0
40000,23,9,2.3360267,no,no,60,1,0,0,1
40002,20,9,2.7420344,no,yes,30,0,0,1,0
40008,20,9,2.6680057,no,yes,120,1,0,0,0
40018,22,9,2.4765911,no,yes,120,0,0,0,1
40034,19,9,2.4618301,no,yes,300,0,0,1,0
40044,23,9.5,2.3107138,no,yes,180,0,0,0,1
40062,23,9,2.2496743,no,yes,170,0,1,1,0
40068,22,9,2.2646167,no,yes,65,1,0,0,0
40076,24,9,2.0681224,no,yes,140,1,0,1,0
40078,22,9,2.84038,no,yes,30,0,0,1,0
40156,19,8,2.5676298,no,yes,20,1,0,1,1
40162,21,8,2.5025301,no,yes,120,0,0,1,1
40164,22,8,2.7391,no,yes,180,0,0,1,0
40174,28,8,2.4065824,yes,yes,30,1,1,1,1
40178,23,8,2.4487643,no,yes,80,1,0,0,1
40182,21,8,2.0804245,no,no,40,1,0,1,0
40188,20,8,2.4512856,no,no,30,0,0,1,1
40192,23,8,2.4117811,no,yes,180,1,0,1,0
40216,24,25,3.134959,no,no,30,0,0,1,1
40312,23,8,2.4896567,no,yes,20,0,0,1,1
40316,25,8,2.5293367,no,yes,60,0,0,1,0
40318,23,8,2.6573532,no,yes,60,0,0,0,0
40320,25,8,3.1419656,yes,yes,30,0,1,1,1
40322,24,8,2.4230156,no,yes,80,0,0,1,0
40328,22,8,2.8085544,no,yes,40,1,0,0,0
40334,23,8,3.0268366,no,yes,200,0,0,1,0
40336,25,8,1.8216889,no,yes,120,1,0,1,1
40342,23,8,2.5596123,no,no,120,0,0,0,1
40344,22,8,2.0979366,no,yes,120,0,1,1,0
40346,22,8,2.3013978,no,yes,120,0,0,1,0
40352,23,8,2.51021,no,no,50,1,0,0,1
40444,34,8,4.5790925,yes,yes,240,1,1,1,0
40456,23,8,2.9682412,no,yes,40,1,0,1,1
40472,25,8,2.7997401,no,yes,90,0,0,1,0
40490,21,8,2.2997365,no,yes,200,1,0,1,0
41082,18,7,2.5007055,no,no,35,0,0,1,0
41100,23,7,2.6378334,no,yes,140,0,0,0,0
41116,23,7,2.7402666,no,no,150,1,0,1,0
41128,22,7,2.4057565,no,yes,120,0,0,1,0
41140,29,7,2.4869277,no,yes,90,1,1,0,1
41142,24,7,2.5200422,no,no,90,0,0,0,1
41156,20,7,2.4484098,no,yes,60,0,0,0,0
41274,21,6,2.30598,no,yes,60,0,0,0,0
41278,24,6,2.3615975,no,yes,20,0,0,0,1
41286,23,6,2.2320545,no,yes,60,1,0,1,1
41296,18,6,2.4690301,no,no,40,0,0,1,0
41298,25,6,2.215189,no,yes,90,1,0,1,0
41304,22,6,2.3107343,no,yes,2,1,0,0,0
41306,20,6,2.3874621,no,no,30,0,0,1,0
41308,24,6,2.4447365,no,no,30,0,1,0,0
41316,20,6,2.4150779,no,no,30,0,0,1,0
41318,22,6,2.8944988,no,yes,150,0,0,1,0
41320,22,6,2.0357277,no,yes,160,1,0,1,0
41332,22,6,2.2184744,no,yes,70,1,0,1,0
41334,23,6,2.3744655,no,yes,120,0,0,0,0
41340,25,6,2.0534735,no,yes,60,1,1,0,1
41344,24,6,2.2516668,no,yes,40,1,0,0,1
41736,22,6,2.2245467,no,no,40,0,0,0,0
41754,22,6,1.9151045,no,no,50,0,0,1,1
41780,23,6,2.2691445,no,no,47,0,0,0,1
41812,23,6,2.3839755,no,no,32,0,0,0,0
41814,22,6,2.0923011,no,no,30,0,0,0,1
41818,23,6,1.5676389,no,yes,40,0,0,1,1
41846,21,6,2.2940457,no,no,20,0,0,0,1
42096,23,5,1.9338323,no,yes,60,1,0,0,0
42098,21,5,2.1436677,no,yes,20,0,0,0,0
42104,21,5,2.0368733,no,yes,20,0,0,1,0
42108,23,5,2.180999,no,yes,165,1,0,1,0
42110,23,5,2.3355234,no,yes,60,0,0,1,0
42112,22,5,2.2019689,no,yes,60,1,0,0,1
42120,20,5,2.1931677,no,no,40,0,0,1,0
42136,21,5,2.3101499,no,yes,60,0,0,1,0
42140,25,5,2.0991511,yes,yes,120,1,1,1,0
42146,21,5,2.6055667,no,yes,155,1,0,1,0
42152,25,5,2.2796545,no,yes,120,1,0,1,0
42308,23,5,2.1777735,no,yes,190,0,1,1,1
42314,24,5,1.7768145,no,no,20,1,0,0,1
42350,27,5,2.1230488,no,yes,90,1,1,0,1
42578,22,4,2.3495045,no,no,20,1,0,1,1
42584,21,4,2.4338334,no,yes,25,0,0,0,0
42590,22,4,2.4269979,no,yes,90,1,0,1,0
42592,23,4,2.1660967,no,yes,120,0,0,0,0
42594,20,4,2.0382111,no,yes,90,0,0,0,0
42614,20,4,2.1441312,no,yes,60,0,0,1,0
42618,22,4,2.4991667,no,yes,30,1,0,1,1
42624,23,4,2.1169591,no,yes,180,0,0,1,0
42626,22,4,2.1080043,no,no,40,0,0,1,0
42628,22,4,2.6698179,no,yes,140,1,0,1,0
42632,21,4,2.1365278,no,yes,210,0,0,1,0
42634,20,4,2.3890445,no,yes,20,1,0,1,1
42682,22,4,2.2165678,no,yes,240,0,1,1,0
43254,21,3,2.0256157,no,yes,120,0,0,0,1
43258,22,3,2.5343001,no,yes,180,1,0,1,0
43264,22,3,2.1834314,no,yes,210,1,0,1,1
43266,20,3,2.4405427,no,no,40,0,0,1,1
43270,25,3,2.6007185,no,yes,180,0,0,1,0
43272,20,3,2.5328286,no,no,20,0,0,0,0
43278,23,3,1.8964972,no,yes,120,0,0,1,1
43280,22,3,2.16099,no,yes,20,0,0,0,1
43282,23,3,2.2363343,no,yes,65,1,0,1,0
43286,20,3,2.3404601,no,yes,20,0,0,1,0
43288,21,3,2.3061087,no,yes,105,1,0,1,0
43304,22,3,1.8463442,no,no,25,0,0,0,1
43310,22,3,2.5656571,no,no,30,0,0,1,1
43500,27,3,2.6960227,yes,yes,120,0,1,1,1
43502,23,3,2.4590571,no,no,25,0,0,0,1
43514,23,3,2.4673429,no,yes,80,1,0,0,1
43518,24,3,2.4029028,no,no,180,1,0,0,0
43520,23,3,1.6894429,no,yes,80,1,0,0,1
43524,24,3,2.34497,no,yes,140,1,0,1,0
43526,24,3,2.0019844,no,no,220,0,0,1,0
43528,22,3,2.0830257,no,yes,120,1,0,0,1
43530,21,3,2.2051158,no,no,80,1,0,0,0
43532,18,3,2.4022157,no,no,20,0,0,0,0
43534,23,3,2.3380985,no,yes,180,1,0,1,1
43538,27,4,2.2302721,yes,yes,90,0,1,0,1
43542,28,4.5,1.9261174,yes,yes,30,0,1,0,0
43556,26,3.5,2.3313868,no,yes,40,0,1,0,0
43564,29,4,2.1736722,yes,yes,30,0,1,1,0
43568,22,4,2.065238,no,yes,30,0,0,0,0
43570,18,3.5,2.4264233,no,yes,180,1,0,1,0
43926,22,3,2.8931179,no,yes,50,1,0,1,0
43928,22,4,2.0455067,no,yes,20,0,0,0,1
43932,22,4,2.0495067,no,no,20,0,0,1,1
43946,24,3,2.2705519,no,yes,120,0,0,1,0
43952,24,3,2.2289779,no,yes,140,0,0,0,1
44236,22,2.5,1.7560683,no,yes,90,0,0,0,1
44238,24,2.5,2.4825802,no,yes,30,0,0,0,1
44248,22,2.5,2.193135,no,no,3,1,0,0,0
44250,19,2.5,1.6848617,no,no,60,0,0,1,0
44254,24,2.5,1.7204667,no,yes,60,0,1,1,1
44256,21,2.5,1.8639133,no,yes,120,0,0,1,0
44266,19,2.5,2.1462648,no,yes,55,1,0,1,0
44276,21,2.5,1.8383517,no,yes,60,0,0,1,1
44278,20,2.5,1.7550284,no,no,20,0,0,0,0
44280,24,2.5,1.9355867,no,no,110,1,0,1,1
44282,20,2.5,1.9008915,no,yes,240,0,0,1,0
44286,22,2.5,1.7338101,no,no,95,0,0,1,0
44288,23,2.5,1.8778965,no,no,40,0,0,1,0
44398,22,2.5,1.7807182,no,yes,120,1,0,1,0
44400,28,2.5,2.0650983,yes,yes,40,0,1,1,0
44408,22,2.5,1.6431301,no,yes,180,0,0,1,0
44412,18,2.5,1.2351917,no,yes,180,0,0,0,0
44414,22,2.5,1.8320867,no,no,120,0,0,0,1
44782,23,2,2.7881098,no,yes,60,1,0,1,0
44784,31,2,2.4996901,no,yes,30,1,0,1,1
44794,23,3,2.4931734,no,yes,40,1,0,1,0
44800,25,2,2.74229,no,yes,120,1,0,1,1
44808,22,2,2.4890897,no,no,120,1,0,1,0
45206,25,2,1.4830899,no,yes,180,1,0,0,1
45230,22,2,1.601506,no,yes,120,0,0,0,0
45232,18,2,1.467738,no,no,60,0,0,1,1
45238,22,2,1.6785461,no,yes,40,1,0,1,0
45240,20,2,1.352266,no,no,40,0,0,0,0
45254,23,2,1.908324,no,yes,210,1,0,0,1
45270,21,2,1.4796121,no,no,20,0,0,0,0
45442,22,2.5,2.4788702,no,yes,40,1,0,1,0
45730,22,1.5,1.7010175,no,no,100,0,0,1,0
45732,21,1.5,1.6412076,no,no,90,1,0,0,0
45734,21,1.5,1.2982326,no,no,90,0,0,1,0
45746,23,1.5,1.7275676,no,no,60,0,0,0,0
45750,22,1.5,1.6346575,no,yes,140,1,1,1,0
45758,20,1.5,1.7030776,no,yes,10,1,0,0,0
45760,22,1.5,1.67313,no,yes,60,1,0,0,0
45764,28,1.5,1.71726,no,yes,60,1,0,1,0
45772,21,1.5,1.648035,no,no,80,0,0,1,0
45778,25,1.5,1.7218449,no,no,120,1,0,0,0
45780,21,1.5,1.6482249,no,yes,30,0,0,1,0
45784,23,1.5,1.6972851,no,yes,70,1,0,1,1
45786,19,1.5,1.4980575,no,no,43,0,0,0,1
45790,20,1.5,1.514765,no,no,25,0,0,0,1
45834,20,1.5,1.3220274,no,no,80,0,0,1,0
45856,22,1.5,1.3680625,no,yes,80,0,0,0,0
45862,18,1.5,1.230625,no,yes,180,1,0,1,0
46004,24,2,2.1138501,no,yes,6,1,0,0,0
46006,25,2,1.86586,no,yes,60,1,1,1,1
46008,22,1.5,1.8390501,no,no,50,1,0,1,0
46010,25,25,1.328755,no,no,30,0,0,0,1
46016,19,1.5,1.4504375,no,yes,30,0,0,1,0
46018,17,1.5,1.20444,no,no,30,0,0,0,0
46022,17,1.5,1.21079,no,no,30,0,0,1,0
46026,19,1.5,1.442155,no,yes,60,0,0,1,1
46034,17,1.5,1.255515,no,yes,50,0,0,1,0
46036,20,1.5,1.3746525,no,yes,30,0,0,1,0
46044,21,1.5,1.6189051,no,no,70,0,0,1,0
46046,22,1.5,1.344785,no,yes,65,1,0,0,0
46050,19,1.5,1.4123526,no,no,30,0,0,0,0
46058,22,1.5,1.401275,no,no,40,0,0,0,0
46060,20,1.5,1.4131875,no,yes,80,0,0,1,0
46066,17,1.5,1.253765,no,yes,50,0,0,0,0
46070,24,1.5,1.3811799,no,yes,150,1,0,1,1
46074,22,1.5,1.3831799,no,yes,60,0,0,0,0
46476,19,1,1.62701,no,yes,90,0,0,1,1
46478,18,1,1.3734667,no,yes,25,0,0,0,0
46494,18,1,1.4149433,no,yes,24,0,0,1,0
46502,19,1,1.3734667,no,yes,40,0,0,1,0
46510,17,1,1.3684666,no,no,60,0,0,1,0
46536,20,1,1.4504499,no,no,36,0,0,1,0
46538,19,1,1.4036967,no,no,40,0,0,1,0
46540,18,1,1.3841,no,no,40,0,0,0,0
46542,18,1,1.375,no,no,30,1,0,1,0
46546,22,1,1.5264367,no,yes,120,0,0,0,1
46632,18,1,1.6285033,no,yes,120,0,0,1,0
46638,27,25,1.62655,yes,no,180,0,1,0,1
46642,21,1,2.0104599,no,no,40,1,0,0,0
46644,23,1.5,2.5977399,no,no,80,0,0,0,0
46650,24,1,2.0237932,no,no,90,1,0,1,0
47184,26,.5,3.335,no,yes,110,0,0,0,1
47186,19,.5,1.36,no,no,60,0,0,0,0
47188,17,.5,1.36,no,no,40,0,0,0,0
47194,17,.5,1.36,no,yes,40,1,0,1,0
47198,22,.5,1.5599999,no,no,60,0,0,1,0
47200,21,.5,1.5525,no,no,30,0,0,0,0
47216,20,.5,1.5525,no,no,40,0,0,1,0
47240,17,.5,1.36,no,no,20,1,0,1,0
47254,24,.5,1.5599999,no,no,20,0,0,1,1
47268,21,.5,1.603705,no,yes,60,0,0,1,0
47270,19,.5,1.483705,no,no,120,0,0,0,0
47272,23,.5,1.989655,no,no,20,1,0,1,1
47274,24,25,1.989655,no,yes,40,1,0,0,1
47276,23,.5,1.989655,no,yes,40,1,0,1,0
47278,28,.5,1.645515,no,yes,100,1,0,0,0
47280,19,.5,1.6173249,no,no,50,1,0,0,0
47282,26,1,2.00103,no,yes,140,1,0,0,0
47284,20,.5,1.650085,no,yes,120,0,0,1,0
47286,19,.5,1.530255,no,no,120,0,0,1,0
47288,19,.5,1.6417199,no,no,110,1,0,0,0
47294,20,.5,1.485255,no,yes,90,0,0,1,0
47296,20,.5,1.49172,no,yes,150,0,0,1,1
47304,25,.5,1.5071551,no,no,40,1,0,0,0
47310,20,.5,1.45077,no,yes,180,0,0,0,0
47312,22,.5,1.49422,no,yes,120,0,0,1,0
47314,18,.5,1.2992251,no,yes,60,0,0,1,0
47322,20,.5,1.2971851,no,yes,30,0,0,0,1
47324,22,.5,1.4287051,no,no,140,1,0,0,1
47328,22,.5,1.3052551,no,yes,30,0,0,0,0
47330,23,.5,1.485255,no,no,40,0,0,1,0
47534,23,.5,1.248795,no,yes,180,0,0,0,0
47552,21,.5,1.238795,no,yes,140,1,0,0,0
47648,20,.5,1.216895,no,yes,120,1,0,1,0
47650,19,1,1.725,no,yes,60,0,0,0,0
47652,21,1,1.6849999,no,yes,90,0,0,0,0
48028,26,0,1.34034,no,no,40,0,0,0,1
48032,29,0,1.3103399,no,yes,60,0,0,0,0
48036,18,0,1.24137,no,no,170,1,0,0,0
48040,23,0,1.34034,no,yes,90,1,0,1,1
48042,21,0,1.34034,no,yes,90,1,0,1,1
48046,26,0,1.27586,yes,yes,180,0,1,0,0
48054,23,0,1.3103399,no,yes,90,1,0,1,0
48056,21,0,1.34034,no,no,110,1,0,1,1
48058,20,0,1.3103399,no,yes,55,1,0,1,0
48060,22,0,1.3103399,no,no,120,0,0,0,0
48066,22,0,1.34034,no,no,120,0,0,1,1
48068,22,0,1.3103399,no,yes,220,0,0,1,1
48072,21,0,1.3103399,no,yes,180,1,0,0,1
48074,23,0,1.24137,no,no,150,0,0,1,0
48076,19,0,1.3103399,no,no,20,0,0,0,0
48078,23,0,1.34034,no,yes,4,0,0,1,1
48080,22,0,1.24137,no,yes,30,1,0,0,0
48088,20,0,1.3103399,no,yes,120,1,0,1,1
48094,21,0,1.3103399,no,yes,190,1,0,1,0
48096,23,0,1.3103399,no,yes,90,0,0,0,0
48100,21,0,1.3103399,no,yes,90,0,0,0,0
48120,25,0,.99052,no,yes,60,0,1,1,0
48122,20,0,1.2665501,no,yes,40,0,0,0,0
48124,23,0,1.0505201,no,yes,50,0,0,1,0
48130,21,0,1.19742,no,yes,120,0,0,0,1
48138,26,0,1.12552,no,no,40,1,0,0,1
48372,24,0,.62068999,no,yes,50,0,0,1,0
48378,18,0,.62068999,no,yes,160,1,0,0,0
48382,22,0,.62068999,no,no,80,1,0,0,0
48386,18,0,.53793001,no,yes,120,1,0,1,0
