personid,age,tenure,grosswage,children,bedroom,commute,men,married,volunteer,high_educ,perform1,expgroup,phonecall,phonecallraw,treatment,experiment_treatment,experiment_control,experiment_nantong,homethatweek,experiment_home,logphonecall,logcallpersec,logcalllength,logcall_dayworked,logdaysworked,wage_month,experiment_treatment_commute120
3906,33,96,2.7375467,yes,yes,180,0,1,1,0,.21410041,1,,,1,.5625,0,0,.515625,.484375,,,,,1.2620744,201055.28,.5625
4122,30,94,4.0962458,no,no,180,0,0,0,0,.30980062,1,.32543653,501.53488,1,.43023255,0,0,.44186047,.43023255,6.1360617,-5.2050123,11.341074,9.5614252,1.779649,201043.88,.43023255
4448,35,92,4.2692962,yes,yes,100,0,1,1,0,.46972069,0,,,0,0,.40963855,0,0,0,,,,,1.3170733,201041.7,0
4942,27,82,5.2953954,no,yes,160,0,1,1,0,.37446463,1,,,1,.41666666,0,0,.44047618,.41666666,,,,,1.5310111,201042.45,.41666666
4944,25,82,4.4770112,no,yes,180,0,0,0,1,-1.2650757,2,,,0,0,0,0,0,0,,,,,,201106.78,
5018,29,82,1.3875899,yes,yes,240,0,1,1,0,-.55390644,1,,,1,.64912283,0,0,.66666669,.64912283,,,,,1.4746902,201064.27,.64912283
5560,29,79,4.420188,yes,yes,50,1,1,0,1,.98249477,2,,,0,0,0,0,0,0,,,,,,201016.33,
5614,32,79,3.8260088,no,yes,80,1,1,0,0,.38519761,1,,,1,.42682928,0,0,.43902439,.42682928,,,,,1.7681068,201043.22,0
5742,26,78,6.7337432,no,yes,60,0,1,0,0,-.49792489,2,,,0,0,0,0,0,0,,,,,,201104.78,
5784,31,78,2.9404178,no,yes,160,0,0,0,1,-1.9720618,2,-4.20821,0,0,0,0,0,0,0,,,,,,201044.34,
6162,31,77,3.8107321,no,yes,120,0,0,0,0,.62544405,2,,,0,0,0,0,0,0,,,,,,201039.66,
6278,32,77,2.9187889,yes,yes,170,0,1,1,1,-.071278505,0,.00069613883,464.31818,0,0,.52941179,0,0,0,5.9012103,-5.1330738,11.015788,9.5247002,1.4249827,201052.28,0
6300,33,76,3.3604422,no,yes,80,1,0,0,1,-.88474745,2,,,0,0,0,0,0,0,,,,,,201085.59,
6342,30,76,3.923372,yes,yes,120,0,1,0,0,-.21813078,2,-.042509474,490.04285,0,0,0,0,0,0,6.1261711,-5.2388415,11.365012,,,201046.13,
6344,27,76,4.5168571,yes,yes,120,0,1,0,0,1.1629599,2,,,0,0,0,0,0,0,,,,,,201078.73,
6362,29,82,4.8947082,yes,yes,200,0,1,1,0,.095395379,0,,,0,0,.42857143,0,0,0,,,,,1.5671996,201043.53,0
6364,26,82,6.2207456,yes,yes,180,0,1,1,0,.66812456,0,,,0,0,.43023255,0,0,0,,,,,1.5647959,201043.88,0
6924,22,73,4.9445286,no,yes,110,0,0,0,0,.32572991,2,,,0,0,0,0,0,0,,,,,,201002,
7068,28,72,4.3418241,no,yes,40,0,1,1,1,-.29686597,0,,,0,0,.43023255,0,0,0,,,,,1.5730547,201043.88,0
7076,30,72,2.66415,yes,yes,120,0,1,1,1,.15524414,0,,,0,0,.546875,0,0,0,,,,,1.5382711,201054.81,0
7132,22,72,3.6314757,no,yes,50,0,0,0,0,-.30780247,2,.11513694,516.07318,0,0,0,0,0,0,6.1485705,-5.2267785,11.375349,,,201059.36,
7184,27,71,4.2302675,no,yes,120,0,1,0,0,1.4888654,2,,,0,0,0,0,0,0,,,,,,201022.17,
7454,24,70,2.0513732,no,yes,85,0,1,0,1,-.32874599,2,,,0,0,0,0,0,0,,,,,,201036.94,
7488,25,70,3.0722089,no,yes,240,0,0,0,0,.79276234,1,,,1,.41249999,0,0,.40000001,.40000001,,,,,1.546797,201041.88,.41249999
7720,25,70,3.0483878,no,yes,180,0,0,1,1,-.55909312,0,-.61424142,366.1091,0,0,.53623188,0,0,0,5.7807555,-5.3443942,11.094154,9.5349989,1.5056034,201053.3,0
7820,28,70,3.5054533,yes,yes,180,1,1,0,1,-1.4314446,2,,,0,0,0,0,.14285715,.14285715,,,,,,201107,
8522,30,66,4.1922421,yes,yes,120,0,1,1,0,.16413018,0,,,0,0,.42857143,0,0,0,,,,,1.1997583,201043.63,0
8834,22,66,3.6427166,no,no,60,0,0,1,0,.54365903,0,.4656558,560.45123,0,0,.43023255,0,0,0,6.2879848,-5.1700363,11.458021,9.6510239,1.7565598,201043.88,0
8854,22,66,4.2592611,no,yes,60,0,0,0,0,.78352249,1,.86759287,670.55408,1,.4512195,0,0,.41463414,.41463414,6.4703894,-4.9883566,11.458746,9.6447382,1.7515757,201045.94,0
8858,23,25,4.3171253,no,yes,90,0,0,0,1,-2.1024585,2,-1.9126401,181.25,0,0,0,0,0,0,5.1191359,-5.1157017,10.234838,,,201004.25,
8980,25,65,1.9734234,no,yes,120,0,0,1,0,-.1582789,1,,,1,.13043478,0,0,.13043478,.086956523,,,,,1.3732821,201014.22,0
9070,23,66,4.0421543,no,yes,60,0,0,0,1,.98128611,2,,,0,0,0,0,0,0,,,,,,201040.09,
9106,23,25,3.6806667,no,yes,20,0,0,0,1,-1.3752114,2,,,0,0,0,0,0,0,,,,,,201022.83,
9460,23,65,5.8756423,no,yes,40,0,0,0,0,1.0349606,2,,,0,0,0,0,0,0,,,,,,201024.27,
9710,33,64,3.9029267,no,yes,120,0,1,1,0,-.45641902,0,,,0,0,.40243903,0,.14634146,.13414635,,,,,1.627872,201040.97,0
10024,26,63,3.3279943,yes,yes,230,0,1,0,1,.42366776,2,.27699986,489.47916,0,0,0,0,0,0,6.1630554,-5.2248659,11.387921,,,201056.55,
10098,28,63,4.3152037,yes,yes,180,0,1,1,1,.023957172,0,.0072102821,435.60785,0,0,.039215688,0,0,0,5.9910665,-5.130168,11.121235,9.6462717,1.4749633,201006.14,0
10226,22,62,3.3343222,no,no,60,0,0,1,0,-.23555507,1,,,1,.43373495,0,0,.44578314,.43373495,,,,,1.7707754,201044.03,0
10356,27,62,3.7967179,no,yes,60,1,0,0,1,.20734701,1,.27657297,492.19766,1,.43023255,0,0,.43023255,.43023255,6.1300235,-5.088078,11.218102,9.43505,1.7830522,201043.88,0
10450,27,61,4.5207467,no,yes,180,0,0,0,1,-1.2880415,2,,,0,0,0,0,0,0,,,,,,201029,
10794,32,60,4.1691942,yes,yes,120,0,1,1,0,1.0645545,1,,,1,.43023255,0,0,.43023255,.41860464,,,,,1.2863925,201043.88,0
10822,26,60,2.9962699,no,yes,70,0,1,1,0,.76619703,1,,,1,.22033899,0,0,.25423729,.22033899,,,,,1.2273915,201020.92,0
10868,30,60,1.4717622,yes,yes,130,0,1,0,0,-.67711025,2,-.15767434,471.02704,0,0,0,0,0,0,6.0807638,-5.2277045,11.308468,,,201091.7,
11348,25,59,2.7525179,yes,yes,120,0,1,1,0,-.87167859,0,,,0,0,.44999999,0,0,0,,,,,1.5298761,201045.66,0
11362,27,59,3.9455733,yes,yes,180,0,1,0,0,.0074828868,2,,,0,0,0,0,0,0,,,,,,201046.97,
11390,31,59,4.7715454,no,yes,60,1,1,1,0,.73601228,0,,,0,0,.44047618,0,0,0,,,,,1.2020348,201044.78,0
11582,22,58,3.71543,no,yes,50,0,0,0,0,-.60433602,2,-.29519406,448.32001,0,0,0,0,0,0,6.0541229,-5.1519995,11.206122,,,201042.86,
11814,24,58,5.9308381,no,yes,50,0,0,0,0,.9473595,2,,,0,0,0,0,0,0,,,,,,201040.13,
11868,30,57,2.7679133,no,yes,120,1,0,1,1,-.2734085,1,,,1,.43529412,0,0,.44705883,.43529412,,,,,1.5814469,201044.31,0
11870,28,57,3.38325,no,yes,20,0,0,0,0,-.12035241,2,,,0,0,0,0,0,0,,,,,,201104.59,
11896,29,57,3.5289278,yes,yes,120,1,1,0,1,-.18798688,2,,,0,0,0,0,.1,.1,,,,,,201044.8,
12150,33,57,2.9225345,yes,yes,150,0,1,0,1,-.29566905,2,-.34754509,421.32144,0,0,0,0,0,0,6.0150032,-5.1549959,11.169999,,,201006.72,
12306,24,56,3.4949443,no,yes,180,1,0,1,0,-.90044886,0,,,0,0,.42857143,0,.20238096,.20238096,,,,,1.3453622,201043.63,0
12350,29,56,4.3548565,yes,yes,180,1,1,0,0,.85428452,2,,,0,0,0,0,0,0,,,,,,201041.34,
12426,30,56,2.8134468,no,yes,60,0,1,1,1,-.78303134,0,-.84604859,471.27777,0,0,.037037037,0,0,0,5.7936683,-5.1142049,10.907873,9.4043388,1.3898704,201009.3,0
12896,26,54,4.3952889,no,yes,150,0,1,1,1,.28770626,0,,,0,0,.41666666,0,0,0,,,,,1.2544842,201043.55,0
12974,22,54,3.8363302,no,yes,20,0,0,0,0,.17718819,1,.18036717,515.79749,1,.43023255,0,0,.43023255,.41860464,6.0486059,-5.2300177,11.278624,9.4656601,1.7606145,201043.88,0
13056,28,54,2.136348,no,yes,60,1,0,0,0,-1.8538533,2,-1.8255085,260.02856,0,0,0,0,0,0,5.5076375,-4.8205075,10.328145,,,201006.31,
13118,22,54,2.8010588,no,yes,125,1,0,0,1,-1.0353413,2,,,0,0,0,0,.079999998,.079999998,,,,,,201037.66,
13484,25,53,2.7452157,no,yes,90,0,0,0,1,-.22770409,2,-.097154096,448.64706,0,0,0,0,0,0,6.0748696,-4.9792438,11.054113,,,201006.36,
13486,23,53,2.3599699,no,yes,10,1,0,0,0,-2.3347383,2,-4.20821,0,0,0,0,0,.05882353,.05882353,,,,,,201005.86,
13530,29,53,2.9978867,no,yes,100,1,0,1,0,-.14533298,1,,,1,.43373495,0,0,.44578314,.43373495,,,,,1.7751291,201044.05,0
13574,30,53,4.1970549,yes,yes,190,1,1,1,1,1.5507771,1,,,1,.095238097,0,0,.11904762,.095238097,,,,,1.1939148,201005.86,.095238097
13710,30,52,3.8624947,yes,yes,120,1,1,1,1,.20901778,0,,,0,0,.42352942,0,0,0,,,,,1.3235114,201043.17,0
13980,28,51,4.4680867,no,yes,120,0,0,0,0,.76270556,0,.5954836,583.18292,0,0,.43023255,0,0,0,6.3031688,-5.1379676,11.441136,9.6618185,1.7280476,201043.88,0
14048,28,51,3.6995213,yes,yes,180,0,1,1,0,.45927727,1,.44129801,480.42856,1,.44047618,0,0,.011904762,.011904762,6.1371164,-5.1829281,11.320045,9.6896696,1.6303747,201044.69,.44047618
14220,28,51,2.7996411,yes,yes,240,1,1,1,0,.81290221,0,.99585742,576.29688,0,0,.25,0,0,0,6.2965569,-4.9562597,11.252816,9.6367903,1.616026,201024.34,0
14266,26,51,3.0967278,no,yes,60,0,1,0,0,-.037783451,2,3.0745753e-06,459.25,0,0,0,0,0,0,6.0960746,-5.0675287,11.163604,,,201045.41,
14374,28,50,3.3623633,no,yes,2.5,0,0,1,1,-.062307667,0,,,0,0,.43373495,0,.012048192,.012048192,,,,,1.5964023,201044.08,0
14382,26,50,5.1260633,yes,yes,190,0,1,1,1,.80924076,0,,,0,0,.42857143,0,0,0,,,,,1.3223917,201043.66,0
14384,32,50,3.6653888,no,yes,180,0,0,1,1,.12212133,0,,,0,0,.42352942,0,0,0,,,,,1.2421886,201043.17,0
14522,29,50,3.4024889,no,yes,40,1,0,1,0,-.89110357,1,-.73124737,321.94736,1,.40789473,0,0,.40789473,.40789473,5.7490344,-5.3342881,11.083323,9.3226357,1.7606863,201040.88,0
14528,28,50,2.6626198,yes,yes,65,0,1,1,0,.51219982,1,.40758133,497.17911,1,.51428574,0,0,.44285715,.44285715,6.0659394,-5.0595798,11.125519,9.559042,1.5290489,201051.2,0
14532,26,50,2.9423811,no,yes,120,0,0,1,0,.38056335,1,,,1,.42352942,0,0,.43529412,.41176471,,,,,1.2565542,201043.16,0
14556,26,50,3.7961645,yes,yes,120,0,1,1,1,1.1000512,0,,,0,0,.17857143,0,0,0,,,,,1.5254772,201016.7,0
14678,26,50,3.7973533,no,yes,60,1,1,1,1,-.51526737,1,,,1,.44999999,0,0,.46250001,.44999999,,,,,1.6359912,201046.47,0
14682,23,50,3.9770288,no,yes,80,1,0,0,0,-.72426051,2,-2.0931504,151.44444,0,0,0,0,0,0,4.9734054,-5.1352477,10.108653,,,201036.98,
14724,24,50,5.9590802,no,yes,30,1,0,0,1,1.7513659,2,,,0,0,0,0,0,0,,,,,,201019.86,
14734,25,50,5.2125001,no,yes,50,1,0,0,1,.18580526,2,,,0,0,0,0,0,0,,,,,,201005.47,
14926,28,50,4.9257622,no,yes,20,1,0,0,1,.85812712,2,,,0,0,0,0,0,0,,,,,,201037.83,
15294,25,49,3.7159467,no,yes,80,0,0,1,0,.78155005,1,,,1,.43023255,0,0,.43023255,.41860464,,,,,1.5438846,201043.88,0
15444,27,49,3.27178,no,yes,120,0,1,1,1,.010197232,0,-.053755008,457.98181,0,0,.5,0,0,0,6.083652,-5.2202353,11.191401,9.6066971,1.5176535,201049.78,0
15452,26,49,2.6629901,no,yes,30,1,0,0,1,-.0047191037,2,,,0,0,0,0,0,0,,,,,,201040.92,
15704,27,48,2.8402689,no,yes,150,0,1,0,0,-.19202797,2,-.25707641,431.19446,0,0,0,0,0,0,6.0280733,-5.1349111,11.162984,,,201043.91,
15862,26,48,3.8316634,no,yes,80,0,0,0,1,-1.2074538,2,,,0,0,0,0,0,0,,,,,,201006.56,
16104,28,44.5,3.7076747,no,yes,120,1,1,0,0,-1.1149037,2,,,0,0,0,0,.17948718,.15384616,,,,,,201050.03,
16334,30,47,3.4295022,yes,yes,240,1,1,1,1,.80230296,0,.98471695,574.71155,0,0,.07692308,0,0,0,6.2567043,-4.8108993,11.067604,9.4978342,1.5697697,201006.47,0
16422,29,47,2.2396276,yes,yes,90,0,1,1,1,-.78968388,0,-.74536574,328.51282,0,0,.1025641,0,0,0,5.6043863,-5.2670822,10.871469,9.3997307,1.4717381,201006.8,0
16424,22,47,3.1301768,no,yes,180,0,0,1,0,-.21444063,0,-.25213104,398.70239,0,0,.42857143,0,0,0,5.8925042,-5.1025066,10.99501,9.4123697,1.5826412,201043.53,0
16514,28,47,2.3920667,no,yes,70,1,0,1,0,-.081006669,1,-.15153554,400.30121,1,.42168674,0,0,.44578314,.42168674,5.9592819,-5.2592788,11.218561,9.6194439,1.5991168,201042.88,0
16518,27,47,3.2689991,no,yes,180,1,0,0,0,-.49282187,2,,,0,0,0,0,0,0,,,,,,201098.95,
16594,29,47,3.6042979,yes,yes,160,0,1,1,1,.56952375,0,.30473775,477.94736,0,0,.28070176,0,0,0,6.1091652,-5.2689033,11.447873,9.7183104,1.7154107,201028.38,0
16596,34,47,4.7260346,yes,yes,40,1,1,1,1,.89819664,1,.79644501,528.43024,1,.43023255,0,0,.45348838,.43023255,6.2406173,-5.0679054,11.317964,9.6529856,1.6617376,201043.88,0
16654,29,47,2.6660111,yes,yes,90,0,1,0,0,-.40509179,2,-.36151287,419.79709,0,0,0,0,0,0,6.0166016,-5.2067413,11.223343,,,201049.16,
16806,28,46,2.4147966,yes,yes,120,1,1,0,1,-1.03904,2,,,0,0,0,0,0,0,,,,,,201028.2,
16812,24,46,3.0640123,no,yes,80,0,0,0,0,-.23573658,2,,,0,0,0,0,0,0,,,,,,201046.11,
17014,27,46,4.1354113,no,yes,120,1,0,0,1,-.073541708,2,,,0,0,0,0,0,0,,,,,,201014.17,
17058,23,46,2.6229999,no,yes,140,0,0,1,0,-.84751302,0,,,0,0,.02,0,0,0,,,,,1.474532,201006.02,0
17160,27,46,3.3902433,yes,yes,180,1,1,1,1,.3673315,0,.25619841,490.66666,0,0,.5,0,0,0,6.1645498,-5.0254545,11.048151,9.4737167,1.4926631,201049.94,0
17166,27,46,4.1173334,no,yes,180,0,0,0,0,.20546915,2,,,0,0,0,0,0,0,,,,,,201072.2,
17172,28,46,4.6419311,no,yes,240,0,0,1,1,-.14410104,0,,,0,0,.40963855,0,.036144577,.036144577,,,,,1.5197244,201041.69,0
17274,26,46,3.1348279,yes,yes,120,0,1,0,1,.23024315,2,,,0,0,0,0,0,0,,,,,,201039.28,
17386,23,45,2.3342412,yes,yes,120,0,1,0,0,-.95503509,2,-.95040143,355.53061,0,0,0,0,0,0,5.8348475,-5.1321039,10.966951,,,201006.42,
17668,23,45,3.9913411,no,yes,40,0,0,0,0,-1.1332899,2,,,0,0,0,0,0,0,,,,,,201035.53,
17714,29,45,2.8260889,yes,yes,40,0,1,0,1,-.57348073,2,,,0,0,0,0,0,0,,,,,,201056.73,
17722,24,45,4.1951799,no,yes,120,1,0,1,0,-1.148146,1,,,1,.39240506,0,0,.37974682,.34177214,,,,,1.098973,201039.8,0
17752,25,45,3.5489633,no,yes,60,1,0,1,1,.4255473,1,,,1,.41666666,0,0,.36904761,.35714287,,,,,1.2281787,201042.45,0
17812,28,45,4.7051601,yes,yes,150,1,1,0,0,-.29647803,0,,,0,0,.43037975,0,0,0,,,,,1.5919355,201045.64,0
17906,27,45,2.5038145,no,yes,210,0,1,0,1,-.43147388,1,-.5383172,374.79486,1,.33333334,0,0,.38095239,.33333334,5.796268,-5.140523,10.93679,9.3949804,1.4839962,201029.17,.33333334
17908,27,45,3.1488588,yes,yes,105,1,1,0,1,-1.3908509,2,,,0,0,0,0,0,0,,,,,,201038.84,
17926,25,45,4.0380645,no,yes,20,0,0,0,1,-.024746465,2,.26504293,540.82538,0,0,0,0,0,0,6.2421231,-4.956234,11.198357,,,201042.63,
18112,27,44,2.7862556,no,yes,120,0,0,1,1,.12218345,1,,,1,.42857143,0,0,.44047618,.42857143,,,,,1.580834,201043.52,0
18476,23,44,3.4859512,no,yes,180,0,0,0,0,-.39643878,2,-.43817922,424.71054,0,0,0,0,0,0,5.9621477,-5.1844335,11.146582,,,201005.3,
18494,31,44,3.2129254,no,yes,180,1,0,1,0,-.46473792,0,,,0,0,.44047618,0,0,0,,,,,1.578365,201044.88,0
18502,26,44,2.3131669,no,yes,210,1,1,1,0,-.60006541,0,,,0,0,.3283582,0,0,0,,,,,1.1472502,201032.5,0
18634,23,43,3.4158845,no,yes,120,0,0,0,0,.11756919,2,,,0,0,0,0,0,0,,,,,,201041.23,
18656,27,43,2.5086868,no,yes,150,0,0,0,0,-.85040075,2,-.87841737,363.38635,0,0,0,0,0,0,5.8737888,-5.2577834,11.131573,,,201006,
18776,22,43,4.1839623,no,yes,60,1,0,0,1,1.2224188,2,,,0,0,0,0,0,0,,,,,,201035.61,
18786,27,43,2.2973602,no,yes,90,0,1,0,0,-.47280505,2,-.49335352,405.40909,0,0,0,0,0,0,5.9663339,-5.1619034,11.128238,,,201035.89,
19012,27,43,1.8491844,yes,yes,90,0,1,0,0,-.23458911,2,,,0,0,0,0,0,0,,,,,,201049.38,
19028,23,43,3.5295444,no,yes,120,0,0,0,0,.77948207,2,,,0,0,0,0,0,0,,,,,,201030.34,
19140,23,42,3.1589513,no,yes,30,0,0,0,1,.57134515,2,,,0,0,0,0,0,0,,,,,,201066.7,
19144,20,42,3.8351867,no,yes,30,0,0,0,1,.33670995,2,,,0,0,0,0,0,0,,,,,,201014.02,
19146,21,42,3.3134155,no,yes,80,0,0,0,0,.36137584,2,.53272659,517.38708,0,0,0,0,0,0,6.2133756,-5.1490173,11.362392,,,201023.34,
19266,22,42,4.0709419,no,yes,65,1,0,0,0,.77788436,2,,,0,0,0,0,0,0,,,,,,201038.14,
19470,25,42,3.5001233,no,yes,60,0,0,0,1,.22604327,0,.14335525,498.15854,0,0,.42352942,0,0,0,6.0850616,-5.1246119,11.209674,9.4210672,1.7565273,201043.19,0
19482,23,42,2.7133322,no,yes,180,1,0,1,0,-.47435641,1,,,1,.43023255,0,0,.44186047,.43023255,,,,,1.5817091,201043.88,.43023255
19684,22,41,2.7337523,no,yes,180,0,0,1,1,-.39956033,0,,,0,0,.1724138,0,0,0,,,,,1.1755822,201016.14,0
20386,26,39,2.953568,no,yes,70,0,1,0,1,-.092243627,2,,,0,0,0,0,0,0,,,,,,201048.77,
21068,25,38,3.7650187,no,yes,60,0,0,0,1,.78248698,2,,,0,0,0,0,0,0,,,,,,201096.45,
21126,25,38,2.4348133,no,yes,120,0,0,0,1,-.59894156,2,,,0,0,0,0,0,0,,,,,,201004.23,
21142,25,38,3.663141,no,yes,130,0,1,0,1,-.8702386,2,,,0,0,0,0,0,0,,,,,,201045.91,
21472,24,37,2.5875034,no,yes,70,0,0,0,1,.1901966,2,.13603339,474.09525,0,0,0,0,0,0,6.1316228,-5.2273555,11.358978,,,201014.08,
21474,25,37,2.7566977,no,yes,100,1,0,0,0,-.31053475,2,,,0,0,0,0,0,0,,,,,,201041.2,
21604,24,37,3.0380278,no,yes,200,0,0,1,0,-.051248964,0,,,0,0,.43023255,0,0,0,,,,,1.2775277,201043.88,0
21614,25,37,2.9098122,no,yes,110,0,0,0,1,-.489557,2,-.56357187,397.74603,0,0,0,0,0,0,5.9463658,-5.4501648,11.39653,,,201057.95,
21622,25,37,3.3491721,no,yes,30,0,1,0,0,-.081895173,2,,,0,0,0,0,0,0,,,,,,201043.5,
21648,26,37,2.6443167,yes,yes,75,1,1,1,1,-.74254233,0,,,0,0,.43902439,0,0,0,,,,,1.5082003,201044.73,0
21654,29,37,4.1014285,no,yes,80,0,0,1,1,.71919107,1,.64942205,592.71429,1,.45679012,0,0,.46913579,.45679012,6.323853,-5.1891804,11.513033,9.7065268,1.7904682,201046.38,0
21710,30,37,2.6169801,no,yes,90,1,1,1,1,-.69751757,1,,,1,.43023255,0,0,.43023255,.41860464,,,,,1.583289,201043.88,0
21746,21,37,2.8369355,no,yes,90,0,0,0,0,-.10269969,2,.10863753,515,0,0,0,0,0,0,6.1990733,-5.2579021,11.456975,,,201041.23,
22022,22,36,3.4560156,no,yes,120,0,0,1,0,-.0018549516,0,,,0,0,.41463414,0,0,0,,,,,1.5658401,201042.02,0
22130,25,36,2.5165932,no,yes,80,0,0,0,1,-.89230669,2,-.8829537,362.8913,0,0,0,0,0,0,5.8636861,-5.0956283,10.959314,,,201006.39,
22140,25,36,3.8671577,no,yes,40,0,1,0,1,-1.2541671,2,,,0,0,0,0,0,0,,,,,,201039.63,
22284,21,36,3.4786634,yes,yes,45,0,1,1,0,.56960022,1,.52088356,538.88232,1,.43529412,0,0,.3764706,.3764706,6.2344637,-5.0351982,11.269662,9.420269,1.8493924,201044.31,0
22290,26,36,2.72949,yes,yes,80,1,1,0,0,-.33671156,2,,,0,0,0,0,0,0,,,,,,201045.72,
22456,21,36,3.5803354,no,yes,60,0,0,0,0,.015467305,2,.24582505,537.65216,0,0,0,0,0,0,6.1912723,-5.043839,11.235111,,,201038.97,
22706,26,36,3.2608311,no,yes,60,0,1,0,1,.50665343,2,,,0,0,0,0,0,0,,,,,,201040.92,
22878,27,35,2.5484579,no,yes,120,0,0,0,1,-.38507414,2,-.40591678,414.95123,0,0,0,0,0,0,5.9992733,-5.0896602,11.088934,,,201043.31,
22888,28,35,2.702172,no,yes,180,1,0,0,0,-.16878617,2,,,0,0,0,0,0,0,,,,,,201004.89,
23066,27,35,3.0804055,no,yes,90,0,1,0,0,-.046672754,2,-.018170664,457.26666,0,0,0,0,0,0,6.0883665,-5.185534,11.2739,,,201005.8,
23126,23,35,4.2542796,no,yes,95,0,0,0,1,.94358599,0,,,0,0,.41666666,0,0,0,,,,,1.766597,201043.52,0
23136,22,35,3.1753633,no,yes,60,1,0,0,0,-.021184864,1,.09505374,468.40475,1,.43023255,0,0,.30232558,.29069766,6.0852952,-5.2149596,11.300255,9.4816637,1.7924175,201043.88,0
23228,23,35,3.9816256,no,yes,40,0,1,1,1,.98602527,1,.67957294,535.25,1,.47887325,0,0,.47887325,.47887325,6.1770329,-5.2308803,11.407913,9.778512,1.5800782,201048.08,0
23516,24,35,3.3576355,no,yes,60,0,0,0,1,-.25930524,2,.25232536,538.72546,0,0,0,0,0,0,6.2112665,-5.1567836,11.368051,,,201064.41,
23622,25,35,4.1304722,no,yes,120,1,0,1,1,1.4093726,1,,,1,.4050633,0,0,.10126583,.088607594,,,,,1.5872236,201040.92,0
23686,20,35,2.8571634,no,yes,180,1,0,0,0,-.33191353,2,,,0,0,0,0,0,0,,,,,,201045.53,
23742,21,35,2.5448833,no,yes,240,1,0,1,0,-.691396,0,,,0,0,.42857143,0,0,0,,,,,1.5793617,201044.77,0
23772,21,35,3.6291912,no,yes,40,1,0,1,1,-.24840629,1,-.010792643,437.28571,1,.44047618,0,0,.4642857,.44047618,6.013382,-5.0547819,11.068164,9.2349901,1.833174,201044.75,0
24142,29,34,4.9450345,no,yes,180,0,0,1,0,1.2727525,1,,,1,.43023255,0,0,.45348838,.43023255,,,,,1.5660211,201043.88,.43023255
24146,24,34,3.2050078,no,yes,150,1,0,1,0,-.9093833,0,,,0,0,.43023255,0,0,0,,,,,1.5864511,201043.88,0
24322,23,34,3.5393789,no,yes,30,1,0,0,1,-1.3465756,2,-1.0590371,343.67499,0,0,0,0,0,0,5.8272028,-5.411953,11.239156,,,201043.03,
24324,23,34,2.5267766,no,yes,35,1,0,0,1,-.58529288,1,-.31163645,378.66196,1,.30985916,0,0,.32394367,.30985916,5.7746844,-4.8397813,10.614466,8.9882326,1.6262331,201030.73,0
24328,24,34,3.0627234,no,yes,40,0,0,0,0,-.071735218,2,-.096569628,448.71085,0,0,0,0,0,0,6.0610552,-5.0589099,11.119966,,,201042.97,
24340,23,34,3.5642712,no,yes,40,0,0,0,1,.24696141,2,,,0,0,0,0,0,0,,,,,,201016.59,
24608,34,34,3.8289921,yes,yes,20,0,1,1,0,-.50714415,1,-.51665407,344.82715,1,.42682928,0,0,.43902439,.42682928,5.6981282,-5.1373892,10.835517,9.0439539,1.7781676,201043.34,0
25056,23,33,2.8689067,no,yes,40,0,0,1,0,-.2362726,0,,,0,0,.37704918,0,0,0,,,,,1.182022,201037.25,0
25074,21,33,3.7054734,no,yes,30,0,0,0,0,.17883813,2,,,0,0,0,0,0,0,,,,,,201014.23,
25084,24,33,2.0531211,no,yes,90,1,0,0,1,-1.6750689,2,-1.8251976,260.0625,0,0,0,0,0,0,5.5155096,-5.1836424,10.699152,,,201025.41,
25094,25,33,3.0681798,no,yes,140,0,0,0,1,-.33640686,2,-.46680954,408.30588,0,0,0,0,0,0,5.991293,-5.296988,11.28828,,,201044.38,
25258,26,33,3.4368823,no,yes,120,1,0,1,0,-.16723715,0,,,0,0,.42500001,0,0,0,,,,,1.7694372,201042.91,0
25520,24,32,3.6391969,no,yes,60,1,0,1,0,-.76285279,1,-.62153041,324.35294,1,.43023255,0,0,.24418604,.22093023,5.7085629,-4.9924879,10.701051,8.9248343,1.7555622,201043.88,0
25532,25,32,3.3970912,no,yes,180,1,0,1,0,-.40724078,1,,,1,.42857143,0,0,.42857143,.41666666,,,,,1.7674108,201043.61,.42857143
25620,23,32,2.8754656,no,yes,90,1,0,0,0,-.63076723,2,-.71926719,380.75473,0,0,0,0,0,0,5.9148097,-5.0258117,10.940621,,,201011.78,
25622,20,32,2.8584857,no,yes,80,0,0,0,0,-.056100298,2,.031269502,462.66217,0,0,0,0,0,0,6.1102405,-5.131938,11.242179,,,201035.16,
25628,24,32,3.0696712,no,yes,120,0,0,1,0,.83521146,1,,,1,.4512195,0,0,.46341464,.43902439,,,,,1.3187017,201045.86,0
25638,26,32,2.7953246,no,yes,120,0,0,1,1,-.040582631,1,-.082788728,409.59302,1,.43023255,0,0,.44186047,.43023255,5.9673724,-5.2668948,11.234267,9.5674276,1.6668392,201043.88,0
25700,27,32,3.1886568,no,yes,30,1,0,1,1,-.7731576,1,,,1,.43529412,0,0,.43529412,.42352942,,,,,1.6832805,201044.36,0
25864,20,31,4.3348713,no,yes,40,0,0,1,1,.67059046,0,.52233911,524.10449,0,0,.47826087,0,0,0,6.1944399,-5.1896095,11.398246,9.7558794,1.617018,201047.77,0
25940,24,31,3.5226889,no,yes,100,0,1,1,0,-.060051396,1,,,1,.42352942,0,0,.41176471,.41176471,,,,,1.5993294,201043.17,0
25962,24,31,3.6365478,yes,yes,80,1,1,1,1,-.28304005,1,-.12638392,415.19766,1,.43023255,0,0,.44186047,.43023255,5.9916973,-5.2311268,11.222824,9.4170647,1.8057594,201043.88,0
26144,24,31,5.0663657,no,yes,30,1,0,0,1,1.4911758,2,,,0,0,0,0,0,0,,,,,,201005,
26328,22,31,3.6299655,no,no,30,1,0,1,0,-1.1584692,1,-1.1200238,239.23457,1,.43023255,0,0,.33720931,.33720931,5.3110771,-5.1339564,10.445034,8.6732473,1.7440536,201043.88,0
26618,24,30,3.6763389,no,yes,40,1,0,1,0,-.91798234,1,,,1,.43037975,0,0,.17721519,.17721519,,,,,1.5787874,201043.38,0
26634,26,30,2.8049321,no,yes,60,0,0,1,1,.1980359,0,.34986767,495.13333,0,0,.4375,0,0,0,6.1756487,-5.2302289,11.253005,9.6369619,1.5863221,201042.98,0
26906,24,30,3.2975867,no,yes,40,0,0,1,0,-.53674114,0,,,0,0,.40963855,0,0,0,,,,,1.5190774,201041.58,0
26934,24,30,3.4246302,no,yes,120,0,0,0,1,.48957628,1,.34936917,558.98505,1,.36486486,0,0,.35135135,.32432431,6.2537837,-5.123548,11.377332,9.5715246,1.6592005,201036.5,0
27180,23,29,3.6185167,no,yes,80,0,1,0,1,.67472416,2,.59422868,595.17999,0,0,0,0,0,0,6.3604345,-5.1426606,11.503096,,,201008.42,
27234,24,29,3.5235732,no,yes,60,1,0,0,1,1.113973,2,1.041838,572.94739,0,0,0,0,0,0,6.3235612,-4.9044323,11.227994,,,201023.13,
27540,27,29,3.0060413,no,yes,90,0,0,0,0,-1.464839,2,-1.4119256,305.16364,0,0,0,0,0,0,5.6867285,-5.4238458,11.110574,,,201016.7,
27704,26,28,2.6993911,no,yes,30,0,0,1,1,.35366398,0,.11900722,482.11765,0,0,.43023255,0,0,0,6.0764728,-5.3096862,11.386159,9.6028357,1.7706473,201043.88,0
27772,24,28,3.3379233,no,yes,100,0,0,0,1,.35067537,2,,,0,0,0,0,0,0,,,,,,201058.31,
27844,25,28,4.1549602,no,yes,30,0,0,0,1,-1.2326846,2,,,0,0,0,0,0,0,,,,,,201036.47,
28190,25,27,2.9674811,no,yes,60,0,0,1,0,-.094009064,0,-.050312176,458.91666,0,0,.43023255,0,0,0,6.0747881,-5.0274215,11.102209,9.3286476,1.7323161,201043.88,0
28204,22,27,2.4714944,no,yes,180,1,0,0,0,.02956087,2,,,0,0,0,0,0,0,,,,,,201034.09,
28224,27,27,3.1292701,yes,yes,30,1,1,1,0,.028775241,0,.10544266,479.89285,0,0,.43529412,0,0,0,6.1469183,-5.1926317,11.33955,9.4893808,1.8284018,201044.31,0
28226,23,27,2.3416898,no,yes,120,1,0,1,0,-.91138154,1,,,1,.43023255,0,0,.43023255,.41860464,,,,,1.5573965,201043.88,0
28470,24,27,3.0680244,no,yes,60,1,0,1,1,-.098668374,1,,,1,.4375,0,0,.38749999,.38749999,,,,,1.5101396,201044.13,0
28484,23,27,2.09901,yes,yes,120,0,1,1,0,.12100845,0,.14003275,454.50909,0,0,.27272728,0,0,0,6.0582204,-5.2316747,11.289895,9.6327429,1.6571517,201026.27,0
28492,24,27,4.2266932,no,yes,40,0,0,1,1,-1.0223578,1,,,1,.42307693,0,0,.3974359,.38461539,,,,,1.1133282,201043.97,0
28528,27,27,4.6637621,yes,yes,30,0,1,0,1,.56614453,2,,,0,0,0,0,0,0,,,,,,201082.66,
28560,20,27,2.9997089,no,yes,160,0,0,1,1,-.36946601,0,,,0,0,.28787878,0,0,0,,,,,1.4514651,201028.3,0
28656,23,26,2.2167034,no,yes,120,0,1,0,0,-.7541678,2,-.72773886,379.8302,0,0,0,0,0,0,5.9062462,-5.0509715,10.957218,,,201017.64,
29012,20,26,1.2744288,no,yes,40,0,0,0,0,-.70864314,2,-.68815601,383.43478,0,0,0,0,0,0,5.8981872,-5.4022079,11.300395,,,201013.78,
29024,26,26,2.5902634,no,yes,160,1,0,1,0,-.97356814,0,,,0,0,.33783785,0,0,0,,,,,1.4473718,201033.77,0
29030,28,26,2.4293523,no,yes,180,1,0,0,0,.07083156,2,,,0,0,0,0,0,0,,,,,,201005.73,
29032,23,26,2.6952755,no,yes,120,1,0,1,0,-.64578146,1,,,1,.44444445,0,0,.45679012,.44444445,,,,,1.5042245,201045.2,0
29172,26,26,2.8963332,no,yes,180,1,0,1,1,.58151644,0,.45193431,498.8941,0,0,.42352942,0,0,0,6.1892128,-5.0689678,11.258181,9.5862131,1.671967,201043.17,0
29192,29,26,3.8379033,no,yes,120,1,0,0,1,.71488827,2,,,0,0,0,0,0,0,,,,,,201040.86,
29216,26,26,2.9735067,no,yes,50,1,0,1,1,-.1267986,1,,,1,.43023255,0,0,.45348838,.43023255,,,,,1.5659332,201043.88,0
29218,24,26,3.4329321,no,yes,30,0,0,0,1,.38397068,2,.65845299,605.78461,0,0,0,0,0,0,6.359056,-5.0574894,11.416546,,,201046.14,
29230,24,26,3.4854589,no,yes,70,0,0,0,1,.27856743,1,.23613554,484.47058,1,.27941176,0,0,.25,.25,6.0867877,-5.0844727,11.171261,9.3901148,1.781146,201027.48,0
29240,25,26,2.5492635,no,yes,170,1,0,0,1,-.46394938,2,,,0,0,0,0,0,0,,,,,,201019.97,
29248,27,26,2.7496324,yes,yes,40,1,1,1,0,-.83641982,0,,,0,0,.43373495,0,0,0,,,,,1.4441891,201043.92,0
29558,25,26,3.9397457,no,yes,80,1,1,0,0,.55400556,2,,,0,0,0,0,0,0,,,,,,201015.48,
29594,23,26,3.6993778,no,yes,120,0,0,0,1,.59172422,2,.50442696,514.29871,0,0,0,0,0,0,6.2252717,-5.1626782,11.38795,,,201039.25,
29626,23,26,3.5540123,no,yes,40,1,0,0,1,-1.2249173,2,-.87891179,351.9375,0,0,0,0,0,0,5.7945714,-5.0158615,10.810432,,,201046.81,
29746,23,25,2.9760733,no,yes,40,0,0,0,1,.50028592,2,.35463661,497.95181,0,0,0,0,0,0,6.1934791,-5.2573037,11.450783,,,201044.09,
29750,22,25,2.7162199,no,yes,40,0,0,0,1,-.018634744,2,.10528857,470.73999,0,0,0,0,0,0,6.1304078,-5.1442003,11.274608,,,201025.91,
29770,24,25,4.3264756,no,yes,35,0,0,0,1,-.022912201,2,,,0,0,0,0,0,0,,,,,,201015.03,
29790,22,25,2.5431232,no,yes,120,0,0,0,0,-.22537626,2,.68618476,610.36365,0,0,0,0,0,0,6.4030857,-4.9979091,11.400994,,,201042.8,
29808,25,25,3.0939734,yes,yes,32,1,1,1,1,-.56823236,1,-.63400865,428.59183,1,.33333334,0,0,.31818181,.28787878,5.7972822,-5.2645416,11.061824,9.4062672,1.5337778,201032.89,0
29838,26,25,3.9435601,yes,yes,60,1,1,0,1,-.62855542,2,-.36892402,436.14584,0,0,0,0,0,0,6.043736,-4.867589,10.911325,,,201046.66,
29964,26,25,2.4840245,yes,yes,160,0,1,0,1,-.13352852,2,-.12681367,445.41025,0,0,0,0,0,0,6.0782781,-5.2230167,11.301295,,,201047.72,
29996,23,25,3.3534834,no,yes,60,1,1,1,0,-.6098963,0,,,0,0,.43023255,0,0,0,,,,,1.5585312,201043.88,0
30002,26,25,3.3996856,no,yes,200,1,0,1,1,-.68627089,0,,,0,0,.36000001,0,0,0,,,,,1.5777771,201036,0
30006,24,25,3.2888489,no,yes,60,0,0,1,0,-.59464395,1,,,1,.43023255,0,0,.37209302,.36046511,,,,,1.6077961,201043.88,0
30014,30,25,4.3416367,no,yes,50,1,0,1,0,.092244774,1,.24346204,485.87057,1,.43529412,0,0,.45882353,.43529412,6.1594901,-5.0787129,11.238203,9.3851957,1.8530071,201044.31,0
30262,25,25,3.5217209,no,yes,40,1,0,0,1,.24918304,2,.5483222,587.59998,0,0,0,0,0,0,6.3243761,-4.9954991,11.319876,,,201045.77,
30276,21,25,3.1930234,no,yes,120,1,0,0,0,-.27317879,2,,,0,0,0,0,0,0,,,,,,201063.28,
30308,21,25,3.7130811,no,no,50,0,0,1,1,.70248264,1,,,1,.42857143,0,0,.42857143,.41666666,,,,,1.782522,201043.66,0
30398,26,25,2.4336476,no,yes,30,1,0,0,0,-.49429742,2,-.4489297,410.25714,0,0,0,0,0,0,5.9990158,-5.07968,11.078696,,,201032.95,
30448,23,25,3.5930345,no,yes,60,1,0,1,1,-.54434037,1,,,1,.10909091,0,0,.054545455,.054545455,,,,,1.6875774,201009.8,0
30634,23,25,3.2355044,no,yes,30,1,0,0,1,.28905204,2,,,0,0,0,0,0,0,,,,,,201008.09,
30972,27,24,2.8467743,no,yes,120,1,0,1,0,-.50313413,1,,,1,.43023255,0,0,.43023255,.41860464,,,,,1.6332821,201043.88,0
30998,23,24,3.023452,no,yes,130,1,0,0,0,-.099343471,2,,,0,0,0,0,0,0,,,,,,201003.73,
31114,28,24,2.56603,no,yes,90,0,0,0,1,-.56582969,2,-.758959,376.42307,0,0,0,0,0,0,5.8599505,-5.3655233,11.225474,,,201104.11,
31136,23,24,2.6250567,no,yes,140,1,0,1,0,-.24331971,0,-.23190776,406.60001,0,0,.39506173,0,0,0,5.9521585,-5.1526642,11.104823,9.4683189,1.6163007,201040.09,0
31150,23,24,2.5736222,no,yes,60,0,0,1,1,.00080688635,0,-.064081557,425.46268,0,0,.26865673,0,0,0,6.0088744,-5.3189611,11.327836,9.6962013,1.6316345,201026.44,0
31206,22,24,2.49878,no,yes,180,1,0,0,1,-.28328952,2,,,0,0,0,0,0,0,,,,,,201049.75,
31230,24,24,2.9393754,no,yes,200,0,1,1,0,-.46488768,1,,,1,.44999999,0,0,.46250001,.44999999,,,,,1.5377395,201045.67,.44999999
31292,27,24,3.6276512,no,yes,135,0,0,0,1,.94217062,1,.85950553,536.95349,1,.43023255,0,0,.44186047,.43023255,6.2624149,-5.0488567,11.311272,9.6579981,1.6532733,201043.88,.43023255
31796,24,24,3.8672733,no,yes,120,0,1,1,0,-.059481919,1,,,1,.43529412,0,0,.34117648,.34117648,,,,,1.5761213,201044.27,0
31888,27,23,3.249639,yes,yes,180,0,1,1,0,.87426287,0,.86180735,557.22095,0,0,.43023255,0,0,0,6.3000526,-5.1051002,11.405153,9.7759256,1.6292278,201043.88,0
31922,26,23,2.7839034,no,yes,35,0,0,0,1,.26272738,2,.24511945,486,0,0,0,0,0,0,6.1745071,-5.1995831,11.37409,,,201011.78,
31936,25,23,2.4034512,no,yes,75,1,0,1,0,-.23331918,1,-.29255542,381.24097,1,.40963855,0,0,.42168674,.40963855,5.9020648,-5.3044353,11.2065,9.595458,1.6110413,201042.84,0
32320,22,23,4.5784731,no,yes,60,0,0,1,0,.22713363,0,.48964328,504.26028,0,0,.41975307,0,0,0,6.1881127,-5.2425728,11.354897,9.5867271,1.7699175,201042.7,0
32590,28,23,2.6732466,no,yes,100,1,0,1,0,-1.1049324,1,,,1,.42857143,0,0,0,0,,,,,1.6178439,201043.61,0
32804,23,23,2.4055622,no,yes,75,1,0,1,1,-.25378749,0,-.14237319,414.32144,0,0,.125,0,0,0,5.9975767,-5.1715837,11.169161,9.565999,1.6031618,201011.42,0
33094,23,22,3.1238844,no,yes,45,1,0,0,1,-1.2693905,2,-1.045312,345.17285,0,0,0,0,0,0,5.8325763,-5.3828802,11.215456,,,201043.83,
33128,21,22,3.7385809,no,yes,80,1,0,1,1,-.20592305,0,.064938158,443.82278,0,0,.39240506,0,0,0,6.0655284,-5.009912,11.07544,9.3202467,1.7551941,201040.91,0
33278,20,22,2.275409,no,yes,180,0,0,1,0,-.23837797,0,-.19097784,407.40475,0,0,.44047618,0,0,0,5.9732451,-5.2179284,11.191174,9.5723858,1.618788,201044.72,0
33350,26,22,2.8910179,no,yes,120,1,0,1,1,-.86459243,1,-.71523863,324.11111,1,.375,0,0,.3888889,.375,5.7295923,-5.2986741,11.028267,9.3155193,1.7127476,201039.92,0
33352,20,22,1.8107578,no,yes,120,1,0,0,0,-1.5181167,2,-1.5445297,290.69232,0,0,0,0,0,0,5.6350064,-5.2352042,10.870211,,,201019.61,
33354,21,22,2.702929,no,yes,135,0,0,1,0,.23961264,0,.098558702,448.60715,0,0,.44047618,0,0,0,6.0777912,-5.2661676,11.343959,9.6582384,1.6857204,201044.69,0
33366,25,22,3.2333767,no,yes,40,1,0,0,1,.13136357,0,,,0,0,.26153848,0,0,0,,,,,1.5071113,201025.47,0
33406,28,22,2.5894167,no,yes,60,0,0,0,0,-.42382222,2,,,0,0,0,0,0,0,,,,,,201037.27,
33410,25,22,2.6481922,yes,yes,14,1,1,0,0,-.44846141,2,-.34770185,439.64999,0,0,0,0,0,0,6.0070834,-5.1270361,11.134119,,,201035.66,
33874,22,22,2.8625379,no,yes,24,0,0,0,0,-.17099169,2,-.3480469,421.26666,0,0,0,0,0,0,5.9965448,-5.2352762,11.231821,,,201022.56,
34396,24,21,3.7040522,no,yes,40,0,0,0,1,-1.4281359,2,,,0,0,0,0,0,0,,,,,,201012.88,
34526,27,21,2.3073802,yes,yes,180,0,1,0,0,-.55439854,2,-.58827311,399.92728,0,0,0,0,0,0,5.9013562,-5.2927895,11.194145,,,201018.63,
34890,24,21,2.2445667,no,yes,200,1,0,1,0,-.58517951,0,-.54631054,356.83929,0,0,.125,0,0,0,5.8390365,-5.2423539,11.08139,9.4498529,1.631537,201011.42,0
34956,23,21,2.1504068,no,yes,16,0,0,0,1,-.73092425,2,-.62646532,390.88235,0,0,0,0,0,0,5.9401851,-5.1749668,11.115152,,,201018.16,
35006,23,21,2.41485,no,yes,10,1,1,0,1,-.14120477,0,-.0046643205,433.91803,0,0,.21311475,0,0,0,6.0256653,-5.0146813,11.040346,9.43999,1.6003562,201020.39,0
35344,22,20,2.8727365,no,yes,60,0,0,1,0,.60118669,1,.44282746,480.63528,1,.42352942,0,0,.43529412,.42352942,6.1596532,-5.1428146,11.302467,9.6053829,1.697085,201043.17,0
35408,27,20,3.5163388,yes,yes,180,1,1,1,1,.29031107,0,,,0,0,.42857143,0,0,0,,,,,1.4781153,201043.56,0
35760,24,20,3.7003267,no,yes,2.5999999,1,1,0,0,-.88387686,2,,,0,0,0,0,0,0,,,,,,201013.22,
35822,27,20,3.5905633,no,yes,120,1,0,1,0,-.78950077,0,-.79851681,348.20514,0,0,.41666666,0,0,0,5.7622023,-5.0998054,10.862008,9.113718,1.7480674,201042.36,0
36032,22,19,2.3757291,no,yes,120,1,0,1,0,.025494138,1,.033203937,425.2706,1,.42352942,0,0,.43529412,.42352942,6.0251551,-5.1421905,11.166776,9.5108662,1.6575077,201043.17,0
36060,24,19,2.2917278,no,yes,35,0,0,0,1,-.7168386,2,-.77624118,374.53705,0,0,0,0,0,0,5.8959098,-5.3071494,11.203059,,,201011.78,
36288,25,19,2.84852,no,yes,30,1,0,1,1,.17202035,0,-.11057077,418.84705,0,0,.42352942,0,0,0,5.9913912,-5.2478166,11.239208,9.5937672,1.6454407,201043.17,0
36306,26,19,3.2344944,no,yes,80,1,0,0,1,-.34460342,1,,,1,.4868421,0,0,.5131579,.4868421,,,,,1.6735159,201048.38,0
36314,23,19,2.7280767,no,yes,75,1,0,1,0,.56441635,0,.52479064,509.2619,0,0,.42857143,0,0,0,6.1897283,-5.0635886,11.253317,9.639205,1.6141117,201043.58,0
36318,26,19,3.2498155,no,yes,120,0,0,0,1,1.1689816,2,1.4130992,613.46375,0,0,0,0,0,0,6.4045758,-4.8807411,11.285316,,,201044.19,
36494,23,18,2.1946733,no,yes,40,0,0,0,1,-.69448829,1,-.69918662,326.2807,1,.14035088,0,0,.15789473,.14035088,5.740304,-5.0200672,10.760371,9.1634388,1.5969323,201013,0
36908,23,15,2.7428231,no,yes,60,1,0,0,0,.37676772,1,.45227706,481.91251,1,.41666666,0,0,.39285713,.38095239,6.1489639,-5.0252447,10.942472,9.2919645,1.6505066,201042.39,0
37276,22,13,3.0966489,no,yes,90,0,0,1,1,-.19261061,0,-.23296957,455.72726,0,0,.18333334,0,0,0,6.013617,-5.0465722,11.060189,9.3064537,1.6605585,201017.5,0
37292,21,13,2.5126977,no,yes,180,0,0,0,0,-.080131024,0,-.085485473,442.3721,0,0,.43023255,0,0,0,5.9884815,-5.1765137,11.164995,9.4704361,1.6945589,201043.88,0
37294,20,13,2.2425222,no,yes,80,0,0,1,0,.16496624,1,.11860317,467.44705,1,.43023255,0,0,.30232558,.27906978,6.0567331,-5.1666656,11.223399,9.4579573,1.7529727,201043.88,0
37296,29,13,2.5851912,no,yes,80,1,0,1,1,-.31274447,1,,,1,.40000001,0,0,.41333333,.40000001,,,,,1.5161524,201040.02,0
37358,23,13,1.9356611,no,yes,60,1,0,0,0,-.59927708,2,-.27535835,451.59525,0,0,0,0,0,0,6.0821376,-5.136075,11.218212,,,201005.33,
37784,19,12,2.465909,no,yes,105,0,0,1,0,.24655914,1,,,1,.43529412,0,0,.47058824,.43529412,,,,,1.6192733,201044.31,0
37798,21,12,4.0997667,no,yes,20,1,0,1,1,-.28624418,0,-.12741484,435.3721,0,0,.43023255,0,0,0,6.020318,-5.0078173,11.028135,9.206192,1.8219433,201043.88,0
37804,21,12,2.4997599,no,yes,120,0,0,1,0,-.77481616,1,,,1,.43529412,0,0,.44705883,.43529412,,,,,1.542416,201044.31,0
37812,26,12,2.5612578,no,yes,180,0,0,1,1,.21176545,0,,,0,0,.42352942,0,.011764706,.011764706,,,,,1.5931349,201043.13,0
37824,19,12,2.687099,no,yes,20,0,0,0,1,.16853793,2,.35809425,556.18988,0,0,0,0,0,0,6.2558498,-5.0909438,11.346794,,,201042.25,
37828,23,12,3.4578824,no,yes,60,1,0,1,0,-.42862752,0,,,0,0,.43529412,0,0,0,,,,,1.7001327,201044.36,0
37840,18,12,1.98746,no,yes,30,1,0,1,0,-.2622878,1,,,1,.4074074,0,0,.39506173,.38271606,,,,,1.5671066,201041.2,0
38018,25,78,2.4711423,no,yes,120,0,0,1,0,-.45017985,1,,,1,.42857143,0,0,.44047618,.42857143,,,,,1.5794709,201043.55,0
38022,18,11,1.9928434,no,yes,20,0,0,1,0,-.23877056,1,,,1,.26865673,0,0,.26865673,.25373134,,,,,1.5413709,201026.34,0
38024,25,11,2.6940653,no,yes,40,1,0,0,0,.22604273,2,,,0,0,0,0,0,0,,,,,,201042.3,
38028,21,11,4.081461,no,yes,20,1,0,0,1,1.3951814,1,,,1,.43023255,0,0,.45348838,.43023255,,,,,1.5949671,201043.88,0
38030,27,11,2.2042091,no,yes,240,1,0,0,0,-.73643667,2,,,0,0,0,0,0,0,,,,,,201053.13,
38034,19,11,1.8545834,no,yes,40,1,0,0,0,-.83466601,2,,,0,0,0,0,0,0,,,,,,201039.92,
38036,18,11,1.9276143,no,yes,120,1,0,1,0,-.91833323,0,,,0,0,.02,0,0,0,,,,,1.5760627,201006.02,0
38038,35,11,3.7505789,yes,yes,50,1,1,1,1,-.17797905,1,-.037284102,432.22354,1,.42352942,0,0,.30588236,.29411766,6.0328031,-5.1651607,11.197964,9.3695745,1.8283893,201044.25,0
38040,22,11,2.4195065,no,yes,120,0,1,1,0,.1274914,1,,,1,.41666666,0,0,.40476191,.39285713,,,,,1.6119893,201043.5,0
38042,20,11,2.1565979,no,yes,180,0,0,1,0,-.84238547,1,,,1,.43023255,0,0,.31395349,.30232558,,,,,1.5418415,201043.88,.43023255
38046,21,11,2.5232611,no,yes,180,0,0,1,0,-.58557945,0,,,0,0,.43023255,0,0,0,,,,,1.5830765,201043.88,0
38052,18,11,2.0711598,no,yes,90,0,0,1,0,.031803522,1,,,1,.094339624,0,0,.11320755,.094339624,,,,,1.5977598,201008.06,0
38070,18,11,2.1282835,no,yes,180,0,0,1,0,-.61432678,1,,,1,.43023255,0,0,.44186047,.43023255,,,,,1.5878048,201043.88,.43023255
38074,27,11,2.3509421,yes,yes,140,0,1,1,0,-.065281793,0,,,0,0,.36000001,0,0,0,,,,,1.5468509,201036.03,0
38076,23,11,3.7066898,no,yes,60,1,0,0,0,-.52134126,2,-.30318832,447,0,0,0,0,0,0,6.0591888,-5.0746512,11.133841,,,201041.55,
38290,21,11,2.2940667,no,yes,20,0,0,1,1,.086041309,1,.050871499,432.93826,1,.41463414,0,0,.2682927,.25609756,6.0304313,-5.227735,11.258166,9.6772738,1.5750111,201042.19,0
38552,23,10,3.5765367,no,yes,30,1,0,1,0,-.62194538,0,-.38220322,392.83582,0,0,.26865673,0,0,0,5.899806,-4.9273596,10.827166,9.0598125,1.7673527,201026.34,0
38566,22,10,2.6179056,no,yes,300,0,1,1,1,.40499094,1,.23708053,514.56787,1,.43023255,0,0,.45348838,.43023255,6.2129374,-5.1436663,11.356604,9.5168238,1.8012586,201043.88,.43023255
38580,22,10,3.1737044,no,yes,150,0,0,0,1,.83452195,1,.52691495,540.03491,1,.43023255,0,0,.36046511,.36046511,6.1559219,-4.9924049,11.148327,9.3806067,1.7677202,201043.88,.43023255
38712,22,10,2.408632,no,yes,60,0,0,1,0,.20455851,1,.1499411,446.49384,1,.41463414,0,0,.40243903,.40243903,6.0695643,-5.3023458,11.37191,9.7193375,1.6324189,201042.14,0
38842,19,10,2.0195177,no,yes,140,1,0,1,0,-.32280189,0,-.25527555,406.22,0,0,.039215688,0,0,0,5.9685082,-5.1352501,11.103759,9.4842215,1.5877818,201006.14,0
38862,19,10,2.0092523,no,yes,20,0,0,1,0,-.38016951,0,-.3570368,383.7738,0,0,.41666666,0,0,0,5.9072804,-5.1287947,11.036075,9.4263048,1.6097707,201042.36,0
38868,22,10,2.5090065,no,yes,93,1,0,0,1,-.1642085,2,-.30411041,426.06152,0,0,0,0,0,0,5.9990058,-5.2966719,11.295677,,,201028.44,
38870,22,10,2.4790301,no,yes,40,1,0,0,1,-1.1615077,2,,,0,0,0,0,0,0,,,,,,201082.59,
38874,19,10,1.9677378,no,yes,240,1,0,0,0,-.49099079,2,-.38076389,417.6962,0,0,0,0,0,0,6.0034404,-5.1140823,11.117522,,,201045.97,
38878,25,10,2.7521698,no,yes,180,0,0,1,1,.71448916,1,.55805397,496.20929,1,.43023255,0,0,.44186047,.43023255,6.1675382,-5.1980662,11.365604,9.7045031,1.6611009,201043.88,.43023255
38888,19,10,2.2233968,no,yes,240,0,0,0,0,-.073953651,2,-.060608987,452.63528,0,0,0,0,0,0,6.0956454,-5.0452943,11.14094,,,201044.38,
38896,18,10,2.0856776,no,yes,20,0,0,0,0,-.5199852,2,-.44460219,410.7294,0,0,0,0,0,0,6.0025105,-5.1196351,11.122146,,,201044.38,
38898,22,10,2.3294411,no,yes,30,0,0,1,1,.23690538,1,.18143044,445.30487,1,.4512195,0,0,.46341464,.4512195,6.0597682,-5.1072516,11.16702,9.572175,1.5948447,201045.64,0
39048,22,10,2.6040044,no,yes,50,1,0,0,0,.12094997,2,.21147525,531.98041,0,0,0,0,0,0,6.2279263,-5.0795717,11.307498,,,201006.45,
39094,22,10,2.432162,no,yes,60,1,0,0,1,-.65268922,2,-.24385229,456.79745,0,0,0,0,0,0,6.0657992,-5.1132274,11.179027,,,201045.72,
39096,25,10,2.4575953,no,yes,200,1,0,1,0,.13306062,1,.20653321,478.81396,1,.43023255,0,0,.45348838,.43023255,6.115293,-5.1583672,11.273661,9.5078325,1.7658277,201043.88,.43023255
39098,22,10,2.4851246,no,yes,90,0,0,0,0,-.44145289,2,-.045909312,489.48148,0,0,0,0,0,0,6.1114111,-5.0359735,11.147385,,,201044.94,
39112,18,10,2.1679168,no,yes,120,0,0,0,1,.36747438,2,,,0,0,0,0,0,0,,,,,,201101.38,
39116,18,10,2.3208389,no,yes,90,0,0,0,1,.3164745,2,.30990887,493.07059,0,0,0,0,0,0,6.1838136,-5.1798739,11.363688,,,201044.38,
39136,18,10,2.141531,no,yes,300,0,0,0,0,-.47843733,2,-.50964701,403.63095,0,0,0,0,0,0,5.9858584,-5.1319809,11.11784,,,201043.67,
39144,18,10,2.307771,no,yes,135,0,0,1,0,.16412714,0,.081477925,446.17648,0,0,.42352942,0,0,0,6.0717039,-5.2279415,11.299645,9.6030769,1.6965684,201043.19,0
39164,19,10,1.9574367,no,yes,60,1,0,0,0,-.14104474,0,-.13355377,415.57648,0,0,.43529412,0,0,0,5.9892964,-5.143054,11.13235,9.4844332,1.6479172,201044.28,0
39430,22,9,2.5638165,no,yes,150,0,0,0,0,-.30358574,2,-.49907392,404.78482,0,0,0,0,0,0,5.975081,-5.2214465,11.196527,,,201039.61,
39458,21,9,2.0327144,no,yes,180,1,0,1,0,-.21245004,0,-.14784919,413.54218,0,0,.42168674,0,0,0,5.9991713,-5.123795,11.122967,9.4666443,1.6563219,201042.91,0
39466,19,9,2.3777688,no,yes,90,0,0,1,0,-.18108918,0,-.11464384,418.26746,0,0,.43023255,0,0,0,6.0077848,-5.2217164,11.229502,9.601264,1.6282376,201043.88,0
39478,22,9,2.4869344,no,yes,140,0,0,1,0,.058339849,0,.071854532,452.75,0,0,.14035088,0,0,0,6.0439992,-5.2051883,11.249187,9.6352444,1.5977883,201013.02,0
39490,23,9,2.8580811,no,yes,80,1,0,0,0,.4859314,0,,,0,0,.43023255,0,0,0,,,,,1.5477655,201043.88,0
39500,24,9,2.4607244,no,yes,110,1,0,0,1,-.54401863,2,,,0,0,0,0,0,0,,,,,,201050.2,
39502,19,9,2.1813598,no,yes,180,0,0,1,0,-.56728566,0,,,0,0,.36842105,0,0,0,,,,,1.4879264,201036.86,0
39512,19,9,2.7819822,no,yes,120,0,0,1,0,.21484897,1,,,1,.43529412,0,0,0,0,,,,,1.5095049,201044.3,0
39516,23,9,2.7643232,no,yes,90,0,0,0,1,.33039886,2,,,0,0,0,0,0,0,,,,,,201027.69,
39524,21,9,2.1915989,no,yes,20,1,0,0,1,-.14715424,2,,,0,0,0,0,0,0,,,,,,201017.72,
39530,21,9,2.7322366,no,yes,180,0,0,1,0,-.87997347,1,,,1,.35526314,0,0,.35526314,.34210527,,,,,1.4781078,201035.67,.35526314
39540,20,9,3.392601,no,yes,180,1,0,0,0,.78712553,2,,,0,0,0,0,0,0,,,,,,201036.86,
39548,26,9,2.2523489,no,yes,120,0,0,0,1,-.05570206,1,,,1,.43023255,0,0,.44186047,.43023255,,,,,1.5382619,201043.88,0
39626,21,9,2.5800779,no,yes,35,0,0,0,0,.26048055,2,.080617674,468.04761,0,0,0,0,0,0,6.1353989,-5.2868543,11.422253,,,201044.81,
39634,20,9,3.3516254,no,yes,28,0,0,0,0,1.4155835,1,1.0779333,580.29266,1,.44047618,0,0,.39285713,.38095239,6.3485823,-5.3242006,11.672783,9.9091549,1.7216365,201044.67,0
39748,22,9,2.5558746,yes,yes,60,0,1,1,0,.33006555,0,,,0,0,.44047618,0,0,0,,,,,1.598002,201044.75,0
39754,21,9,2.9838223,no,yes,40,1,0,0,1,-.52087051,2,-.33074433,442.45001,0,0,0,0,0,0,6.0335307,-5.1234369,11.156967,,,201040.56,
39798,18,9,1.9838089,no,yes,30,1,0,0,0,-.36209455,2,.0091873286,498.57895,0,0,0,0,0,0,6.1775265,-5.0814872,11.259013,,,201041.11,
39938,23,9,2.7840788,no,yes,60,0,0,0,1,.69559491,2,.83687115,550.57892,0,0,0,0,0,0,6.2848225,-5.0658159,11.350638,,,201041.2,
39942,28,9,2.2076132,yes,yes,100,1,1,1,1,-.36098954,1,-.43435046,366.71796,1,.37974682,0,0,.39240506,.36708862,5.8139873,-5.103159,10.917147,9.3286667,1.591053,201039.5,0
39972,23,9,2.5542045,no,yes,40,0,0,0,0,.20702136,2,.025864357,462.0723,0,0,0,0,0,0,6.1230154,-5.499157,11.622172,,,201044.08,
39990,24,9,2.6146433,no,yes,40,1,0,1,0,-.32987913,1,-.22617207,396.12943,1,.42352942,0,0,.43529412,.42352942,5.8828297,-5.0470824,10.929912,9.1941929,1.7357192,201043.17,0
40008,20,9,2.6680057,no,yes,120,1,0,0,0,.43000484,0,.42951825,542.44,0,0,.36363637,0,0,0,6.2452726,-5.0325618,11.277835,9.472928,1.7580262,201036.52,0
40018,22,9,2.4765911,no,yes,120,0,0,0,1,-.08132983,2,,,0,0,0,0,0,0,,,,,,201042.41,
40034,19,9,2.4618301,no,yes,300,0,0,1,0,.011707989,0,-.088760145,448.9516,0,0,.22222222,0,0,0,6.0329108,-5.3298941,11.362804,9.5922337,1.7534695,201022.92,0
40044,23,9.5,2.3107138,no,yes,180,0,0,0,1,-.32198727,2,-.17849143,467.58975,0,0,0,0,0,0,6.0510573,-5.234242,11.285299,,,201005.44,
40062,23,9,2.2496743,no,yes,170,0,1,1,0,.16290018,1,.21178061,487.94916,1,.18333334,0,0,.18333334,.16666667,6.1294689,-5.0839634,11.213432,9.4515696,1.7556038,201017.44,.18333334
40068,22,9,2.2646167,no,yes,65,1,0,0,0,-.086683087,2,,,0,0,0,0,0,0,,,,,,201007,
40076,24,9,2.0681224,no,yes,140,1,0,1,0,-.51346457,0,,,0,0,.12727273,0,0,0,,,,,1.2832378,201016.36,0
40162,21,8,2.5025301,no,yes,120,0,0,1,1,.05115984,0,.10685328,449.78751,0,0,.40000001,0,0,0,6.0733056,-5.2029657,11.276271,9.6431246,1.6331463,201040.69,0
40164,22,8,2.7391,no,yes,180,0,0,1,0,.25024065,1,,,1,.3888889,0,0,.30555555,.29166666,,,,,1.3107343,201038.75,.3888889
40174,28,8,2.4065824,yes,yes,30,1,1,1,1,-.13554592,0,-.09901689,420.49124,0,0,.14035088,0,0,0,5.9215202,-5.1407576,11.062278,9.521677,1.5406007,201014.58,0
40178,23,8,2.4487643,no,yes,80,1,0,0,1,-1.2089171,2,,,0,0,0,0,0,0,,,,,,201088.84,
40192,23,8,2.4117811,no,yes,180,1,0,1,0,.24658094,1,.25505593,455.2561,1,.40243903,0,0,0,0,6.090323,-5.0751534,11.165477,9.5708799,1.594596,201040.92,.40243903
40316,25,8,2.5293367,no,yes,60,0,0,1,0,.31361613,1,.21723764,450.14459,1,.42168674,0,0,.40963855,.40963855,6.0874476,-5.274334,11.361781,9.6966705,1.6651112,201043.92,0
40318,23,8,2.6573532,no,yes,60,0,0,0,0,-.0024920024,2,-.078145348,450.72153,0,0,0,0,0,0,6.0943437,-5.1812172,11.275561,,,201041.11,
40320,25,8,3.1419656,yes,yes,30,0,1,1,1,-1.1568869,1,,,1,.44578314,0,0,.45783132,.43373495,,,,,1.216913,201045.33,0
40322,24,8,2.4230156,no,yes,80,0,0,1,0,.088164203,1,-.002620402,420.42856,1,.44047618,0,0,.011904762,0,6.0132241,-5.4016519,11.414876,9.7672186,1.6476576,201044.67,0
40328,22,8,2.8085544,no,yes,40,1,0,0,0,.57849628,1,.51742315,490.71765,1,.42352942,0,0,.42352942,.42352942,6.1575789,-5.2109842,11.368563,9.6804857,1.6880773,201044.25,0
40334,23,8,3.0268366,no,yes,200,0,0,1,0,.40135863,0,,,0,0,.30985916,0,0,0,,,,,1.428262,201030.84,0
40336,25,8,1.8216889,no,yes,120,1,0,1,1,-.65914291,0,-.68617815,336.93549,0,0,.3548387,0,.016129032,.016129032,5.6651096,-5.0556927,10.720802,9.2745066,1.4462953,201038.97,0
40346,22,8,2.3013978,no,yes,120,0,0,1,0,-.60112876,0,-.63010287,344.91525,0,0,.20338982,0,0,0,5.7555513,-5.274404,11.029955,9.3820944,1.6478605,201019.14,0
40444,34,8,4.5790925,yes,yes,240,1,1,1,0,.68300152,1,,,1,.42352942,0,0,.16470589,.15294118,,,,,1.8129729,201043.13,.42352942
40456,23,8,2.9682412,no,yes,40,1,0,1,1,.21728741,0,.27202851,514.0119,0,0,.43023255,0,0,0,6.1927547,-5.2020698,11.394824,9.5663347,1.7940269,201043.88,0
40472,25,8,2.7997401,no,yes,90,0,0,1,0,.58080274,1,.5036698,541.8941,1,.43023255,0,0,.18604651,.1744186,6.2514992,-5.1633048,11.414804,9.6226969,1.7840437,201043.88,0
40490,21,8,2.2997365,no,yes,200,1,0,1,0,-.10713904,1,-.14086652,417.28235,1,.43023255,0,0,.45348838,.43023255,5.9900007,-5.2775912,11.267591,9.4687176,1.7907313,201043.88,.43023255
41100,23,7,2.6378334,no,yes,140,0,0,0,0,.27658442,2,,,0,0,0,0,0,0,,,,,,201039.69,
41140,29,7,2.4869277,no,yes,90,1,1,0,1,-.31911153,2,-.5956068,394.25,0,0,0,0,0,0,5.9260163,-5.4907703,11.416787,,,201104,
41156,20,7,2.4484098,no,yes,60,0,0,0,0,.15455012,2,.20773929,481.92062,0,0,0,0,0,0,6.1425953,-4.9906979,11.133293,,,201023.09,
41274,21,6,2.30598,no,yes,60,0,0,0,0,-.42327738,2,-.41542491,413.91357,0,0,0,0,0,0,6.0007439,-5.1355548,11.136298,,,201041.33,
41278,24,6,2.3615975,no,yes,20,0,0,0,1,-.29949313,2,-.2442853,432.59036,0,0,0,0,0,0,6.0500765,-5.2056293,11.255706,,,201042.92,
41286,23,6,2.2320545,no,yes,60,1,0,1,1,-.11448085,1,-.1136129,405.42682,1,.40243903,0,0,.41463414,.40243903,5.9590263,-5.2600517,11.221666,9.5294504,1.6934292,201040.97,0
41304,22,6,2.3107343,no,yes,2,1,0,0,0,-.57409728,2,-.6691308,386.2262,0,0,0,0,0,0,5.9270864,-5.162818,11.089905,,,201044.77,
41318,22,6,2.8944988,no,yes,150,0,0,1,0,-.70772916,1,,,1,.43037975,0,0,.4556962,.43037975,,,,,1.6342576,201043.39,.43037975
41320,22,6,2.0357277,no,yes,160,1,0,1,0,-.33971283,1,-.27569935,383.51923,1,.07692308,0,0,.096153848,.07692308,5.9202452,-5.2059216,11.126166,9.46064,1.6655267,201008,.07692308
41332,22,6,2.2184744,no,yes,70,1,0,1,0,-.56852251,0,-.52773869,359.48215,0,0,.125,0,0,0,5.7500811,-5.2011967,10.951278,9.328495,1.6227833,201013.02,0
41334,23,6,2.3744655,no,yes,120,0,0,0,0,-.22784299,2,-.25157171,431.79517,0,0,0,0,0,0,6.0491886,-5.1329494,11.182138,,,201043,
41340,25,6,2.0534735,no,yes,60,1,1,0,1,-.036637999,2,,,0,0,0,0,0,0,,,,,,201040.45,
41344,24,6,2.2516668,no,yes,40,1,0,0,1,-.4063634,2,-.36105511,419.84705,0,0,0,0,0,0,6.0225949,-5.2403779,11.262973,,,201044.38,
41818,23,6,1.5676389,no,yes,40,0,0,1,1,-.21933737,1,,,1,.38571429,0,0,.071428575,.057142857,,,,,1.5525296,201038.58,0
42096,23,5,1.9338323,no,yes,60,1,0,0,0,-.40395424,0,-.39321843,378.625,0,0,.020833334,0,0,0,5.9066596,-5.1586046,11.065264,9.4437551,1.621509,201006.06,0
42098,21,5,2.1436677,no,yes,20,0,0,0,0,-.10931762,2,-.045721442,454.26001,0,0,0,0,0,0,6.0860109,-5.1023512,11.188362,,,201008.13,
42104,21,5,2.0368733,no,yes,20,0,0,1,0,-.37152001,1,-.36164197,371.90323,1,.22580644,0,0,.24193548,.20967741,5.8671641,-5.1367688,11.003933,9.3982973,1.6056349,201023.28,0
42108,23,5,2.180999,no,yes,165,1,0,1,0,.37852836,1,.27183393,463.03613,1,.42857143,0,0,.45238096,.42857143,6.1219597,-5.3214593,11.443419,9.7813997,1.6422333,201043.58,.42857143
42112,22,5,2.2019689,no,yes,60,1,0,0,1,-.023506269,2,,,0,0,0,0,0,0,,,,,,201039.3,
42140,25,5,2.0991511,yes,yes,120,1,1,1,0,.43639743,0,,,0,0,.45679012,0,0,0,,,,,1.5473737,201046.22,0
42146,21,5,2.6055667,no,yes,155,1,0,1,0,-.0032222671,0,,,0,0,.44047618,0,0,0,,,,,1.2583001,201044.89,0
42152,25,5,2.2796545,no,yes,120,1,0,1,0,.14814351,0,.045185596,441.0119,0,0,.42857143,0,0,0,6.0756445,-5.1589489,11.234593,9.5754471,1.6591467,201043.7,0
42308,23,5,2.1777735,no,yes,190,0,1,1,1,-.2369827,1,-.2300373,396.90741,1,.14545454,0,0,.054545455,.054545455,5.8876405,-5.280273,11.167913,9.4941988,1.6432829,201018.16,.14545454
42350,27,5,2.1230488,no,yes,90,1,1,0,1,-.085735328,2,-.10002884,448.33334,0,0,0,0,0,0,6.0823607,-5.2778468,11.360208,,,201027.86,
42584,21,4,2.4338334,no,yes,25,0,0,0,0,-1.6280773,2,-1.4682869,299.01282,0,0,0,0,0,0,5.6774487,-5.4639316,11.14138,,,201046.97,
42592,23,4,2.1660967,no,yes,120,0,0,0,0,-.074461624,1,-.087988332,408.89026,1,.4512195,0,0,.43902439,.42682928,5.9617033,-5.1582131,11.119916,9.4670687,1.6528474,201045.97,0
42594,20,4,2.0382111,no,yes,90,0,0,0,0,-.36291957,2,-.52722621,401.71249,0,0,0,0,0,0,5.9675255,-5.3036599,11.271186,,,201047.08,
42618,22,4,2.4991667,no,yes,30,1,0,1,1,-.98900038,1,-.84908211,306.02084,1,.10416666,0,0,.0625,.041666668,5.6517153,-5.2449698,10.896686,9.2225332,1.6741518,201010.55,0
42624,23,4,2.1169591,no,yes,180,0,0,1,0,.4924019,1,.40722144,475.82278,1,.43037975,0,0,.44303799,.43037975,6.1168785,-5.1242304,11.241109,9.5356197,1.7054884,201043.77,.43037975
42628,22,4,2.6698179,no,yes,140,1,0,1,0,-.22114225,1,-.056668319,413.12344,1,.45679012,0,0,.38271606,.35802469,5.9774127,-5.1905799,11.167993,9.392231,1.7757618,201046.41,.45679012
42632,21,4,2.1365278,no,yes,210,0,0,1,0,-.020215189,0,-.14116281,419.80768,0,0,.43037975,0,0,0,5.9835496,-5.191494,11.175043,9.4912834,1.6851268,201043.72,0
42634,20,4,2.3890445,no,yes,20,1,0,1,1,-.93109912,0,-.73308188,330.26086,0,0,.42028984,0,0,0,5.7460966,-5.3327026,11.078799,9.3312511,1.7475486,201041.67,0
42682,22,4,2.2165678,no,yes,240,0,1,1,0,.28645545,0,.30963624,500.90698,0,0,.022222223,0,0,0,6.1419849,-5.1515107,11.293496,9.6511145,1.6126294,201006.41,0
43254,21,3,2.0256157,no,yes,120,0,0,0,1,.39586684,2,,,0,0,0,0,.033333335,.033333335,,,,,,201039.66,
43258,22,3,2.5343001,no,yes,180,1,0,1,0,-.73146695,0,-.53320527,358.70422,0,0,.49295774,0,0,0,5.8221393,-5.3388515,11.160991,9.3864613,1.7745299,201049.66,0
43264,22,3,2.1834314,no,yes,210,1,0,1,1,-.96417403,1,-.84532553,306.52856,1,.5,0,0,.37142858,.37142858,5.6598353,-5.5629907,11.222826,9.4756947,1.7471309,201051.52,.5
43270,25,3,2.6007185,no,yes,180,0,0,1,0,-1.0252231,1,,,1,.49315068,0,0,.52054793,.49315068,,,,,1.2990255,201049.95,.49315068
43278,23,3,1.8964972,no,yes,120,0,0,1,1,-.26523525,1,,,1,.45588234,0,0,.39705881,.39705881,,,,,1.1263343,201047.38,0
43280,22,3,2.16099,no,yes,20,0,0,0,1,.37800485,2,,,0,0,0,0,0,0,,,,,,201046.41,
43286,20,3,2.3404601,no,yes,20,0,0,1,0,-.072280474,1,,,1,.49295774,0,0,.18309858,.18309858,,,,,1.694387,201051.08,0
43288,21,3,2.3061087,no,yes,105,1,0,1,0,-1.1899633,1,-1.0811675,274.65216,1,.23913044,0,0,.23913044,.23913044,5.3347859,-5.2042336,10.53902,8.9093046,1.6297152,201025.78,0
43500,27,3,2.6960227,yes,yes,120,0,1,1,1,.79742211,0,,,0,0,.49206349,0,0,0,,,,,1.6358244,201049.16,0
43514,23,3,2.4673429,no,yes,80,1,0,0,1,-1.2199302,2,,,0,0,0,0,0,0,,,,,,201058.27,
43520,23,3,1.6894429,no,yes,80,1,0,0,1,-.8340925,2,,,0,0,0,0,0,0,,,,,,201047.92,
43524,24,3,2.34497,no,yes,140,1,0,1,0,-.96289051,0,-.8467111,314.09091,0,0,.25,0,0,0,5.7027316,-5.4356732,11.138405,9.3616228,1.7767822,201024.75,0
43528,22,3,2.0830257,no,yes,120,1,0,0,1,-1.5502714,2,-1.4427474,301.79999,0,0,0,0,0,0,5.68577,-5.4129353,11.098705,,,201024.72,
43534,23,3,2.3380985,no,yes,180,1,0,1,1,-.39900938,1,-.27127188,384.11765,1,.5147059,0,0,.39705881,.38235295,5.9248767,-5.2801852,11.205062,9.4306231,1.774439,201051.73,.5147059
43538,27,4,2.2302721,yes,yes,90,0,1,0,1,-.79704231,2,-.34558216,440,0,0,0,0,0,0,6.0124178,-5.1895242,11.201941,,,201052.69,
43542,28,4.5,1.9261174,yes,yes,30,0,1,0,0,-.4885104,2,,,0,0,0,0,0,0,,,,,,201042.23,
43556,26,3.5,2.3313868,no,yes,40,0,1,0,0,-.26479942,2,,,0,0,0,0,0,0,,,,,,201051.63,
43568,22,4,2.065238,no,yes,30,0,0,0,0,-.49482194,2,-.43665904,424.96155,0,0,0,0,0,0,6.0155067,-5.3878779,11.403385,,,201007.11,
43570,18,3.5,2.4264233,no,yes,180,1,0,1,0,-.91051668,0,-.72547317,335.52777,0,0,.5138889,0,0,0,5.7764988,-5.2487526,11.025251,9.2024317,1.8228201,201052.02,0
43926,22,3,2.8931179,no,yes,50,1,0,1,0,-.63961661,1,-.45249286,363.57574,1,.5147059,0,0,.36764705,.35294119,5.8571315,-5.1003447,10.957476,9.1700554,1.7510051,201051.89,0
43928,22,4,2.0455067,no,yes,20,0,0,0,1,-.79323697,2,-.79716873,365.43478,0,0,0,0,0,0,5.8113155,-5.4767723,11.288088,,,201007.44,
43952,24,3,2.2289779,no,yes,140,0,0,0,1,-.51637858,2,,,0,0,0,0,0,0,,,,,,201052.47,
44256,21,2.5,1.8639133,no,yes,120,0,0,1,0,-.77825111,0,1.2242627,761,0,0,.36170211,0,0,0,6.5875435,,,,1.341992,201036.52,0
44266,19,2.5,2.1462648,no,yes,55,1,0,1,0,-.97665989,1,-.88299251,301.4375,1,.515625,0,0,.53125,.515625,5.6134987,-5.4141884,11.027687,9.2983665,1.7293208,201051.73,0
44282,20,2.5,1.9008915,no,yes,240,0,0,1,0,-.30935547,0,-.3323428,387.28787,0,0,.5151515,0,0,0,5.9070368,-5.2117519,11.118789,9.4683723,1.6504159,201051.92,0
44408,22,2.5,1.6431301,no,yes,180,0,0,1,0,.064272322,1,.051439408,427.73529,1,.54411763,0,0,.55882353,.54411763,5.9839454,-5.1309133,11.114859,9.4745932,1.6402662,201054.84,.54411763
44782,23,2,2.7881098,no,yes,60,1,0,1,0,-.036708336,1,.090488896,456.63934,1,.55737704,0,0,.57377046,.55737704,6.0939388,-5.1765814,11.27052,9.4522076,1.8183129,201055.67,0
44784,31,2,2.4996901,no,yes,30,1,0,1,1,-.62566411,1,-.50724787,342.41934,1,.56451613,0,0,.58064514,.56451613,5.7883229,-5.1796122,10.967935,9.1523323,1.8156023,201056.47,0
44794,23,3,2.4931734,no,yes,40,1,0,1,0,-1.2001402,0,-1.0743102,307,0,0,.12903225,0,0,0,5.5975628,-5.2880082,10.885571,9.1240253,1.6134324,201008.61,0
44800,25,2,2.74229,no,yes,120,1,0,1,1,-.46718282,0,-.30734429,412.2034,0,0,.56666666,0,0,0,5.9556298,-5.1150818,11.070712,9.2697763,1.7824718,201056.52,0
45238,22,2,1.6785461,no,yes,40,1,0,1,0,.36973688,1,,,1,.5535714,0,0,.51785713,.51785713,,,,,1.771561,201056.75,0
45254,23,2,1.908324,no,yes,210,1,0,0,1,-1.1355312,0,-.98740888,294.06897,0,0,.56896549,0,0,0,5.6591339,-5.4679627,11.127096,9.3331537,1.7939427,201056.56,0
45442,22,2.5,2.4788702,no,yes,40,1,0,1,0,-1.0100209,0,-.90924549,310.10345,0,0,.59322035,0,0,0,5.6767192,-5.173317,10.850036,9.0516005,1.7952319,201059.05,0
47274,24,25,1.989655,no,yes,40,1,0,0,1,-.6109398,2,,,0,0,0,0,0,0,,,,,,201046.28,
