"Timestamp","Username","EID","In your own words, what is the main assumption behind a regression discontinuity design?","Imagine that I have an intervention that was assigned based on a continuous score (from 1 to a 100, and the cutoff for receiving the treatment was c=50). Can I use a regression discontinuity design to estimate the effect for units with a score of 25 vs units with a score of 75? Why or why not?","About the class videos that have been posted...","Did you find the last lecture...","Do you find the live R coding useful in class?","Do you have any questions related to the material we covered in the previous classes or any other comments or suggestions you would like to make?"
"2021/03/03 3:24:11 AM CST","ziqi.sun@utexas.edu","zs5982","Individuals to just the left and right of the cutoff, that are really close to the cutoff, are basically the same with no systematic differences. In this way, a regression discontinuity design avoids confounders.","No, the regression discontinuity design cannot be used to estimate the effect for score 25 versus 75. The cutoff for the running variable is 50, and 25 and 75 are too far from this cutoff that there could be systematic differences. For example, those with score 25 are less motivated than those with score 75. In this case, confounders cannot be avoided in the RD design. More appropriate scores to compare could be 48 and 52.","I've watched all of them","Pace was ok","4","I think it would be better if we could take a break during the middle of the lecture. It was not easy to stay focused across the whole two hours. A break splitting the lecture into two parts enables people to gain some refreshment and maintain engagement in lecture materials."
"2021/03/03 3:57:01 PM CST","danielmiao@utexas.edu","dm52663","People above a certain threshold get treated and others below are not treated. It looks like a randomized experiment since some are treated and some aren't ad compare the treatments. It is a fine line dividing units that can be used as a psuedo-experiment. ","No, because the threshold of 50 measures outcomes on either side of the 50 cutoff. Specific values such as 25 or 75 are not able to be estimated or predicted using regerssion discounuity design because the treatment is not affecting specific numbers, but instead affecting the overall effects of the two groups, either above 50 or below 50. Then, it will be very difficult to find the specific score outcome from results of this. We have to look close to the cutoff to prevent confounders.","","","5",""
"2021/03/04 6:52:25 PM CST","sonalidc@utexas.edu","sdc3236","The main assumption behind a regression discontinuity design is that the units on either side of the cutoff value are essentially the same in every characteristic but the treatment. Therefore, the treatment and control would perform the same in the absence of treatment. ","No, because you are not comparing observations close to each other on either side of the cutoff. Ideally, you would estimate the effect for units with a score of 49 vs units with a score of 51, because you want the units on either side of the cutoff value to be essentially the same. When you compare observations that are distant on each side of the cutoff, there is a potential for confounding.","I've watched all of them","Pace was ok","5","N/A"
"2021/03/04 10:05:47 PM CST","shrutibajaj@utexas.edu","spb2273","The main assumption behind a regression discontinuity design is all variables other than the variable of interest must be continuous. The variable of interest is discrete. ","No, because the discontinuity occurs at c=50. All values before and after the discontinuity are continuous. ","I've watched some","Too fast-paced","3","More detailed slides would be super helpful as it helps me to retain information when I read it and they will make it easier to review bits of information as needed. Additionally, more examples that are simpler/easier to follow would also be helpful as sometimes I get lost in trying to understand the scenario and cannot focus on the actual concepts."
"2021/03/07 1:15:24 AM CST","victoriafu1118@utexas.edu","tf8466","A discontinuous change in the probability of exposure at the assignment cut-off","No, we cannot know how much is the cut-off.","I've watched all of them","Too fast-paced","2",""
"2021/03/07 3:48:57 AM CST","arthurleo@utexas.edu","adl3227","Often times a units treatment is decided on a certain threshold. Sometimes, there is no real difference between a unit that is just above or just below the threshold. Therefore, if there is no systematic difference between the two, we can just compare the average outcome of those two.","I don't think so because those values are too far from the threshold","I've watched some","Pace was ok","3",""
"2021/03/07 5:06:38 AM CST","adamvazin@utexas.edu","Asv743","All factors are continuous when the outcome and treatment variables are discontinuous. ","I believe you can since the cutoff is 50 and taking a score of 25 would be the group that is not treated, while those with a score of 75 are treated, then you could compare the average outcomes of the two groups.","I've watched all of them","Pace was ok","5",""
"2021/03/07 1:35:04 PM CST","scorno14@gmail.com","cks955","The process of giving a test to participants prior to the trial to determine if the participant should be in the treatment or control group based on their score.","No, these scores are not close enough to each other to compare the two.","I've watched some","Too fast-paced","5",""
"2021/03/07 2:14:16 PM CST","rohankhanijow12@utexas.edu","rk26457","All other relevant variables besides the treatment and outcome variable should be continuous through the cutoff. This would make the treatment and control groups semi-balanced in nature and able to be fairly compared","No I don't think this is a fair regression continuity design as the difference between groups would not be as good as random, and would be different in nature. The distance from the cutoff of 50 is too far to assume the groups are balanced and are as good as random in terms of covariates.","I've watched all of them","Pace was ok","3","more guidance/hints regarding r-coding on homework would be great. the videos have been a great help but i still find myself having to go on stack overflow and websites like that to try and figure out how a lot of functions work/ which I can apply to the problem at hand"
"2021/03/07 3:25:07 PM CST","gaytri_riya_vasal@yahoo.com","grv377","It has a design similar to a quasi experiment, and it is unique in that it establishes a threshold for the intervention. The intervention can then be assigned above or below that threshold. A major assumption is that all other variables besides the main treatment and outcome variables are continuous at the point where the threshold is established.","I believe so, because the units with different scores would be in separate groups for comparison. The score of 50 may also indicate a level of randomness in the assignment. Of course, this analysis rests on the assumption that the agents involved cannot manipulate their treatment status perfectly.","I've watched all of them","Too fast-paced","3",""
"2021/03/07 4:02:48 PM CST","prerana.amargol@utexas.edu","psa449","The main assumption of a regression discontinuity design is that all variables besides the treatment and outcome are continuous at the point where the treatment occurs.","You can use this design to compare those below 50 and above 50, but not specifically 25 and 75 because the treatment occurs for the upper half and lower half. ","I've watched some","Pace was ok","2","I think it would be somewhat beneficial to have a 5 minute break in the middle of class! I feel like sometimes my stamina starts to wear off towards the end, and a break would give us some time to get refreshed so we can stay focused for the entire duration of the class. "
"2021/03/07 6:21:31 PM CST","txle18@utexas.edu","tl26864","All other factors are continuous with respect to the ""x"" value and suggested linearity. People who are just below or above a threshold are given or not given treatment no matter how far/close they lie against the threshold.","No, regression discontinuity design is constructed so that no matter how far/close you are against the threshold, c=50, you are given the treatment if you lie above and not given if you lie below. All values above or below the threshold are the same in regards to treatment.","I've watched all of them","Pace was ok","5","Will there be a rubric/solution pdf given out to use for Homework 1 so that we can evaluate what we did wrong and can remediate for future assignments? A solution key would be very helpful to study for the exams too."
"2021/03/07 7:10:46 PM CST","qthydang@utexas.edu","qd788","When using the regression discontinuity design, we are assuming that the other variables (not including the treatment and outcome variables) are continuous at the point the discontinuities occur. Also, the treatment group must be assigned randomly.","Yes, you can use a regression discontinuity design to estimate the average treatment effect. The cutoff (50) is below and above the intervention (25 and 75). Therefore, by examining the values that fall closely above or below the cutoff, you can observe the average treatment effect. ","I've watched some","Pace was ok","4",""
"2021/03/07 7:21:55 PM CST","ytl85@utexas.edu","ytl85","It requires all variables to be continuous besides the treatment and outcome variable at the point where the experiment occurs.","Yes, since it is continuous from 1 to 100 it will work. ","","","",""
"2021/03/07 7:47:25 PM CST","allison.osorio@gmail.com","ayo243","It is a design that assigns a cut off for each of the options, so each of the effects have their own threshold.","Yes because the regression discontinuity design would be able to assign the different thresholds with 25 and 75.","I've watched some","Pace was ok","4",""
"2021/03/07 7:48:36 PM CST","rachelmariebaker@gmail.com","rmb3982","The main assumption behind a regression discontinuity design is that everything that affects the treatment and outcome variables (such as covariates) are continuous on either side of the treatment. ","You cannot use a regression discontinuity because scores of 25 and 75 are not similar enough to a score of 50. They are also vastly different from each other. ","I've watched all of them","Pace was ok","5",""
"2021/03/07 9:20:11 PM CST","ahnishida@utexas.edu","an25562","In RD studies, participants are assigned to a treatment or control group based on a cutoff score or other covariate. We assume the cutoff score is arbitrary, the relationship between covariates isn't related by the cutoff. ","Yes, if we assume the relationship between the predictor variables and the outcome variable is continuous across this large range. We loose confidence the farther from the cutoff the values are. ","I've watched all of them","Pace was ok","4",""
"2021/03/07 9:54:21 PM CST","achamounko@utexas.edu","afc789","Covariates eventually meet at a point where there is a cut-off or discontinuity, so not continuous.","Yes you can use a regression discontinuity design, as you only need to measure variable below or above the cutoff. It would be best to have more information about the curve, and there also needs to be an adequate range of values.","I've watched all of them","Pace was ok","5","It seems that there still is a mismatch in class, which is why students may be quiet. I’m pretty open about not understanding information, but it may mean that we need to have an additional example to better understand the information."
"2021/03/07 10:26:52 PM CST","Pranavramesh000@gmail.com","pr24447","You can calculate treatment effects by using people who are barely qualified for treatment and comparing them to people who barely underqualified for treatment","No, they aren't similar enough to be able to compare them and see the treatment effects from the interaction.","I've watched some","Pace was ok","5",""