year,countyreal,lpop,lemp,year_mw
2003,8001,5.896760933,8.461469043,2007
2004,8001,5.896760933,8.336869637,2007
2005,8001,5.896760933,8.340217321,2007
2006,8001,5.896760933,8.378160983,2007
2007,8001,5.896760933,8.487352349,2007
2003,8019,2.232377198,4.997212274,2007
2004,8019,2.232377198,5.081404365,2007
2005,8019,2.232377198,4.787491743,2007
2006,8019,2.232377198,4.990432587,2007
2007,8019,2.232377198,5.036952602,2007
2003,8023,1.298282484,2.197224577,2007
2004,8023,1.298282484,2.302585093,2007
2005,8023,1.298282484,2.772588722,2007
2006,8023,1.298282484,1.945910149,2007
2007,8023,1.298282484,2.995732274,2007
2003,8029,3.326258295,5.883322388,2007
2004,8029,3.326258295,5.789960171,2007
2005,8029,3.326258295,5.857933154,2007
2006,8029,3.326258295,5.998936562,2007
2007,8029,3.326258295,6.104793232,2007
2003,8041,6.247905534,8.968650903,2007
2004,8041,6.247905534,8.915700819,2007
2005,8041,6.247905534,8.900957873,2007
2006,8041,6.247905534,8.902727664,2007
2007,8041,6.247905534,8.881002624,2007
2003,8063,2.080815597,4.941642423,2007
2004,8063,2.080815597,4.86753445,2007
2005,8063,2.080815597,4.663439094,2007
2006,8063,2.080815597,4.812184355,2007
2007,8063,2.080815597,4.919980926,2007
2003,8075,3.020619989,5.697093487,2007
2004,8075,3.020619989,5.631211782,2007
2005,8075,3.020619989,5.720311777,2007
2006,8075,3.020619989,5.796057751,2007
2007,8075,3.020619989,5.560681631,2007
2003,8103,1.789423409,4.454347296,2007
2004,8103,1.789423409,4.584967479,2007
2005,8103,1.789423409,4.753590191,2007
2006,8103,1.789423409,4.905274778,2007
2007,8103,1.789423409,4.718498871,2007
2003,8117,3.159040891,6.378426184,2007
2004,8117,3.159040891,6.274762021,2007
2005,8117,3.159040891,6.284134161,2007
2006,8117,3.159040891,6.381816017,2007
2007,8117,3.159040891,6.431331082,2007
2003,8123,5.198143378,7.755338813,2007
2004,8123,5.198143378,7.687997166,2007
2005,8123,5.198143378,7.754052639,2007
2006,8123,5.198143378,7.789454566,2007
2007,8123,5.198143378,7.803026644,2007
2003,12007,3.261475438,5.501258211,2006
2004,12007,3.261475438,5.59471138,2006
2005,12007,3.261475438,5.247024072,2006
2006,12007,3.261475438,5.433722004,2006
2007,12007,3.261475438,5.442417711,2006
2003,12019,4.947439871,7.772752716,2006
2004,12019,4.947439871,7.811163385,2006
2005,12019,4.947439871,7.80139132,2006
2006,12019,4.947439871,7.863266724,2006
2007,12019,4.947439871,7.870165946,2006
2003,12023,4.0344707,6.991176887,2006
2004,12023,4.0344707,6.538139824,2006
2005,12023,4.0344707,6.590301048,2006
2006,12023,4.0344707,6.551080335,2006
2007,12023,4.0344707,6.717804695,2006
2003,12029,2.626623202,3.850147602,2006
2004,12029,2.626623202,4.077537444,2006
2005,12029,2.626623202,4.356708827,2006
2006,12029,2.626623202,4.317488114,2006
2007,12029,2.626623202,4.33073334,2006
2003,12051,3.589335324,6.426488457,2006
2004,12051,3.589335324,6.423246964,2006
2005,12051,3.589335324,6.37331979,2006
2006,12051,3.589335324,6.411818268,2006
2007,12051,3.589335324,6.37331979,2006
2003,12071,6.088790875,8.758726608,2006
2004,12071,6.088790875,8.798454696,2006
2005,12071,6.088790875,8.991188842,2006
2006,12071,6.088790875,9.151651376,2006
2007,12071,6.088790875,9.068431126,2006
2003,12087,4.376875892,6.723832441,2006
2004,12087,4.376875892,6.792344427,2006
2005,12087,4.376875892,6.758094504,2006
2006,12087,4.376875892,6.746412129,2006
2007,12087,4.376875892,6.747586527,2006
2003,12093,3.581015808,5.723585102,2006
2004,12093,3.581015808,6.011267174,2006
2005,12093,3.581015808,6.102558595,2006
2006,12093,3.581015808,6.091309882,2006
2007,12093,3.581015808,6.144185634,2006
2003,12097,5.150356656,7.590852124,2006
2004,12097,5.150356656,7.593877845,2006
2005,12097,5.150356656,7.765569081,2006
2006,12097,5.150356656,7.873217055,2006
2007,12097,5.150356656,7.847371836,2006
2003,12099,7.031020151,9.76864101,2006
2004,12099,7.031020151,9.629182277,2006
2005,12099,7.031020151,9.722025626,2006
2006,12099,7.031020151,9.816239784,2006
2007,12099,7.031020151,9.893639216,2006
2003,12109,4.813281314,7.550661243,2006
2004,12109,4.813281314,7.627057417,2006
2005,12109,4.813281314,7.711996507,2006
2006,12109,4.813281314,7.862882035,2006
2007,12109,4.813281314,7.881182202,2006
2003,12113,4.768504283,7.090909822,2006
2004,12113,4.768504283,7.163946684,2006
2005,12113,4.768504283,7.360739903,2006
2006,12113,4.768504283,7.403061091,2006
2007,12113,4.768504283,7.333676396,2006
2003,12121,3.550880956,5.673323267,2006
2004,12121,3.550880956,5.697093487,2006
2005,12121,3.550880956,5.700443573,2006
2006,12121,3.550880956,5.777652323,2006
2007,12121,3.550880956,5.783825182,2006
2003,13011,2.668754818,5.272999559,0
2004,13011,2.668754818,5.313205979,0
2005,13011,2.668754818,5.493061443,0
2006,13011,2.668754818,5.598421959,0
2007,13011,2.668754818,5.572154032,0
2003,13013,3.831766942,6.188264123,0
2004,13013,3.831766942,6.182084907,0
2005,13013,3.831766942,6.255750042,0
2006,13013,3.831766942,6.43775165,0
2007,13013,3.831766942,6.401917197,0
2003,13019,2.787169406,5.564520407,0
2004,13019,2.787169406,5.556828062,0
2005,13019,2.787169406,5.655991811,0
2006,13019,2.787169406,5.627621114,0
2007,13019,2.787169406,4.997212274,0
2003,13021,5.036218567,7.738923757,0
2004,13021,5.036218567,7.727975542,0
2005,13021,5.036218567,7.731492029,0
2006,13021,5.036218567,7.709756864,0
2007,13021,5.036218567,7.607381426,0
2003,13037,1.843719208,2.772588722,0
2004,13037,1.843719208,3.044522438,0
2005,13037,1.843719208,2.708050201,0
2006,13037,1.843719208,3.17805383,0
2007,13037,1.843719208,3.465735903,0
2003,13039,3.776523964,6.224558429,0
2004,13039,3.776523964,6.29156914,0
2005,13039,3.776523964,6.356107661,0
2006,13039,3.776523964,6.342121419,0
2007,13039,3.776523964,6.293419279,0
2003,13049,2.330394794,4.624972813,0
2004,13049,2.330394794,4.465908119,0
2005,13049,2.330394794,4.663439094,0
2006,13049,2.330394794,4.700480366,0
2007,13049,2.330394794,4.753590191,0
2003,13057,4.955143726,7.422373701,0
2004,13057,4.955143726,7.499976541,0
2005,13057,4.955143726,7.626082758,0
2006,13057,4.955143726,7.713784617,0
2007,13057,4.955143726,7.803435057,0
2003,13077,4.491049187,7.113142109,0
2004,13077,4.491049187,7.07834158,0
2005,13077,4.491049187,7.104144093,0
2006,13077,4.491049187,7.161622003,0
2007,13077,4.491049187,7.263329617,0
2003,13079,2.525328564,4.025351691,0
2004,13079,2.525328564,3.663561646,0
2005,13079,2.525328564,3.433987204,0
2006,13079,2.525328564,3.401197382,0
2007,13079,2.525328564,3.135494216,0
2003,13093,2.444518589,3.761200116,0
2004,13093,2.444518589,3.737669618,0
2005,13093,2.444518589,3.63758616,0
2006,13093,2.444518589,4.094344562,0
2007,13093,2.444518589,4.343805422,0
2003,13097,4.523678095,7.427144133,0
2004,13097,4.523678095,7.467942332,0
2005,13097,4.523678095,7.5750717,0
2006,13097,4.523678095,7.715123604,0
2007,13097,4.523678095,7.827639546,0
2003,13109,2.350898953,5.198497031,0
2004,13109,2.350898953,5.159055299,0
2005,13109,2.350898953,5.214935758,0
2006,13109,2.350898953,5.135798437,0
2007,13109,2.350898953,5.209486153,0
2003,13113,4.513745448,7.425357887,0
2004,13113,4.513745448,7.443663683,0
2005,13113,4.513745448,7.451822237,0
2006,13113,4.513745448,7.517520851,0
2007,13113,4.513745448,7.637234389,0
2003,13117,4.58911194,7.331060305,0
2004,13117,4.58911194,7.388946098,0
2005,13117,4.58911194,7.527793988,0
2006,13117,4.58911194,7.647308832,0
2007,13117,4.58911194,7.638198244,0
2003,13129,3.786550481,6.445719819,0
2004,13129,3.786550481,6.376726948,0
2005,13129,3.786550481,6.361302478,0
2006,13129,3.786550481,6.354370041,0
2007,13129,3.786550481,6.398594935,0
2003,13135,6.377488563,9.19482056,0
2004,13135,6.377488563,9.145908512,0
2005,13135,6.377488563,9.19482056,0
2006,13135,6.377488563,9.2950491,0
2007,13135,6.377488563,9.295692039,0
2003,13147,3.135363773,5.583496309,0
2004,13147,3.135363773,5.442417711,0
2005,13147,3.135363773,5.583496309,0
2006,13147,3.135363773,5.513428746,0
2007,13147,3.135363773,5.572154032,0
2003,13155,2.295661178,4.060443011,0
2004,13155,2.295661178,3.828641396,0
2005,13155,2.295661178,4.127134385,0
2006,13155,2.295661178,3.828641396,0
2007,13155,2.295661178,3.871201011,0
2003,13161,2.540341357,5.010635294,0
2004,13161,2.540341357,4.912654886,0
2005,13161,2.540341357,5.075173815,0
2006,13161,2.540341357,5.198497031,0
2007,13161,2.540341357,5.236441963,0
2003,13179,4.120824195,6.023447593,0
2004,13179,4.120824195,5.916202063,0
2005,13179,4.120824195,6.17586727,0
2006,13179,4.120824195,6.135564891,0
2007,13179,4.120824195,6.150602768,0
2003,13195,3.247657626,4.753590191,0
2004,13195,3.247657626,4.779123493,0
2005,13195,3.247657626,4.663439094,0
2006,13195,3.247657626,4.875197323,0
2007,13195,3.247657626,5.003946306,0
2003,13197,1.966272844,3.737669618,0
2004,13197,1.966272844,3.63758616,0
2005,13197,1.966272844,3.526360525,0
2006,13197,1.966272844,3.891820298,0
2007,13197,1.966272844,3.951243719,0
2003,13209,2.112634509,3.828641396,0
2004,13209,2.112634509,3.401197382,0
2005,13209,2.112634509,3.555348061,0
2006,13209,2.112634509,3.663561646,0
2007,13209,2.112634509,3.583518938,0
2003,13211,2.738061975,5.192956851,0
2004,13211,2.738061975,5.187385806,0
2005,13211,2.738061975,5.283203729,0
2006,13211,2.738061975,5.605802066,0
2007,13211,2.738061975,5.59471138,0
2003,13213,3.597476631,5.710427017,0
2004,13213,3.597476631,5.683579767,0
2005,13213,3.597476631,5.384495063,0
2006,13213,3.597476631,5.720311777,0
2007,13213,3.597476631,5.65248918,0
2003,13217,4.127150514,6.452048954,0
2004,13217,4.127150514,6.49677499,0
2005,13217,4.127150514,6.516193076,0
2006,13217,4.127150514,6.628041376,0
2007,13217,4.127150514,6.625392368,0
2003,13223,4.402784688,6.385194399,0
2004,13223,4.402784688,6.484635236,0
2005,13223,4.402784688,6.712956201,0
2006,13223,4.402784688,6.80682936,0
2007,13223,4.402784688,6.98471632,0
2003,13227,3.134754812,5.323009979,0
2004,13227,3.134754812,5.438079309,0
2005,13227,3.134754812,5.375278408,0
2006,13227,3.134754812,5.407171771,0
2007,13227,3.134754812,5.451038454,0
2003,13233,3.640922693,5.966146739,0
2004,13233,3.640922693,5.926926026,0
2005,13233,3.640922693,5.948034989,0
2006,13233,3.640922693,5.908082938,0
2007,13233,3.640922693,5.910796644,0
2003,13237,2.934494964,5.003946306,0
2004,13237,2.934494964,5.036952602,0
2005,13237,2.934494964,5.087596335,0
2006,13237,2.934494964,5.525452939,0
2007,13237,2.934494964,5.424950017,0
2003,13241,2.711377991,5.451038454,0
2004,13241,2.711377991,5.262690189,0
2005,13241,2.711377991,5.424950017,0
2006,13241,2.711377991,5.370638028,0
2007,13241,2.711377991,5.407171771,0
2003,13263,1.871494437,2.397895273,0
2004,13263,1.871494437,2.772588722,0
2005,13263,1.871494437,1.945910149,0
2006,13263,1.871494437,1.791759469,0
2007,13263,1.871494437,2.302585093,0
2003,13271,2.467590928,4.682131227,0
2004,13271,2.467590928,4.86753445,0
2005,13271,2.467590928,5.164785974,0
2006,13271,2.467590928,5.283203729,0
2007,13271,2.467590928,5.192956851,0
2003,13273,2.395164274,3.988984047,0
2004,13273,2.395164274,4.094344562,0
2005,13273,2.395164274,4.17438727,0
2006,13273,2.395164274,4.189654742,0
2007,13273,2.395164274,4.094344562,0
2003,13297,4.105729507,6.532334292,0
2004,13297,4.105729507,6.408528791,0
2005,13297,4.105729507,6.354370041,0
2006,13297,4.105729507,6.52649486,0
2007,13297,4.105729507,6.629363253,0
2003,13303,3.052868465,5.117993812,0
2004,13303,3.052868465,4.990432587,0
2005,13303,3.052868465,4.9698133,0
2006,13303,3.052868465,4.934473933,0
2007,13303,3.052868465,5.043425117,0
2003,13313,4.425145988,7.151485464,0
2004,13313,4.425145988,7.155396302,0
2005,13313,4.425145988,7.200424893,0
2006,13313,4.425145988,7.275864601,0
2007,13313,4.425145988,7.188412736,0
2003,13317,2.36902805,4.927253685,0
2004,13317,2.36902805,4.744932128,0
2005,13317,2.36902805,4.644390899,0
2006,13317,2.36902805,4.59511985,0
2007,13317,2.36902805,4.543294782,0
2003,13321,3.089541327,4.96284463,0
2004,13321,3.089541327,4.976733742,0
2005,13321,3.089541327,5.087596335,0
2006,13321,3.089541327,5.153291594,0
2007,13321,3.089541327,4.890349128,0
2003,16003,1.245882207,3.258096538,0
2004,16003,1.245882207,3.610917913,0
2005,16003,1.245882207,3.988984047,0
2006,16003,1.245882207,3.988984047,0
2007,16003,1.245882207,3.891820298,0
2003,16015,1.89761986,3.891820298,0
2004,16015,1.89761986,3.912023005,0
2005,16015,1.89761986,4.17438727,0
2006,16015,1.89761986,4.025351691,0
2007,16015,1.89761986,4.143134726,0
2003,16017,3.60644848,6.29710932,0
2004,16017,3.60644848,6.298949247,0
2005,16017,3.60644848,6.428105273,0
2006,16017,3.60644848,6.429719478,0
2007,16017,3.60644848,6.405228458,0
2003,16021,2.289601165,4.8978398,0
2004,16021,2.289601165,4.836281907,0
2005,16021,2.289601165,4.96284463,0
2006,16021,2.289601165,4.997212274,0
2007,16021,2.289601165,4.820281566,0
2003,16029,1.988422143,4.941642423,0
2004,16029,1.988422143,4.795790546,0
2005,16029,1.988422143,4.983606622,0
2006,16029,1.988422143,4.787491743,0
2007,16029,1.988422143,5.036952602,0
2003,16041,2.42736581,5.638354669,0
2004,16041,2.42736581,5.537334267,0
2005,16041,2.42736581,5.627621114,0
2006,16041,2.42736581,5.693732139,0
2007,16041,2.42736581,5.749392986,0
2003,16045,2.720044646,5.017279837,0
2004,16045,2.720044646,4.927253685,0
2005,16045,2.720044646,5.129898715,0
2006,16045,2.720044646,5.087596335,0
2007,16045,2.720044646,5.198497031,0
2003,16067,3.004394647,5.733341277,0
2004,16067,3.004394647,5.739792912,0
2005,16067,3.004394647,5.733341277,0
2006,16067,3.004394647,5.774551546,0
2007,16067,3.004394647,5.80814249,0
2003,16079,2.622564932,5.093750201,0
2004,16079,2.622564932,5.176149733,0
2005,16079,2.622564932,5.147494477,0
2006,16079,2.622564932,5.247024072,0
2007,16079,2.622564932,5.384495063,0
2003,16083,4.163310767,7.20489251,0
2004,16083,4.163310767,7.183111702,0
2005,16083,4.163310767,7.140453043,0
2006,16083,4.163310767,7.23489842,0
2007,16083,4.163310767,7.289610521,0
2003,17005,2.869772146,5.187385806,2004
2004,17005,2.869772146,5.068904202,2004
2005,17005,2.869772146,4.934473933,2004
2006,17005,2.869772146,4.890349128,2004
2007,17005,2.869772146,4.990432587,2004
2003,17015,2.81385062,5.429345629,2004
2004,17015,2.81385062,5.420534999,2004
2005,17015,2.81385062,5.501258211,2004
2006,17015,2.81385062,5.468060141,2004
2007,17015,2.81385062,5.455321115,2004
2003,17025,2.678278043,5.087596335,2004
2004,17025,2.678278043,5.003946306,2004
2005,17025,2.678278043,4.852030264,2004
2006,17025,2.678278043,4.983606622,2004
2007,17025,2.678278043,4.976733742,2004
2003,17035,2.42063476,4.927253685,2004
2004,17035,2.42063476,4.59511985,2004
2005,17035,2.42063476,4.442651256,2004
2006,17035,2.42063476,4.304065093,2004
2007,17035,2.42063476,4.465908119,2004
2003,17047,1.941758687,4.356708827,2004
2004,17047,1.941758687,4.394449155,2004
2005,17047,1.941758687,4.204692619,2004
2006,17047,1.941758687,4.007333185,2004
2007,17047,1.941758687,4.127134385,2004
2003,17049,3.53409524,6.9902565,2004
2004,17049,3.53409524,6.909753282,2004
2005,17049,3.53409524,6.875232087,2004
2006,17049,3.53409524,6.833031733,2004
2007,17049,3.53409524,6.876264612,2004
2003,17053,2.656125128,5.616771098,2004
2004,17053,2.656125128,5.488937726,2004
2005,17053,2.656125128,5.488937726,2004
2006,17053,2.656125128,5.513428746,2004
2007,17053,2.656125128,5.313205979,2004
2003,17063,3.625273831,6.580639137,2004
2004,17063,3.625273831,6.476972363,2004
2005,17063,3.625273831,6.49375384,2004
2006,17063,3.625273831,6.483107351,2004
2007,17063,3.625273831,6.56948142,2004
2003,17089,6.001709389,9.00675432,2004
2004,17089,6.001709389,8.967631665,2004
2005,17089,6.001709389,8.991188842,2004
2006,17089,6.001709389,8.978029933,2004
2007,17089,6.001709389,9.025094544,2004
2003,17097,6.468251368,9.273690687,2004
2004,17097,6.468251368,9.221478116,2004
2005,17097,6.468251368,9.207235557,2004
2006,17097,6.468251368,9.245997049,2004
2007,17097,6.468251368,9.238247325,2004
2003,17113,5.013517802,7.890956716,2004
2004,17113,5.013517802,7.776535028,2004
2005,17113,5.013517802,7.75576717,2004
2006,17113,5.013517802,7.740229525,2004
2007,17113,5.013517802,7.818832444,2004
2003,17125,2.774960906,5.247024072,2004
2004,17125,2.774960906,5.252273428,2004
2005,17125,2.774960906,4.976733742,2004
2006,17125,2.774960906,4.990432587,2004
2007,17125,2.774960906,5.056245805,2004
2003,17135,3.422697913,6.077642243,2004
2004,17135,3.422697913,6.102558595,2004
2005,17135,3.422697913,6.154858094,2004
2006,17135,3.422697913,6.013715156,2004
2007,17135,3.422697913,6.01615716,2004
2003,17155,1.805991051,4.025351691,2004
2004,17155,1.805991051,3.737669618,2004
2005,17155,1.805991051,3.912023005,2004
2006,17155,1.805991051,3.784189634,2004
2007,17155,1.805991051,4.248495242,2004
2003,17161,5.006453228,7.876638461,2004
2004,17161,5.006453228,7.824046011,2004
2005,17161,5.006453228,7.865571758,2004
2006,17161,5.006453228,7.851661178,2004
2007,17161,5.006453228,7.829232538,2004
2003,17169,1.97255208,4.521788577,2004
2004,17169,1.97255208,4.532599493,2004
2005,17169,1.97255208,4.317488114,2004
2006,17169,1.97255208,4.382026635,2004
2007,17169,1.97255208,4.430816799,2004
2003,17193,2.732482617,5.451038454,2004
2004,17193,2.732482617,5.38907173,2004
2005,17193,2.732482617,5.252273428,2004
2006,17193,2.732482617,5.176149733,2004
2007,17193,2.732482617,5.272999559,2004
2003,17195,4.105169098,6.717804695,2004
2004,17195,4.105169098,6.668228248,2004
2005,17195,4.105169098,6.768493212,2004
2006,17195,4.105169098,6.689599269,2004
2007,17195,4.105169098,6.732210706,2004
2003,17199,4.115714588,6.81014245,2004
2004,17199,4.115714588,6.859614904,2004
2005,17199,4.115714588,6.777646594,2004
2006,17199,4.115714588,6.72982407,2004
2007,17199,4.115714588,6.778784898,2004
2003,17203,3.568659076,6.519147288,2004
2004,17203,3.568659076,6.440946541,2004
2005,17203,3.568659076,6.416732283,2004
2006,17203,3.568659076,6.469250317,2004
2007,17203,3.568659076,6.486160789,2004
2003,18005,4.268787945,7.153051635,0
2004,18005,4.268787945,7.117205503,0
2005,18005,4.268787945,7.166265974,0
2006,18005,4.268787945,7.100027167,0
2007,18005,4.268787945,7.081708586,0
2003,18017,3.711863291,6.29156914,0
2004,18017,3.711863291,6.204557763,0
2005,18017,3.711863291,6.102558595,0
2006,18017,3.711863291,6.091309882,0
2007,18017,3.711863291,6.061456919,0
2003,18019,4.569252811,7.406103381,0
2004,18019,4.569252811,7.313886832,0
2005,18019,4.569252811,7.279318835,0
2006,18019,4.569252811,7.409741954,0
2007,18019,4.569252811,7.368970402,0
2003,18021,3.279255711,5.472270674,0
2004,18021,3.279255711,5.736572297,0
2005,18021,3.279255711,5.755742214,0
2006,18021,3.279255711,5.609471795,0
2007,18021,3.279255711,5.560681631,0
2003,18023,3.522411561,6.120297419,0
2004,18023,3.522411561,6.070737728,0
2005,18023,3.522411561,6.042632834,0
2006,18023,3.522411561,6.001414878,0
2007,18023,3.522411561,6.023447593,0
2003,18029,3.831008159,6.802394763,0
2004,18029,3.831008159,6.744059186,0
2005,18029,3.831008159,6.756932389,0
2006,18029,3.831008159,6.64898455,0
2007,18029,3.831008159,6.81014245,0
2003,18033,3.695979191,6.507277712,0
2004,18033,3.695979191,6.421622268,0
2005,18033,3.695979191,6.436150368,0
2006,18033,3.695979191,6.51174533,0
2007,18033,3.695979191,6.378426184,0
2003,18035,4.77718043,7.347299701,0
2004,18035,4.77718043,7.227662499,0
2005,18035,4.77718043,7.192934221,0
2006,18035,4.77718043,7.189922171,0
2007,18035,4.77718043,7.17472431,0
2003,18053,4.295964807,6.871091295,0
2004,18053,4.295964807,6.781057626,0
2005,18053,4.295964807,6.758094504,0
2006,18053,4.295964807,6.670766321,0
2007,18053,4.295964807,6.665683718,0
2003,18063,4.64528473,7.560601163,0
2004,18063,4.64528473,7.597897951,0
2005,18063,4.64528473,7.644440762,0
2006,18063,4.64528473,7.70616297,0
2007,18063,4.64528473,7.740664402,0
2003,18081,4.74674787,7.749753406,0
2004,18081,4.74674787,7.738052298,0
2005,18081,4.74674787,7.718685495,0
2006,18081,4.74674787,7.710653324,0
2007,18081,4.74674787,7.7164608,0
2003,18083,3.670104299,6.33150185,0
2004,18083,3.670104299,6.249975242,0
2005,18083,3.670104299,6.248042875,0
2006,18083,3.670104299,6.293419279,0
2007,18083,3.670104299,6.182084907,0
2003,18091,4.701443538,7.43543802,0
2004,18091,4.701443538,7.37337431,0
2005,18091,4.701443538,7.395107547,0
2006,18091,4.701443538,7.379008128,0
2007,18091,4.701443538,7.371489295,0
2003,18093,3.826944305,6.210600077,0
2004,18093,3.826944305,6.154858094,0
2005,18093,3.826944305,6.156978986,0
2006,18093,3.826944305,6.159095388,0
2007,18093,3.826944305,6.202535517,0
2003,18099,3.809502896,6.573680167,0
2004,18099,3.809502896,6.514712691,0
2005,18099,3.809502896,6.480044562,0
2006,18099,3.809502896,6.523562306,0
2007,18099,3.809502896,6.458338283,0
2003,18109,4.200040022,6.680854679,0
2004,18109,4.200040022,6.630683386,0
2005,18109,4.200040022,6.65929392,0
2006,18109,4.200040022,6.616065185,0
2007,18109,4.200040022,6.597145702,0
2003,18113,3.834601858,6.490723535,0
2004,18113,3.834601858,6.456769656,0
2005,18113,3.834601858,6.391917113,0
2006,18113,3.834601858,6.419994928,0
2007,18113,3.834601858,6.396929655,0
2003,18115,1.726865329,4.290459441,0
2004,18115,1.726865329,4.262679877,0
2005,18115,1.726865329,4.17438727,0
2006,18115,1.726865329,4.043051268,0
2007,18115,1.726865329,4.077537444,0
2003,18119,3.081267562,5.283203729,0
2004,18119,3.081267562,5.303304908,0
2005,18119,3.081267562,5.351858133,0
2006,18119,3.081267562,5.308267697,0
2007,18119,3.081267562,5.272999559,0
2003,18133,3.584046577,6.442540166,0
2004,18133,3.584046577,6.476972363,0
2005,18133,3.584046577,6.432940093,0
2006,18133,3.584046577,6.28785856,0
2007,18133,3.584046577,6.246106765,0
2003,18145,3.77149577,6.487684018,0
2004,18145,3.77149577,6.472346295,0
2005,18145,3.77149577,6.311734809,0
2006,18145,3.77149577,6.188264123,0
2007,18145,3.77149577,6.135564891,0
2003,18157,5.003644247,7.70616297,0
2004,18157,5.003644247,7.642524134,0
2005,18157,5.003644247,7.707512195,0
2006,18157,5.003644247,7.73587032,0
2007,18157,5.003644247,7.7419679,0
2003,18175,3.304062204,5.351858133,0
2004,18175,3.304062204,5.318119994,0
2005,18175,3.304062204,5.220355825,0
2006,18175,3.304062204,5.247024072,0
2007,18175,3.304062204,5.272999559,0
2003,18179,3.317815773,6.084499413,0
2004,18179,3.317815773,5.948034989,0
2005,18179,3.317815773,5.929589143,0
2006,18179,3.317815773,6.052089169,0
2007,18179,3.317815773,5.831882477,0
2003,18181,3.229499197,5.533389489,0
2004,18181,3.229499197,5.323009979,0
2005,18181,3.229499197,5.288267031,0
2006,18181,3.229499197,5.257495372,0
2007,18181,3.229499197,5.231108617,0
2003,19013,4.85212401,7.904334842,0
2004,19013,4.85212401,7.837948916,0
2005,19013,4.85212401,7.840706452,0
2006,19013,4.85212401,7.854769183,0
2007,19013,4.85212401,7.879291485,0
2003,19025,2.408295547,5.468060141,0
2004,19025,2.408295547,5.225746674,0
2005,19025,2.408295547,5.187385806,0
2006,19025,2.408295547,5.220355825,0
2007,19025,2.408295547,5.153291594,0
2003,19069,2.370617503,5.283203729,0
2004,19069,2.370617503,5.214935758,0
2005,19069,2.370617503,5.313205979,0
2006,19069,2.370617503,5.198497031,0
2007,19069,2.370617503,5.204006687,0
2003,19077,2.429482026,5.056245805,0
2004,19077,2.429482026,4.976733742,0
2005,19077,2.429482026,4.941642423,0
2006,19077,2.429482026,4.844187086,0
2007,19077,2.429482026,4.875197323,0
2003,19083,2.934494964,5.874930731,0
2004,19083,2.934494964,5.786897381,0
2005,19083,2.934494964,5.752572639,0
2006,19083,2.934494964,5.771441123,0
2007,19083,2.934494964,5.752572639,0
2003,19087,3.012392714,6.202535517,0
2004,19087,3.012392714,6.011267174,0
2005,19087,3.012392714,6.013715156,0
2006,19087,3.012392714,5.988961417,0
2007,19087,3.012392714,5.926926026,0
2003,19111,3.638953645,6.406879986,0
2004,19111,3.638953645,6.320768294,0
2005,19111,3.638953645,6.393590754,0
2006,19111,3.638953645,6.436150368,0
2007,19111,3.638953645,6.432940093,0
2003,19113,5.255936867,8.309922989,0
2004,19113,5.255936867,8.287025025,0
2005,19113,5.255936867,8.254008591,0
2006,19113,5.255936867,8.285261134,0
2007,19113,5.255936867,8.369852604,0
2003,19123,3.106154955,5.899897354,0
2004,19123,3.106154955,5.840641657,0
2005,19123,3.106154955,5.736572297,0
2006,19123,3.106154955,5.802118375,0
2007,19123,3.106154955,5.774551546,0
2003,19131,2.386374619,5.267858159,0
2004,19131,2.386374619,5.187385806,0
2005,19131,2.386374619,5.278114659,0
2006,19131,2.386374619,5.257495372,0
2007,19131,2.386374619,5.318119994,0
2003,19137,2.465638879,5.375278408,0
2004,19137,2.465638879,5.446737372,0
2005,19137,2.465638879,5.379897354,0
2006,19137,2.465638879,5.451038454,0
2007,19137,2.465638879,5.455321115,0
2003,19141,2.714827185,6.089044875,0
2004,19141,2.714827185,6.001414878,0
2005,19141,2.714827185,6.033086222,0
2006,19141,2.714827185,6.052089169,0
2007,19141,2.714827185,5.886104031,0
2003,19153,5.92586146,9.191361405,0
2004,19153,5.92586146,9.125653564,0
2005,19153,5.92586146,9.129564062,0
2006,19153,5.92586146,9.14729407,0
2007,19153,5.92586146,9.155778584,0
2003,19157,2.934654424,6.345636361,0
2004,19157,2.934654424,6.095824562,0
2005,19157,2.934654424,6.063785209,0
2006,19157,2.934654424,6.146329258,0
2007,19157,2.934654424,6.154858094,0
2003,19159,1.699095784,4.644390899,0
2004,19159,1.699095784,4.532599493,0
2005,19159,1.699095784,4.33073334,0
2006,19159,1.699095784,4.276666119,0
2007,19159,1.699095784,4.369447852,0
2003,19183,3.028683374,6.095824562,0
2004,19183,3.028683374,5.926926026,0
2005,19183,3.028683374,5.888877958,0
2006,19183,3.028683374,5.978885765,0
2007,19183,3.028683374,6.124683391,0
2003,19185,1.906575144,4.248495242,0
2004,19185,1.906575144,3.931825633,0
2005,19185,1.906575144,4.025351691,0
2006,19185,1.906575144,4.060443011,0
2007,19185,1.906575144,4.418840608,0
2003,19187,3.694737264,6.733401892,0
2004,19187,3.694737264,6.683360946,0
2005,19187,3.694737264,6.64898455,0
2006,19187,3.694737264,6.683360946,0
2007,19187,3.694737264,6.673297968,0
2003,20013,2.37248422,5.429345629,0
2004,20013,2.37248422,5.459585514,0
2005,20013,2.37248422,5.501258211,0
2006,20013,2.37248422,5.318119994,0
2007,20013,2.37248422,5.283203729,0
2003,20021,3.118171121,5.590986981,0
2004,20021,3.118171121,5.356586275,0
2005,20021,3.118171121,5.545177444,0
2006,20021,3.118171121,5.402677382,0
2007,20021,3.118171121,5.318119994,0
2003,20027,2.177248602,5.141663557,0
2004,20027,2.177248602,5.236441963,0
2005,20027,2.177248602,5.370638028,0
2006,20027,2.177248602,5.393627546,0
2007,20027,2.177248602,5.402677382,0
2003,20031,2.18211094,5.288267031,0
2004,20031,2.18211094,5.198497031,0
2005,20031,2.18211094,4.94875989,0
2006,20031,2.18211094,5.375278408,0
2007,20031,2.18211094,5.393627546,0
2003,20045,4.604790114,7.522400231,0
2004,20045,4.604790114,7.366445148,0
2005,20045,4.604790114,7.375255778,0
2006,20045,4.604790114,7.403061091,0
2007,20045,4.604790114,7.426549072,0
2003,20047,1.238084334,3.663561646,0
2004,20047,1.238084334,3.80666249,0
2005,20047,1.238084334,3.63758616,0
2006,20047,1.238084334,2.944438979,0
2007,20047,1.238084334,3.828641396,0
2003,20063,1.121025884,4.262679877,0
2004,20063,1.121025884,4.189654742,0
2005,20063,1.121025884,4.007333185,0
2006,20063,1.121025884,4.043051268,0
2007,20063,1.121025884,3.970291914,0
2003,20085,2.538210422,5.438079309,0
2004,20085,2.538210422,5.375278408,0
2005,20085,2.538210422,5.38907173,0
2006,20085,2.538210422,5.351858133,0
2007,20085,2.538210422,5.407171771,0
2003,20095,2.160214752,4.927253685,0
2004,20095,2.160214752,4.912654886,0
2005,20095,2.160214752,5.036952602,0
2006,20095,2.160214752,4.9698133,0
2007,20095,2.160214752,5.056245805,0
2003,20103,4.229618186,6.595780514,0
2004,20103,4.229618186,6.588926478,0
2005,20103,4.229618186,6.464588304,0
2006,20103,4.229618186,6.498282149,0
2007,20103,4.229618186,6.456769656,0
2003,20133,2.833036858,6.11146734,0
2004,20133,2.833036858,5.92157842,0
2005,20133,2.833036858,5.82008293,0
2006,20133,2.833036858,5.843544417,0
2007,20133,2.833036858,5.723585102,0
2003,20137,1.783895294,4.736198448,0
2004,20137,1.783895294,4.709530201,0
2005,20137,1.783895294,4.852030264,0
2006,20137,1.783895294,4.795790546,0
2007,20137,1.783895294,4.644390899,0
2003,20143,1.818563672,3.951243719,0
2004,20143,1.818563672,3.988984047,0
2005,20143,1.818563672,3.988984047,0
2006,20143,1.818563672,4.189654742,0
2007,20143,1.818563672,4.060443011,0
2003,20145,1.978653888,4.49980967,0
2004,20145,1.978653888,4.48863637,0
2005,20145,1.978653888,4.634728988,0
2006,20145,1.978653888,4.804021045,0
2007,20145,1.978653888,4.700480366,0
2003,20171,1.633154439,5.030437921,0
2004,20171,1.633154439,4.912654886,0
2005,20171,1.633154439,4.812184355,0
2006,20171,1.633154439,4.828313737,0
2007,20171,1.633154439,4.795790546,0
2003,20183,1.512045566,3.970291914,0
2004,20183,1.512045566,3.931825633,0
2005,20183,1.512045566,3.63758616,0
2006,20183,1.512045566,4.17438727,0
2007,20183,1.512045566,4.382026635,0
2003,20205,2.335245875,4.795790546,0
2004,20205,2.335245875,4.795790546,0
2005,20205,2.335245875,4.812184355,0
2006,20205,2.335245875,4.94875989,0
2007,20205,2.335245875,5.164785974,0
2003,22007,3.15222307,4.779123493,0
2004,22007,3.15222307,4.836281907,0
2005,22007,3.15222307,4.574710979,0
2006,22007,3.15222307,4.919980926,0
2007,22007,3.15222307,5.075173815,0
2003,22033,6.023089175,8.749573948,0
2004,22033,6.023089175,8.68016202,0
2005,22033,6.023089175,8.68440111,0
2006,22033,6.023089175,8.780941114,0
2007,22033,6.023089175,8.657824321,0
2003,22045,4.294096654,6.65415252,0
2004,22045,4.294096654,6.580639137,0
2005,22045,4.294096654,6.582025139,0
2006,22045,4.294096654,6.762729507,0
2007,22045,4.294096654,6.779921907,0
2003,22069,3.665610827,5.641907071,0
2004,22069,3.665610827,5.537334267,0
2005,22069,3.665610827,5.407171771,0
2006,22069,3.665610827,5.537334267,0
2007,22069,3.665610827,5.786897381,0
2003,22071,6.1834765,8.311643949,0
2004,22071,6.1834765,8.13710339,0
2005,22071,6.1834765,8.142063283,0
2006,22071,6.1834765,7.178545484,0
2007,22071,6.1834765,7.751475318,0
2003,22073,4.992131823,7.510430556,0
2004,22073,4.992131823,7.351158226,0
2005,22073,4.992131823,7.40367029,0
2006,22073,4.992131823,7.452402451,0
2007,22073,4.992131823,7.509883061,0
2003,22081,2.264052143,4.025351691,0
2004,22081,2.264052143,3.784189634,0
2005,22081,2.264052143,3.36729583,0
2006,22081,2.264052143,3.33220451,0
2007,22081,2.264052143,3.33220451,0
2003,22087,4.208104702,6.74051936,0
2004,22087,4.208104702,6.588926478,0
2005,22087,4.208104702,6.579251212,0
2006,22087,4.208104702,4.454347296,0
2007,22087,4.208104702,5.214935758,0
2003,22091,2.35375338,3.218875825,0
2004,22091,2.35375338,3.555348061,0
2005,22091,2.35375338,3.17805383,0
2006,22091,2.35375338,3.33220451,0
2007,22091,2.35375338,3.36729583,0
2003,22111,3.126892106,5.056245805,0
2004,22111,3.126892106,4.691347882,0
2005,22111,3.126892106,5.056245805,0
2006,22111,3.126892106,4.820281566,0
2007,22111,3.126892106,4.882801923,0
2003,22115,3.961403472,5.605802066,0
2004,22115,3.961403472,5.645446898,0
2005,22115,3.961403472,5.655991811,0
2006,22115,3.961403472,5.746203191,0
2007,22115,3.961403472,5.783825182,0
2003,22119,3.733637691,5.697093487,0
2004,22119,3.733637691,5.468060141,0
2005,22119,3.733637691,5.616771098,0
2006,22119,3.733637691,5.575949103,0
2007,22119,3.733637691,5.814130532,0
2003,24009,4.311644406,7.025538315,2007
2004,24009,4.311644406,7.146772179,2007
2005,24009,4.311644406,7.161622003,2007
2006,24009,4.311644406,7.106606138,2007
2007,24009,4.311644406,7.192934221,2007
2003,24015,4.453777366,7.04053639,2007
2004,24015,4.453777366,7.153051635,2007
2005,24015,4.453777366,7.14440718,2007
2006,24015,4.453777366,7.188412736,2007
2007,24015,4.453777366,7.111512116,2007
2003,24017,4.792031423,7.68017564,2007
2004,24017,4.792031423,7.692569648,2007
2005,24017,4.792031423,7.690743164,2007
2006,24017,4.792031423,7.754910272,2007
2007,24017,4.792031423,7.756195344,2007
2003,24021,5.274419063,8.310169022,2007
2004,24021,5.274419063,8.362642432,2007
2005,24021,5.274419063,8.308199063,2007
2006,24021,5.274419063,8.327484416,2007
2007,24021,5.274419063,8.288031568,2007
2003,24027,5.512791446,8.768263145,2007
2004,24027,5.512791446,8.742733867,2007
2005,24027,5.512791446,8.670772279,2007
2006,24027,5.512791446,8.717190933,2007
2007,24027,5.512791446,8.751316247,2007
2003,24033,6.686503687,9.108307646,2007
2004,24033,6.686503687,9.140347,2007
2005,24033,6.686503687,9.17232693,2007
2006,24033,6.686503687,9.179262416,2007
2007,24033,6.686503687,9.155672971,2007
2003,26005,4.660273712,7.169350017,2007
2004,26005,4.660273712,7.157735484,2007
2005,26005,4.660273712,7.105786129,2007
2006,26005,4.660273712,7.051855623,2007
2007,26005,4.660273712,6.987490247,2007
2003,26015,4.038743758,6.343880434,2007
2004,26015,4.038743758,6.251903883,2007
2005,26015,4.038743758,6.285998095,2007
2006,26015,4.038743758,6.180016654,2007
2007,26015,4.038743758,6.194405391,2007
2003,26027,3.933862772,5.420534999,2007
2004,26027,3.933862772,5.624017506,2007
2005,26027,3.933862772,5.723585102,2007
2006,26027,3.933862772,5.587248658,2007
2007,26027,3.933862772,5.272999559,2007
2003,26031,3.275180541,5.278114659,2007
2004,26031,3.275180541,5.129898715,2007
2005,26031,3.275180541,5.129898715,2007
2006,26031,3.275180541,5.111987788,2007
2007,26031,3.275180541,4.997212274,2007
2003,26041,3.651177587,6.311734809,2007
2004,26041,3.651177587,6.320768294,2007
2005,26041,3.651177587,6.257667588,2007
2006,26041,3.651177587,6.253828812,2007
2007,26041,3.651177587,6.139884552,2007
2003,26057,3.744432413,6.139884552,2007
2004,26057,3.744432413,6.095824562,2007
2005,26057,3.744432413,6.251903883,2007
2006,26057,3.744432413,6.12249281,2007
2007,26057,3.744432413,5.926926026,2007
2003,26061,3.583963284,6.426488457,2007
2004,26061,3.583963284,6.400257445,2007
2005,26061,3.583963284,6.338594078,2007
2006,26061,3.583963284,6.228511004,2007
2007,26061,3.583963284,6.135564891,2007
2003,26065,5.632358078,8.414274137,2007
2004,26065,5.632358078,8.332548939,2007
2005,26065,5.632358078,8.246433786,2007
2006,26065,5.632358078,8.212839585,2007
2007,26065,5.632358078,8.163656176,2007
2003,26073,4.148690692,6.739336627,2007
2004,26073,4.148690692,6.598509029,2007
2005,26073,4.148690692,6.685860947,2007
2006,26073,4.148690692,6.530877628,2007
2007,26073,4.148690692,6.510258341,2007
2003,26085,2.427718824,3.663561646,2007
2004,26085,2.427718824,3.401197382,2007
2005,26085,2.427718824,3.63758616,2007
2006,26085,2.427718824,3.218875825,2007
2007,26085,2.427718824,3.36729583,2007
2003,26089,3.050173109,5.641907071,2007
2004,26089,3.050173109,5.529429088,2007
2005,26089,3.050173109,5.472270674,2007
2006,26089,3.050173109,5.283203729,2007
2007,26089,3.050173109,5.342334252,2007
2003,26105,3.341942654,5.758901774,2007
2004,26105,3.341942654,5.598421959,2007
2005,26105,3.341942654,5.755742214,2007
2006,26105,3.341942654,5.613128106,2007
2007,26105,3.341942654,5.529429088,2007
2003,26127,3.291122065,5.529429088,2007
2004,26127,3.291122065,5.517452896,2007
2005,26127,3.291122065,5.549076085,2007
2006,26127,3.291122065,5.393627546,2007
2007,26127,3.291122065,5.375278408,2007
2003,26129,3.074774481,5.743003188,2007
2004,26129,3.074774481,5.755742214,2007
2005,26129,3.074774481,5.758901774,2007
2006,26129,3.074774481,5.568344504,2007
2007,26129,3.074774481,5.529429088,2007
2003,26137,3.148496278,6.23636959,2007
2004,26137,3.148496278,6.228511004,2007
2005,26137,3.148496278,6.186208624,2007
2006,26137,3.148496278,6.104793232,2007
2007,26137,3.148496278,5.945420609,2007
2003,26149,4.133917777,6.622736324,2007
2004,26149,4.133917777,6.452048954,2007
2005,26149,4.133917777,6.507277712,2007
2006,26149,4.133917777,6.418364936,2007
2007,26149,4.133917777,6.369900983,2007
2003,27005,3.401197382,6.843749949,2006
2004,27005,3.401197382,6.761572769,2006
2005,27005,3.401197382,6.786716951,2006
2006,27005,3.401197382,6.967909202,2006
2007,27005,3.401197382,6.910750788,2006
2003,27009,3.532985589,6.523562306,2006
2004,27009,3.532985589,6.453624999,2006
2005,27009,3.532985589,6.476972363,2006
2006,27009,3.532985589,6.517671273,2006
2007,27009,3.532985589,6.416732283,2006
2003,27023,2.57169578,5.793013608,2006
2004,27023,2.57169578,5.655991811,2006
2005,27023,2.57169578,5.799092654,2006
2006,27023,2.57169578,5.697093487,2006
2007,27023,2.57169578,5.723585102,2006
2003,27035,4.009131567,7.489970899,2006
2004,27035,4.009131567,7.229838778,2006
2005,27035,4.009131567,7.301147806,2006
2006,27035,4.009131567,7.395107547,2006
2007,27035,4.009131567,7.22329568,2006
2003,27043,2.783837714,5.575949103,2006
2004,27043,2.783837714,5.393627546,2006
2005,27043,2.783837714,5.549076085,2006
2006,27043,2.783837714,5.463831805,2006
2007,27043,2.783837714,5.411646052,2006
2003,27049,3.78707184,7.299121463,2006
2004,27049,3.78707184,7.031741259,2006
2005,27049,3.78707184,6.937314081,2006
2006,27049,3.78707184,6.96979067,2006
2007,27049,3.78707184,6.958448393,2006
2003,27051,1.838802076,4.543294782,2006
2004,27051,1.838802076,4.49980967,2006
2005,27051,1.838802076,4.33073334,2006
2006,27051,1.838802076,4.442651256,2006
2007,27051,1.838802076,4.060443011,2006
2003,27055,2.981531924,5.777652323,2006
2004,27055,2.981531924,5.743003188,2006
2005,27055,2.981531924,5.739792912,2006
2006,27055,2.981531924,5.713732806,2006
2007,27055,2.981531924,5.66296048,2006
2003,27091,3.082001709,6.309918278,2006
2004,27091,3.082001709,6.28785856,2006
2005,27091,3.082001709,6.357842267,2006
2006,27091,3.082001709,6.405228458,2006
2007,27091,3.082001709,6.345636361,2006
2003,27115,3.278276168,6.126869184,2006
2004,27115,3.278276168,6.124683391,2006
2005,27115,3.278276168,6.095824562,2006
2006,27115,3.278276168,5.966146739,2006
2007,27115,3.278276168,6.003887067,2006
2003,27123,6.236438081,9.261793654,2006
2004,27123,6.236438081,9.184509612,2006
2005,27123,6.236438081,9.138414632,2006
2006,27123,6.236438081,9.191463316,2006
2007,27123,6.236438081,9.112948026,2006
2003,27129,2.842231383,5.774551546,2006
2004,27129,2.842231383,5.723585102,2006
2005,27129,2.842231383,5.752572639,2006
2006,27129,2.842231383,5.641907071,2006
2007,27129,2.842231383,5.877735782,2006
2003,27149,2.307871097,5.351858133,2006
2004,27149,2.307871097,5.141663557,2006
2005,27149,2.307871097,5.204006687,2006
2006,27149,2.307871097,5.176149733,2006
2007,27149,2.307871097,5.351858133,2006
2003,27157,3.073156171,6.047372179,2006
2004,27157,3.073156171,5.953243334,2006
2005,27157,3.073156171,5.891644212,2006
2006,27157,3.073156171,5.92157842,2006
2007,27157,3.073156171,5.916202063,2006
2003,27163,5.303951465,8.272315148,2006
2004,27163,5.303951465,8.214194415,2006
2005,27163,5.303951465,8.170751424,2006
2006,27163,5.303951465,8.250358951,2006
2007,27163,5.303951465,8.203030242,2006
2003,27165,2.474519557,5.484796933,2006
2004,27165,2.474519557,5.402677382,2006
2005,27165,2.474519557,5.303304908,2006
2006,27165,2.474519557,5.416100402,2006
2007,27165,2.474519557,5.384495063,2006
2003,29003,2.802875415,4.836281907,2007
2004,29003,2.802875415,4.859812404,2007
2005,29003,2.802875415,4.875197323,2007
2006,29003,2.802875415,4.882801923,2007
2007,29003,2.802875415,5.010635294,2007
2003,29011,2.529003277,5.513428746,2007
2004,29011,2.529003277,5.517452896,2007
2005,29011,2.529003277,5.402677382,2007
2006,29011,2.529003277,5.303304908,2007
2007,29011,2.529003277,5.257495372,2007
2003,29013,2.81259038,5.361292166,2007
2004,29013,2.81259038,5.252273428,2007
2005,29013,2.81259038,5.327876169,2007
2006,29013,2.81259038,5.187385806,2007
2007,29013,2.81259038,5.123963979,2007
2003,29023,3.710322891,6.400257445,2007
2004,29023,3.710322891,6.51174533,2007
2005,29023,3.710322891,6.538139824,2007
2006,29023,3.710322891,6.413458957,2007
2007,29023,3.710322891,6.293419279,2007
2003,29033,2.330686523,4.820281566,2007
2004,29033,2.330686523,4.804021045,2007
2005,29033,2.330686523,4.65396035,2007
2006,29033,2.330686523,4.691347882,2007
2007,29033,2.330686523,4.828313737,2007
2003,29041,2.132745314,4.718498871,2007
2004,29041,2.132745314,4.65396035,2007
2005,29041,2.132745314,4.644390899,2007
2006,29041,2.132745314,4.369447852,2007
2007,29041,2.132745314,4.418840608,2007
2003,29065,2.703171654,5.075173815,2007
2004,29065,2.703171654,5.135798437,2007
2005,29065,2.703171654,5.117993812,2007
2006,29065,2.703171654,5.093750201,2007
2007,29065,2.703171654,5.023880521,2007
2003,29073,2.730594166,5.811140993,2007
2004,29073,2.730594166,5.762051383,2007
2005,29073,2.730594166,5.872117789,2007
2006,29073,2.730594166,5.945420609,2007
2007,29073,2.730594166,5.880532986,2007
2003,29077,5.482266764,8.448271746,2007
2004,29077,5.482266764,8.391176351,2007
2005,29077,5.482266764,8.399760095,2007
2006,29077,5.482266764,8.467792841,2007
2007,29077,5.482266764,8.448914351,2007
2003,29079,2.344878005,4.94875989,2007
2004,29079,2.344878005,4.844187086,2007
2005,29079,2.344878005,4.9698133,2007
2006,29079,2.344878005,4.828313737,2007
2007,29079,2.344878005,4.828313737,2007
2003,29081,2.180417459,5.111987788,2007
2004,29081,2.180417459,5.062595033,2007
2005,29081,2.180417459,5.170483995,2007
2006,29081,2.180417459,4.94875989,2007
2007,29081,2.180417459,4.905274778,2007
2003,29085,2.190535589,3.465735903,2007
2004,29085,2.190535589,3.258096538,2007
2005,29085,2.190535589,3.33220451,2007
2006,29085,2.190535589,3.401197382,2007
2007,29085,2.190535589,3.496507561,2007
2003,29089,2.323563499,4.700480366,2007
2004,29089,2.323563499,4.736198448,2007
2005,29089,2.323563499,4.709530201,2007
2006,29089,2.323563499,4.691347882,2007
2007,29089,2.323563499,4.624972813,2007
2003,29099,5.288766906,7.806289289,2007
2004,29099,5.288766906,7.785720897,2007
2005,29099,5.288766906,7.742835955,2007
2006,29099,5.288766906,7.738488122,2007
2007,29099,5.288766906,7.736743682,2007
2003,29101,3.876561617,6.079933195,2007
2004,29101,3.876561617,6.142037406,2007
2005,29101,3.876561617,6.200509174,2007
2006,29101,3.876561617,6.161207322,2007
2007,29101,3.876561617,6.184148891,2007
2003,29105,3.481640009,6.135564891,2007
2004,29105,3.481640009,6.059123196,2007
2005,29105,3.481640009,6.146329258,2007
2006,29105,3.481640009,6.282266747,2007
2007,29105,3.481640009,6.274762021,2007
2003,29107,3.495294705,6.152732695,2007
2004,29107,3.495294705,6.192362489,2007
2005,29107,3.495294705,6.146329258,2007
2006,29107,3.495294705,6.095824562,2007
2007,29107,3.495294705,6.120297419,2007
2003,29117,2.678140671,5.726847748,2007
2004,29117,2.678140671,5.755742214,2007
2005,29117,2.678140671,5.645446898,2007
2006,29117,2.678140671,5.676753802,2007
2007,29117,2.678140671,5.545177444,2007
2003,29119,3.076436301,5.356586275,2007
2004,29119,3.076436301,5.231108617,2007
2005,29119,3.076436301,5.164785974,2007
2006,29119,3.076436301,5.283203729,2007
2007,29119,3.076436301,5.33753808,2007
2003,29127,3.342473037,6.393590754,2007
2004,29127,3.342473037,6.33150185,2007
2005,29127,3.342473037,6.423246964,2007
2006,29127,3.342473037,6.396929655,2007
2007,29127,3.342473037,6.368187186,2007
2003,29131,3.159720124,5.529429088,2007
2004,29131,3.159720124,5.342334252,2007
2005,29131,3.159720124,5.347107531,2007
2006,29131,3.159720124,5.416100402,2007
2007,29131,3.159720124,5.384495063,2007
2003,29149,2.336406641,4.219507705,2007
2004,29149,2.336406641,4.189654742,2007
2005,29149,2.336406641,4.356708827,2007
2006,29149,2.336406641,4.356708827,2007
2007,29149,2.336406641,4.510859507,2007
2003,29155,2.998079517,5.497168225,2007
2004,29155,2.998079517,5.342334252,2007
2005,29155,2.998079517,5.262690189,2007
2006,29155,2.998079517,5.459585514,2007
2007,29155,2.998079517,5.552959585,2007
2003,29163,2.909684069,5.605802066,2007
2004,29163,2.909684069,5.690359454,2007
2005,29163,2.909684069,5.720311777,2007
2006,29163,2.909684069,5.703782475,2007
2007,29163,2.909684069,5.638354669,2007
2003,29177,3.150768276,5.480638923,2007
2004,29177,3.150768276,5.267858159,2007
2005,29177,3.150768276,5.283203729,2007
2006,29177,3.150768276,5.187385806,2007
2007,29177,3.150768276,5.220355825,2007
2003,29201,3.699374191,6.089044875,2007
2004,29201,3.699374191,6.190315406,2007
2005,29201,3.699374191,6.150602768,2007
2006,29201,3.699374191,6.098074282,2007
2007,29201,3.699374191,6.00635316,2007
2003,29209,3.355432636,5.003946306,2007
2004,29209,3.355432636,5.198497031,2007
2005,29209,3.355432636,5.198497031,2007
2006,29209,3.355432636,5.236441963,2007
2007,29209,3.355432636,5.323009979,2007
2003,29211,1.976716439,4.262679877,2007
2004,29211,1.976716439,4.248495242,2007
2005,29211,1.976716439,3.931825633,2007
2006,29211,1.976716439,4.025351691,2007
2007,29211,1.976716439,4.127134385,2007
2003,29215,3.135624642,5.379897354,2007
2004,29215,3.135624642,5.298317367,2007
2005,29215,3.135624642,5.433722004,2007
2006,29215,3.135624642,5.416100402,2007
2007,29215,3.135624642,5.402677382,2007
2003,29229,2.887868628,5.529429088,2007
2004,29229,2.887868628,5.545177444,2007
2005,29229,2.887868628,5.517452896,2007
2006,29229,2.887868628,5.420534999,2007
2007,29229,2.887868628,5.262690189,2007
2003,29510,5.852745436,8.402006782,2007
2004,29510,5.852745436,8.346167594,2007
2005,29510,5.852745436,8.297045149,2007
2006,29510,5.852745436,8.296795866,2007
2007,29510,5.852745436,8.258163362,2007
2003,30009,2.256750557,5.081404365,2007
2004,30009,2.256750557,4.927253685,2007
2005,30009,2.256750557,4.779123493,2007
2006,30009,2.256750557,4.875197323,2007
2007,30009,2.256750557,4.976733742,2007
2003,30011,0.3074847,2.48490665,2007
2004,30011,0.3074847,1.945910149,2007
2005,30011,0.3074847,1.609437912,2007
2006,30011,0.3074847,1.945910149,2007
2007,30011,0.3074847,2.079441542,2007
2003,30013,4.386479207,7.277938573,2007
2004,30013,4.386479207,7.166265974,2007
2005,30013,4.386479207,7.19142933,2007
2006,30013,4.386479207,7.25981961,2007
2007,30013,4.386479207,7.281385664,2007
2003,30021,2.203758739,5.370638028,2007
2004,30021,2.203758739,5.308267697,2007
2005,30021,2.203758739,5.164785974,2007
2006,30021,2.203758739,5.442417711,2007
2007,30021,2.203758739,5.252273428,2007
2003,30033,0.246078523,2.397895273,2007
2004,30033,0.246078523,2.890371758,2007
2005,30033,0.246078523,2.48490665,2007
2006,30033,0.246078523,2.833213344,2007
2007,30033,0.246078523,2.890371758,2007
2003,30049,4.020267359,7.129297549,2007
2004,30049,4.020267359,7.060476366,2007
2005,30049,4.020267359,7.003974137,2007
2006,30049,4.020267359,7.095064377,2007
2007,30049,4.020267359,7.095893221,2007
2003,30081,3.585461495,6.212606096,2007
2004,30081,3.585461495,6.21860012,2007
2005,30081,3.585461495,6.182084907,2007
2006,30081,3.585461495,6.269096284,2007
2007,30081,3.585461495,6.278521424,2007
2003,30087,2.238899541,5.351858133,2007
2004,30087,2.238899541,5.323009979,2007
2005,30087,2.238899541,5.111987788,2007
2006,30087,2.238899541,5.099866428,2007
2007,30087,2.238899541,4.9698133,2007
2003,30095,2.103524212,4.564348191,2007
2004,30095,2.103524212,4.382026635,2007
2005,30095,2.103524212,4.65396035,2007
2006,30095,2.103524212,4.65396035,2007
2007,30095,2.103524212,4.634728988,2007
2003,30101,1.661460941,4.248495242,2007
2004,30101,1.661460941,4.007333185,2007
2005,30101,1.661460941,4.262679877,2007
2006,30101,1.661460941,4.127134385,2007
2007,30101,1.661460941,4.290459441,2007
2003,30109,0.065787741,2.708050201,2007
2004,30109,0.065787741,2.63905733,2007
2005,30109,0.065787741,2.197224577,2007
2006,30109,0.065787741,2.197224577,2007
2007,30109,0.065787741,2.302585093,2007
2003,31003,2.008482453,4.624972813,0
2004,31003,2.008482453,4.442651256,0
2005,31003,2.008482453,4.418840608,0
2006,31003,2.008482453,4.553876892,0
2007,31003,2.008482453,4.510859507,0
2003,31023,2.170994673,4.762173935,0
2004,31023,2.170994673,4.510859507,0
2005,31023,2.170994673,4.709530201,0
2006,31023,2.170994673,4.624972813,0
2007,31023,2.170994673,4.770684624,0
2003,31031,1.816126826,4.882801923,0
2004,31031,1.816126826,5.010635294,0
2005,31031,1.816126826,5.075173815,0
2006,31031,1.816126826,4.96284463,0
2007,31031,1.816126826,4.875197323,0
2003,31033,2.285438934,5.493061443,0
2004,31033,2.285438934,5.568344504,0
2005,31033,2.285438934,5.583496309,0
2006,31033,2.285438934,5.541263545,0
2007,31033,2.285438934,5.598421959,0
2003,31041,2.467506135,5.111987788,0
2004,31041,2.467506135,5.043425117,0
2005,31041,2.467506135,5.068904202,0
2006,31041,2.467506135,5.214935758,0
2007,31041,2.467506135,5.288267031,0
2003,31055,6.138989755,9.365462009,0
2004,31055,6.138989755,9.332115429,0
2005,31055,6.138989755,9.311180687,0
2006,31055,6.138989755,9.321971188,0
2007,31055,6.138989755,9.320270431,0
2003,31059,1.892207941,4.976733742,0
2004,31059,1.892207941,4.779123493,0
2005,31059,1.892207941,4.744932128,0
2006,31059,1.892207941,4.700480366,0
2007,31059,1.892207941,4.644390899,0
2003,31061,1.273685417,3.713572067,0
2004,31061,1.273685417,3.610917913,0
2005,31061,1.273685417,3.401197382,0
2006,31061,1.273685417,3.33220451,0
2007,31061,1.273685417,3.610917913,0
2003,31073,0.762206716,2.708050201,0
2004,31073,0.762206716,2.772588722,0
2005,31073,0.762206716,2.833213344,0
2006,31073,0.762206716,2.708050201,0
2007,31073,0.762206716,2.63905733,0
2003,31079,3.980316966,7.170888479,0
2004,31079,3.980316966,7.099201744,0
2005,31079,3.980316966,7.06646697,0
2006,31079,3.980316966,7.165493475,0
2007,31079,3.980316966,7.175489714,0
2003,31081,2.241028787,5.214935758,0
2004,31081,2.241028787,5.241747015,0
2005,31081,2.241028787,5.209486153,0
2006,31081,2.241028787,5.153291594,0
2007,31081,2.241028787,5.147494477,0
2003,31083,1.331310053,3.850147602,0
2004,31083,1.331310053,3.737669618,0
2005,31083,1.331310053,3.891820298,0
2006,31083,1.331310053,3.988984047,0
2007,31083,1.331310053,3.850147602,0
2003,31101,2.183238335,5.424950017,0
2004,31101,2.183238335,5.308267697,0
2005,31101,2.183238335,5.303304908,0
2006,31101,2.183238335,5.231108617,0
2007,31101,2.183238335,5.262690189,0
2003,31107,2.2379399,5.049856007,0
2004,31107,2.2379399,5.192956851,0
2005,31107,2.2379399,5.081404365,0
2006,31107,2.2379399,5.036952602,0
2007,31107,2.2379399,5.141663557,0
2003,31109,5.522624241,8.578288291,0
2004,31109,5.522624241,8.526945483,0
2005,31109,5.522624241,8.531687638,0
2006,31109,5.522624241,8.520388082,0
2007,31109,5.522624241,8.55718284,0
2003,31123,1.693779061,4.465908119,0
2004,31123,1.693779061,4.406719247,0
2005,31123,1.693779061,4.204692619,0
2006,31123,1.693779061,4.248495242,0
2007,31123,1.693779061,4.043051268,0
2003,31127,2.024985356,4.927253685,0
2004,31127,2.024985356,4.955827058,0
2005,31127,2.024985356,4.718498871,0
2006,31127,2.024985356,4.644390899,0
2007,31127,2.024985356,4.672828834,0
2003,31131,2.734107735,5.945420609,0
2004,31131,2.734107735,5.707110265,0
2005,31131,2.734107735,5.690359454,0
2006,31131,2.734107735,5.749392986,0
2007,31131,2.734107735,5.80814249,0
2003,31133,1.127199746,3.135494216,0
2004,31133,1.127199746,3.091042453,0
2005,31133,1.127199746,3.135494216,0
2006,31133,1.127199746,3.496507561,0
2007,31133,1.127199746,3.555348061,0
2003,31147,2.254549644,4.836281907,0
2004,31147,2.254549644,4.927253685,0
2005,31147,2.254549644,4.934473933,0
2006,31147,2.254549644,4.727387819,0
2007,31147,2.254549644,4.744932128,0
2003,31151,2.62777969,5.66296048,0
2004,31151,2.62777969,5.442417711,0
2005,31151,2.62777969,5.501258211,0
2006,31151,2.62777969,5.497168225,0
2007,31151,2.62777969,5.402677382,0
2003,31153,4.80888624,7.533158807,0
2004,31153,4.80888624,7.496652438,0
2005,31153,4.80888624,7.535296702,0
2006,31153,4.80888624,7.537430037,0
2007,31153,4.80888624,7.61283103,0
2003,31155,2.987195943,5.609471795,0
2004,31155,2.987195943,5.602118821,0
2005,31155,2.987195943,5.468060141,0
2006,31155,2.987195943,5.505331536,0
2007,31155,2.987195943,5.638354669,0
2003,31161,1.824226659,4.454347296,0
2004,31161,1.824226659,4.317488114,0
2005,31161,1.824226659,4.262679877,0
2006,31161,1.824226659,4.276666119,0
2007,31161,1.824226659,4.110873864,0
2003,31177,2.932792474,5.84932478,0
2004,31177,2.932792474,5.837730447,0
2005,31177,2.932792474,5.730099783,0
2006,31177,2.932792474,5.673323267,0
2007,31177,2.932792474,5.598421959,0
2003,32007,3.813108337,6.513230111,2007
2004,32007,3.813108337,6.672032945,2007
2005,32007,3.813108337,6.751101469,2007
2006,32007,3.813108337,6.81563999,2007
2007,32007,3.813108337,6.886531643,2007
2003,32011,0.501381165,2.564949357,2007
2004,32011,0.501381165,3.135494216,2007
2005,32011,0.501381165,2.833213344,2007
2006,32011,0.501381165,3.258096538,2007
2007,32011,0.501381165,3.33220451,2007
2003,32033,2.217136131,4.983606622,2007
2004,32033,2.217136131,4.912654886,2007
2005,32033,2.217136131,5.075173815,2007
2006,32033,2.217136131,5.187385806,2007
2007,32033,2.217136131,5.18178355,2007
2003,35006,3.24239702,5.442417711,0
2004,35006,3.24239702,5.135798437,0
2005,35006,3.24239702,5.262690189,0
2006,35006,3.24239702,5.472270674,0
2007,35006,3.24239702,5.442417711,0
2003,35013,5.162967178,7.578656851,0
2004,35013,5.162967178,7.560601163,0
2005,35013,5.162967178,7.628517627,0
2006,35013,5.162967178,7.596894438,0
2007,35013,5.162967178,7.656810091,0
2003,35025,4.016581199,6.719013154,0
2004,35025,4.016581199,6.705639095,0
2005,35025,4.016581199,6.791221463,0
2006,35025,4.016581199,6.891625897,0
2007,35025,4.016581199,7.032624261,0
2003,35033,1.644805056,3.044522438,0
2004,35033,1.644805056,2.197224577,0
2005,35033,1.644805056,2.48490665,0
2006,35033,1.644805056,3.044522438,0
2007,35033,1.644805056,2.833213344,0
2003,35045,4.734451309,7.446585099,0
2004,35045,4.734451309,7.377133713,0
2005,35045,4.734451309,7.353081921,0
2006,35045,4.734451309,7.367708572,0
2007,35045,4.734451309,7.44775128,0
2003,37005,2.368091895,4.624972813,2007
2004,37005,2.368091895,4.584967479,2007
2005,37005,2.368091895,4.672828834,2007
2006,37005,2.368091895,4.634728988,2007
2007,37005,2.368091895,4.624972813,2007
2003,37021,5.329476829,8.048788284,2007
2004,37021,5.329476829,8.065893547,2007
2005,37021,5.329476829,8.142063283,2007
2006,37021,5.329476829,8.183955717,2007
2007,37021,5.329476829,8.248005702,2007
2003,37025,4.875678124,7.623153068,2007
2004,37025,4.875678124,7.685703061,2007
2005,37025,4.875678124,7.705712824,2007
2006,37025,4.875678124,7.808729307,2007
2007,37025,4.875678124,7.900636613,2007
2003,37029,1.929345132,3.295836866,2007
2004,37029,1.929345132,2.944438979,2007
2005,37029,1.929345132,3.465735903,2007
2006,37029,1.929345132,3.36729583,2007
2007,37029,1.929345132,3.258096538,2007
2003,37041,2.675940147,5.068904202,2007
2004,37041,2.675940147,5.187385806,2007
2005,37041,2.675940147,4.934473933,2007
2006,37041,2.675940147,5.081404365,2007
2007,37041,2.675940147,5.081404365,2007
2003,37051,5.713610686,8.036249942,2007
2004,37051,5.713610686,8.042699497,2007
2005,37051,5.713610686,8.089482474,2007
2006,37051,5.713610686,8.126222529,2007
2007,37051,5.713610686,8.13973228,2007
2003,37057,4.992104657,7.284134806,2007
2004,37057,4.992104657,7.228388452,2007
2005,37057,4.992104657,7.229838778,2007
2006,37057,4.992104657,7.242082359,2007
2007,37057,4.992104657,7.240649694,2007
2003,37059,3.550622628,5.958424693,2007
2004,37059,3.550622628,5.942799375,2007
2005,37059,3.550622628,6.139884552,2007
2006,37059,3.550622628,6.135564891,2007
2007,37059,3.550622628,6.109247583,2007
2003,37063,5.408578853,7.96797318,2007
2004,37063,5.408578853,7.964850887,2007
2005,37063,5.408578853,7.952966791,2007
2006,37063,5.408578853,8.02059915,2007
2007,37063,5.408578853,8.028455164,2007
2003,37075,2.078566159,4.025351691,2007
2004,37075,2.078566159,4.248495242,2007
2005,37075,2.078566159,4.17438727,2007
2006,37075,2.078566159,4.477336814,2007
2007,37075,2.078566159,4.753590191,2007
2003,37079,2.943069621,4.615120517,2007
2004,37079,2.943069621,4.709530201,2007
2005,37079,2.943069621,4.510859507,2007
2006,37079,2.943069621,4.510859507,2007
2007,37079,2.943069621,4.510859507,2007
2003,37085,4.511134194,6.843749949,2007
2004,37085,4.511134194,6.857514063,2007
2005,37085,4.511134194,6.937314081,2007
2006,37085,4.511134194,7.035268599,2007
2007,37085,4.511134194,6.993015123,2007
2003,37093,3.515894178,5.231108617,2007
2004,37093,3.515894178,5.141663557,2007
2005,37093,3.515894178,5.288267031,2007
2006,37093,3.515894178,5.252273428,2007
2007,37093,3.515894178,5.308267697,2007
2003,37099,3.500167522,5.793013608,2007
2004,37099,3.500167522,5.755742214,2007
2005,37099,3.500167522,5.826000107,2007
2006,37099,3.500167522,5.84932478,2007
2007,37099,3.500167522,5.973809612,2007
2003,37103,2.339977212,3.828641396,2007
2004,37103,2.339977212,3.663561646,2007
2005,37103,2.339977212,3.761200116,2007
2006,37103,2.339977212,4.110873864,2007
2007,37103,2.339977212,3.135494216,2007
2003,37105,3.892636292,6.598509029,2007
2004,37105,3.892636292,6.586171655,2007
2005,37105,3.892636292,6.675823222,2007
2006,37105,3.892636292,6.593044534,2007
2007,37105,3.892636292,6.650279049,2007
2003,37117,3.242318877,5.356586275,2007
2004,37117,3.242318877,5.402677382,2007
2005,37117,3.242318877,5.488937726,2007
2006,37117,3.242318877,5.442417711,2007
2007,37117,3.242318877,5.411646052,2007
2003,37123,3.289222446,5.533389489,2007
2004,37123,3.289222446,5.438079309,2007
2005,37123,3.289222446,5.556828062,2007
2006,37123,3.289222446,5.605802066,2007
2007,37123,3.289222446,5.579729826,2007
2003,37127,4.470724089,7.170888479,2007
2004,37127,4.470724089,7.115582126,2007
2005,37127,4.470724089,7.116394144,2007
2006,37127,4.470724089,7.225481473,2007
2007,37127,4.470724089,7.356279877,2007
2003,37155,4.814936662,6.857514063,2007
2004,37155,4.814936662,6.853299093,2007
2005,37155,4.814936662,7.054449658,2007
2006,37155,4.814936662,6.993932975,2007
2007,37155,4.814936662,7.037905963,2007
2003,37161,4.141530265,6.300785795,2007
2004,37161,4.141530265,6.246106765,2007
2005,37161,4.141530265,6.255750042,2007
2006,37161,4.141530265,6.29710932,2007
2007,37161,4.141530265,6.428105273,2007
2003,37163,4.097024302,6.317164687,2007
2004,37163,4.097024302,6.385194399,2007
2005,37163,4.097024302,6.324358962,2007
2006,37163,4.097024302,6.342121419,2007
2007,37163,4.097024302,6.447305863,2007
2003,37165,3.583463381,6.154858094,2007
2004,37165,3.583463381,6.206575927,2007
2005,37165,3.583463381,6.148468296,2007
2006,37165,3.583463381,6.182084907,2007
2007,37165,3.583463381,6.163314804,2007
2003,37167,4.062165664,6.625392368,2007
2004,37167,4.062165664,6.543911846,2007
2005,37167,4.062165664,6.613384218,2007
2006,37167,4.062165664,6.629363253,2007
2007,37167,4.062165664,6.617402978,2007
2003,37175,3.378747253,5.676753802,2007
2004,37175,3.378747253,5.707110265,2007
2005,37175,3.378747253,5.758901774,2007
2006,37175,3.378747253,5.780743516,2007
2007,37175,3.378747253,5.713732806,2007
2003,37189,3.754081817,6.326149473,2007
2004,37189,3.754081817,6.356107661,2007
2005,37189,3.754081817,6.350885717,2007
2006,37189,3.754081817,6.444131257,2007
2007,37189,3.754081817,6.432940093,2007
2003,37191,4.730295093,7.247080585,2007
2004,37191,4.730295093,7.228388452,2007
2005,37191,4.730295093,7.217443432,2007
2006,37191,4.730295093,7.309881486,2007
2007,37191,4.730295093,7.304515946,2007
2003,38001,0.952815507,4.110873864,0
2004,38001,0.952815507,4.094344562,0
2005,38001,0.952815507,4.060443011,0
2006,38001,0.952815507,3.891820298,0
2007,38001,0.952815507,4.17438727,0
2003,38021,1.750416506,4.682131227,0
2004,38021,1.750416506,4.290459441,0
2005,38021,1.750416506,4.510859507,0
2006,38021,1.750416506,4.744932128,0
2007,38021,1.750416506,4.624972813,0
2003,38023,0.825490368,4.110873864,0
2004,38023,0.825490368,4.110873864,0
2005,38023,0.825490368,3.871201011,0
2006,38023,0.825490368,3.891820298,0
2007,38023,0.825490368,3.850147602,0
2003,38035,4.191304895,7.281385664,0
2004,38035,4.191304895,7.206377291,0
2005,38035,4.191304895,7.293697721,0
2006,38035,4.191304895,7.282073658,0
2007,38035,4.191304895,7.282073658,0
2003,38037,1.044156103,3.465735903,0
2004,38037,1.044156103,3.218875825,0
2005,38037,1.044156103,3.135494216,0
2006,38037,1.044156103,3.295836866,0
2007,38037,1.044156103,3.465735903,0
2003,38049,1.789590452,3.988984047,0
2004,38049,1.789590452,3.63758616,0
2005,38049,1.789590452,3.891820298,0
2006,38049,1.789590452,3.828641396,0
2007,38049,1.789590452,4.025351691,0
2003,38061,1.891755622,4.941642423,0
2004,38061,1.891755622,4.709530201,0
2005,38061,1.891755622,4.644390899,0
2006,38061,1.891755622,4.59511985,0
2007,38061,1.891755622,4.736198448,0
2003,38063,1.312378678,3.912023005,0
2004,38063,1.312378678,4.043051268,0
2005,38063,1.312378678,4.043051268,0
2006,38063,1.312378678,3.80666249,0
2007,38063,1.312378678,3.713572067,0
2003,38073,1.773255998,4.836281907,0
2004,38073,1.773255998,4.875197323,0
2005,38073,1.773255998,4.753590191,0
2006,38073,1.773255998,4.762173935,0
2007,38073,1.773255998,4.795790546,0
2003,38097,2.137356614,5.164785974,0
2004,38097,2.137356614,5.141663557,0
2005,38097,2.137356614,5.017279837,0
2006,38097,2.137356614,5.087596335,0
2007,38097,2.137356614,5.056245805,0
2003,38099,2.516808982,5.846438775,0
2004,38099,2.516808982,5.771441123,0
2005,38099,2.516808982,5.697093487,0
2006,38099,2.516808982,5.690359454,0
2007,38099,2.516808982,5.673323267,0
2003,38105,2.983710298,6.167516491,0
2004,38105,2.983710298,6.070737728,0
2005,38105,2.983710298,6.124683391,0
2006,38105,2.983710298,6.169610732,0
2007,38105,2.983710298,6.188264123,0
2003,39019,3.361624607,5.463831805,2007
2004,39019,3.361624607,5.442417711,2007
2005,39019,3.361624607,5.402677382,2007
2006,39019,3.361624607,5.278114659,2007
2007,39019,3.361624607,5.351858133,2007
2003,39021,3.660737148,5.899897354,2007
2004,39021,3.660737148,5.774551546,2007
2005,39021,3.660737148,5.802118375,2007
2006,39021,3.660737148,5.863631176,2007
2007,39021,3.660737148,5.783825182,2007
2003,39035,7.239916809,10.00201981,2007
2004,39035,7.239916809,9.947552284,2007
2005,39035,7.239916809,9.914674742,2007
2006,39035,7.239916809,9.915959454,2007
2007,39035,7.239916809,9.893740201,2007
2003,39047,3.347550442,6.342121419,2007
2004,39047,3.347550442,6.329720906,2007
2005,39047,3.347550442,6.338594078,2007
2006,39047,3.347550442,6.232448017,2007
2007,39047,3.347550442,6.244166901,2007
2003,39055,4.509704994,7.294377299,2007
2004,39055,4.509704994,7.242082359,2007
2005,39055,4.509704994,7.220373837,2007
2006,39055,4.509704994,7.309212366,2007
2007,39055,4.509704994,7.242797923,2007
2003,39063,4.266826199,7.154615357,2007
2004,39063,4.266826199,7.062191632,2007
2005,39063,4.266826199,7.129297549,2007
2006,39063,4.266826199,7.11395611,2007
2007,39063,4.266826199,7.146772179,2007
2003,39071,3.710518629,6.11368218,2007
2004,39071,3.710518629,6.144185634,2007
2005,39071,3.710518629,6.210600077,2007
2006,39071,3.710518629,6.192362489,2007
2007,39071,3.710518629,6.107022888,2007
2003,39079,3.485569167,5.834810737,2007
2004,39079,3.485569167,5.755742214,2007
2005,39079,3.485569167,5.869296913,2007
2006,39079,3.485569167,5.826000107,2007
2007,39079,3.485569167,5.789960171,2007
2003,39095,6.120416093,9.010547069,2007
2004,39095,6.120416093,8.927181388,2007
2005,39095,6.120416093,8.842026529,2007
2006,39095,6.120416093,8.840290669,2007
2007,39095,6.120416093,8.821732381,2007
2003,39097,3.694190326,5.976350909,2007
2004,39097,3.694190326,5.940171253,2007
2005,39097,3.694190326,6.133398043,2007
2006,39097,3.694190326,5.950642553,2007
2007,39097,3.694190326,5.855071922,2007
2003,39107,3.711716688,6.776506992,2007
2004,39107,3.711716688,6.769641977,2007
2005,39107,3.711716688,6.73459166,2007
2006,39107,3.711716688,6.805722553,2007
2007,39107,3.711716688,6.719013154,2007
2003,39111,2.719978772,3.33220451,2007
2004,39111,2.719978772,3.258096538,2007
2005,39111,2.719978772,3.526360525,2007
2006,39111,2.719978772,3.496507561,2007
2007,39111,2.719978772,3.401197382,2007
2003,39119,4.437756946,7.120444372,2007
2004,39119,4.437756946,7.025538315,2007
2005,39119,4.437756946,6.946013991,2007
2006,39119,4.437756946,6.859614904,2007
2007,39119,4.437756946,6.895682698,2007
2003,39143,4.123773906,6.831953566,2007
2004,39143,4.123773906,6.828712072,2007
2005,39143,4.123773906,6.745236349,2007
2006,39143,4.123773906,6.733401892,2007
2007,39143,4.123773906,6.765038977,2007
2003,39163,2.549913811,4.234106505,2007
2004,39163,2.549913811,4.248495242,2007
2005,39163,2.549913811,4.094344562,2007
2006,39163,2.549913811,3.871201011,2007
2007,39163,2.549913811,4.007333185,2007
2003,39173,4.796327591,7.557994959,2007
2004,39173,4.796327591,7.52131798,2007
2005,39173,4.796327591,7.465082736,2007
2006,39173,4.796327591,7.473637108,2007
2007,39173,4.796327591,7.512617545,2007
2003,40003,1.809108108,4.025351691,0
2004,40003,1.809108108,3.761200116,0
2005,40003,1.809108108,3.912023005,0
2006,40003,1.809108108,3.850147602,0
2007,40003,1.809108108,3.988984047,0
2003,40013,3.598243334,6.177944114,0
2004,40013,3.598243334,6.242223265,0
2005,40013,3.598243334,6.280395839,0
2006,40013,3.598243334,6.135564891,0
2007,40013,3.598243334,6.192362489,0
2003,40015,3.406184923,5.459585514,0
2004,40015,3.406184923,5.278114659,0
2005,40015,3.406184923,5.327876169,0
2006,40015,3.406184923,5.411646052,0
2007,40015,3.406184923,5.38907173,0
2003,40017,4.473887691,7.121252453,0
2004,40017,4.473887691,7.085901464,0
2005,40017,4.473887691,7.00033446,0
2006,40017,4.473887691,7.07834158,0
2007,40017,4.473887691,7.090909822,0
2003,40025,1.146767331,3.80666249,0
2004,40025,1.146767331,3.583518938,0
2005,40025,1.146767331,3.555348061,0
2006,40025,1.146767331,3.931825633,0
2007,40025,1.146767331,3.555348061,0
2003,40039,3.263543216,6.045005314,0
2004,40039,3.263543216,5.986452005,0
2005,40039,3.263543216,5.899897354,0
2006,40039,3.263543216,5.983936281,0
2007,40039,3.263543216,6.023447593,0
2003,40063,2.64999727,4.624972813,0
2004,40063,2.64999727,4.454347296,0
2005,40063,2.64999727,4.276666119,0
2006,40063,2.64999727,4.110873864,0
2007,40063,2.64999727,4.521788577,0
2003,40069,2.352612587,4.49980967,0
2004,40069,2.352612587,4.382026635,0
2005,40069,2.352612587,4.189654742,0
2006,40069,2.352612587,4.189654742,0
2007,40069,2.352612587,4.663439094,0
2003,40075,2.325031282,4.605170186,0
2004,40075,2.325031282,4.382026635,0
2005,40075,2.325031282,4.262679877,0
2006,40075,2.325031282,4.262679877,0
2007,40075,2.325031282,4.110873864,0
2003,40083,3.524122728,5.655991811,0
2004,40083,3.524122728,5.384495063,0
2005,40083,3.524122728,5.429345629,0
2006,40083,3.524122728,5.438079309,0
2007,40083,3.524122728,5.472270674,0
2003,40101,4.240621468,7.026426809,0
2004,40101,4.240621468,6.794586581,0
2005,40101,4.240621468,6.910750788,0
2006,40101,4.240621468,6.951772164,0
2007,40101,4.240621468,6.783325201,0
2003,40119,4.222297927,6.960347729,0
2004,40119,4.222297927,6.877296071,0
2005,40119,4.222297927,6.720220155,0
2006,40119,4.222297927,6.81014245,0
2007,40119,4.222297927,6.836259277,0
2003,40137,3.765423742,6.206575927,0
2004,40137,3.765423742,6.171700597,0
2005,40137,3.765423742,6.194405391,0
2006,40137,3.765423742,6.302618976,0
2007,40137,3.765423742,6.308098442,0
2003,40143,6.333810571,9.275566157,0
2004,40143,6.333810571,9.185022564,0
2005,40143,6.333810571,9.213036734,0
2006,40143,6.333810571,9.317758769,0
2007,40143,6.333810571,9.361085259,0
2003,40145,4.051628414,5.891644212,0
2004,40145,4.051628414,5.85220248,0
2005,40145,4.051628414,5.924255797,0
2006,40145,4.051628414,6.00635316,0
2007,40145,4.051628414,6.021023349,0
2003,40153,2.917013689,5.733341277,0
2004,40153,2.917013689,5.641907071,0
2005,40153,2.917013689,5.726847748,0
2006,40153,2.917013689,5.869296913,0
2007,40153,2.917013689,5.950642553,0
2003,45007,5.110420295,7.658699558,0
2004,45007,5.110420295,7.6118424,0
2005,45007,5.110420295,7.622174595,0
2006,45007,5.110420295,7.658227526,0
2007,45007,5.110420295,7.639642288,0
2003,45009,2.812890582,5.030437921,0
2004,45009,2.812890582,4.934473933,0
2005,45009,2.812890582,5.129898715,0
2006,45009,2.812890582,5.056245805,0
2007,45009,2.812890582,5.141663557,0
2003,45013,4.795269749,7.582229194,0
2004,45013,4.795269749,7.570443252,0
2005,45013,4.795269749,7.651120176,0
2006,45013,4.795269749,7.74586823,0
2007,45013,4.795269749,7.717796211,0
2003,45017,2.720308098,4.219507705,0
2004,45017,2.720308098,4.127134385,0
2005,45017,2.720308098,4.143134726,0
2006,45017,2.720308098,4.17438727,0
2007,45017,2.720308098,4.234106505,0
2003,45019,5.736472292,8.522379718,0
2004,45019,5.736472292,8.509362612,0
2005,45019,5.736472292,8.605753368,0
2006,45019,5.736472292,8.700181193,0
2007,45019,5.736472292,8.712924435,0
2003,45023,3.528358527,5.347107531,0
2004,45023,3.528358527,5.351858133,0
2005,45023,3.528358527,5.356586275,0
2006,45023,3.528358527,5.476463552,0
2007,45023,3.528358527,5.525452939,0
2003,45025,3.755790159,5.805134969,0
2004,45025,3.755790159,5.733341277,0
2005,45025,3.755790159,5.85220248,0
2006,45025,3.755790159,5.783825182,0
2007,45025,3.755790159,5.899897354,0
2003,45037,3.20254317,5.099866428,0
2004,45037,3.20254317,4.9698133,0
2005,45037,3.20254317,5.030437921,0
2006,45037,3.20254317,4.997212274,0
2007,45037,3.20254317,5.272999559,0
2003,45051,5.281318704,7.987864096,0
2004,45051,5.281318704,7.974532844,0
2005,45051,5.281318704,8.112827479,0
2006,45051,5.281318704,8.199738961,0
2007,45051,5.281318704,8.286521374,0
2003,45055,3.963609257,6.177944114,0
2004,45055,3.963609257,6.302618976,0
2005,45055,3.963609257,6.408528791,0
2006,45055,3.963609257,6.285998095,0
2007,45055,3.963609257,6.381816017,0
2003,45059,4.242290317,6.421622268,0
2004,45059,4.242290317,6.257667588,0
2005,45059,4.242290317,6.324358962,0
2006,45059,4.242290317,6.356107661,0
2007,45059,4.242290317,6.342121419,0
2003,45067,3.568574491,5.690359454,0
2004,45067,3.568574491,5.605802066,0
2005,45067,3.568574491,5.613128106,0
2006,45067,3.568574491,5.645446898,0
2007,45067,3.568574491,5.638354669,0
2003,45073,4.192907023,6.56526497,0
2004,45073,4.192907023,6.432940093,0
2005,45073,4.192907023,6.396929655,0
2006,45073,4.192907023,6.418364936,0
2007,45073,4.192907023,6.444131257,0
2003,45081,2.953920206,5.049856007,0
2004,45081,2.953920206,5.105945474,0
2005,45081,2.953920206,5.153291594,0
2006,45081,2.953920206,5.164785974,0
2007,45081,2.953920206,5.111987788,0
2003,45087,3.397222827,5.225746674,0
2004,45087,3.397222827,5.017279837,0
2005,45087,3.397222827,5.093750201,0
2006,45087,3.397222827,5.327876169,0
2007,45087,3.397222827,5.407171771,0
2003,46013,3.568405301,6.749931194,0
2004,46013,3.568405301,6.685860947,0
2005,46013,3.568405301,6.701960366,0
2006,46013,3.568405301,6.782192056,0
2007,46013,3.568405301,6.786716951,0
2003,46021,0.577736329,3.044522438,0
2004,46021,0.577736329,2.995732274,0
2005,46021,0.577736329,2.708050201,0
2006,46021,0.577736329,2.708050201,0
2007,46021,0.577736329,2.564949357,0
2003,46029,3.254127132,6.616065185,0
2004,46029,3.254127132,6.562444094,0
2005,46029,3.254127132,6.624065228,0
2006,46029,3.254127132,6.593044534,0
2007,46029,3.254127132,6.572282543,0
2003,46033,1.984443813,4.234106505,0
2004,46033,1.984443813,4.189654742,0
2005,46033,1.984443813,4.418840608,0
2006,46033,1.984443813,4.477336814,0
2007,46033,1.984443813,4.394449155,0
2003,46047,2.008616636,4.605170186,0
2004,46047,2.008616636,4.691347882,0
2005,46047,2.008616636,4.532599493,0
2006,46047,2.008616636,4.828313737,0
2007,46047,2.008616636,4.836281907,0
2003,46065,2.802208202,6.133398043,0
2004,46065,2.802208202,6.126869184,0
2005,46065,2.802208202,6.167516491,0
2006,46065,2.802208202,6.135564891,0
2007,46065,2.802208202,6.104793232,0
2003,46075,0.176471143,3.496507561,0
2004,46075,0.176471143,3.496507561,0
2005,46075,0.176471143,3.258096538,0
2006,46075,0.176471143,2.944438979,0
2007,46075,0.176471143,3.17805383,0
2003,46079,2.422676573,5.459585514,0
2004,46079,2.422676573,5.313205979,0
2005,46079,2.422676573,5.424950017,0
2006,46079,2.422676573,5.303304908,0
2007,46079,2.422676573,5.323009979,0
2003,46095,0.733809162,2.397895273,0
2004,46095,0.733809162,2.708050201,0
2005,46095,0.733809162,2.833213344,0
2006,46095,0.733809162,2.944438979,0
2007,46095,0.733809162,3.36729583,0
2003,46105,1.212833433,4.043051268,0
2004,46105,1.212833433,4.025351691,0
2005,46105,1.212833433,4.204692619,0
2006,46105,1.212833433,4.17438727,0
2007,46105,1.212833433,4.077537444,0
2003,46109,2.304183814,5.147494477,0
2004,46109,2.304183814,5.159055299,0
2005,46109,2.304183814,5.247024072,0
2006,46109,2.304183814,5.214935758,0
2007,46109,2.304183814,5.129898715,0
2003,46115,2.008750801,4.812184355,0
2004,46115,2.008750801,4.912654886,0
2005,46115,2.008750801,5.023880521,0
2006,46115,2.008750801,5.087596335,0
2007,46115,2.008750801,5.056245805,0
2003,46119,0.442118426,2.833213344,0
2004,46119,0.442118426,2.995732274,0
2005,46119,0.442118426,2.708050201,0
2006,46119,0.442118426,2.995732274,0
2007,46119,0.442118426,2.890371758,0
2003,46121,2.202764758,3.496507561,0
2004,46121,2.202764758,3.761200116,0
2005,46121,2.202764758,3.465735903,0
2006,46121,2.202764758,3.583518938,0
2007,46121,2.202764758,3.17805383,0
2003,47005,2.805600295,5.068904202,0
2004,47005,2.805600295,4.955827058,0
2005,47005,2.805600295,4.990432587,0
2006,47005,2.805600295,5.003946306,0
2007,47005,2.805600295,4.941642423,0
2003,47007,2.515031635,3.970291914,0
2004,47007,2.515031635,3.850147602,0
2005,47007,2.515031635,4.077537444,0
2006,47007,2.515031635,3.931825633,0
2007,47007,2.515031635,4.158883083,0
2003,47009,4.661767887,6.943122423,0
2004,47009,4.661767887,7.002155954,0
2005,47009,4.661767887,7.068172,0
2006,47009,4.661767887,7.120444372,0
2007,47009,4.661767887,7.096721378,0
2003,47013,3.685222777,5.537334267,0
2004,47013,3.685222777,5.541263545,0
2005,47013,3.685222777,5.683579767,0
2006,47013,3.685222777,5.613128106,0
2007,47013,3.685222777,5.655991811,0
2003,47029,3.513483857,5.361292166,0
2004,47029,3.513483857,5.236441963,0
2005,47029,3.513483857,5.347107531,0
2006,47029,3.513483857,5.323009979,0
2007,47029,3.513483857,5.438079309,0
2003,47047,3.360583699,5.068904202,0
2004,47047,3.360583699,5.075173815,0
2005,47047,3.360583699,5.147494477,0
2006,47047,3.360583699,5.407171771,0
2007,47047,3.360583699,5.480638923,0
2003,47065,5.729762064,8.573195382,0
2004,47065,5.729762064,8.603003848,0
2005,47065,5.729762064,8.631949429,0
2006,47065,5.729762064,8.557759153,0
2007,47065,5.729762064,8.563695025,0
2003,47073,3.980858531,6.126869184,0
2004,47073,3.980858531,6.008813185,0
2005,47073,3.980858531,5.934894196,0
2006,47073,3.980858531,6.042632834,0
2007,47073,3.980858531,5.937536205,0
2003,47081,3.104362438,4.983606622,0
2004,47081,3.104362438,4.852030264,0
2005,47081,3.104362438,4.828313737,0
2006,47081,3.104362438,4.890349128,0
2007,47081,3.104362438,5.010635294,0
2003,47097,3.299570628,4.736198448,0
2004,47097,3.299570628,4.727387819,0
2005,47097,3.299570628,4.521788577,0
2006,47097,3.299570628,4.787491743,0
2007,47097,3.299570628,4.882801923,0
2003,47099,3.687027741,5.897153868,0
2004,47099,3.687027741,5.918893854,0
2005,47099,3.687027741,5.966146739,0
2006,47099,3.687027741,5.966146739,0
2007,47099,3.687027741,6.052089169,0
2003,47125,4.903554782,7.316548177,0
2004,47125,4.903554782,7.334981879,0
2005,47125,4.903554782,7.388946098,0
2006,47125,4.903554782,7.425953657,0
2007,47125,4.903554782,7.51479976,0
2003,47145,3.94951145,6.023447593,0
2004,47145,3.94951145,6.102558595,0
2005,47145,3.94951145,6.192362489,0
2006,47145,3.94951145,6.079933195,0
2007,47145,3.94951145,6.049733455,0
2003,47157,6.799581922,9.486076373,0
2004,47157,6.799581922,9.447702361,0
2005,47157,6.799581922,9.406400455,0
2006,47157,6.799581922,9.470317173,0
2007,47157,6.799581922,9.52493211,0
2003,47171,2.871698493,4.997212274,0
2004,47171,2.871698493,4.691347882,0
2005,47171,2.871698493,4.859812404,0
2006,47171,2.871698493,4.890349128,0
2007,47171,2.871698493,4.859812404,0
2003,47173,2.879647795,4.510859507,0
2004,47173,2.879647795,4.343805422,0
2005,47173,2.879647795,4.33073334,0
2006,47173,2.879647795,4.634728988,0
2007,47173,2.879647795,4.454347296,0
2003,48015,3.160822893,5.739792912,0
2004,48015,3.160822893,5.866468057,0
2005,48015,3.160822893,5.866468057,0
2006,48015,3.160822893,5.899897354,0
2007,48015,3.160822893,5.998936562,0
2003,48019,2.870452457,4.753590191,0
2004,48019,2.870452457,4.672828834,0
2005,48019,2.870452457,4.836281907,0
2006,48019,2.870452457,4.795790546,0
2007,48019,2.870452457,4.795790546,0
2003,48025,3.476892189,5.220355825,0
2004,48025,3.476892189,5.241747015,0
2005,48025,3.476892189,5.192956851,0
2006,48025,3.476892189,5.365976015,0
2007,48025,3.476892189,5.332718793,0
2003,48031,2.13037227,4.574710979,0
2004,48031,2.13037227,4.605170186,0
2005,48031,2.13037227,4.418840608,0
2006,48031,2.13037227,4.454347296,0
2007,48031,2.13037227,4.59511985,0
2003,48043,2.182223736,4.836281907,0
2004,48043,2.182223736,4.890349128,0
2005,48043,2.182223736,5.164785974,0
2006,48043,2.182223736,5.327876169,0
2007,48043,2.182223736,5.497168225,0
2003,48055,3.4717801,5.351858133,0
2004,48055,3.4717801,5.497168225,0
2005,48055,3.4717801,5.379897354,0
2006,48055,3.4717801,5.446737372,0
2007,48055,3.4717801,5.433722004,0
2003,48061,5.814807914,7.841492924,0
2004,48061,5.814807914,7.816416984,0
2005,48061,5.814807914,7.742402022,0
2006,48061,5.814807914,7.818430272,0
2007,48061,5.814807914,7.927685046,0
2003,48073,3.842865835,6.352629396,0
2004,48073,3.842865835,6.077642243,0
2005,48073,3.842865835,6.194405391,0
2006,48073,3.842865835,6.210600077,0
2007,48073,3.842865835,6.226536669,0
2003,48077,2.398440579,4.343805422,0
2004,48077,2.398440579,4.110873864,0
2005,48077,2.398440579,4.158883083,0
2006,48077,2.398440579,3.912023005,0
2007,48077,2.398440579,3.80666249,0
2003,48113,7.704766406,10.44269653,0
2004,48113,7.704766406,10.33912616,0
2005,48113,7.704766406,10.33711891,0
2006,48113,7.704766406,10.37847872,0
2007,48113,7.704766406,10.43526221,0
2003,48117,2.921062605,5.424950017,0
2004,48117,2.921062605,5.283203729,0
2005,48117,2.921062605,5.267858159,0
2006,48117,2.921062605,5.463831805,0
2007,48117,2.921062605,5.497168225,0
2003,48121,6.070682299,8.623533227,0
2004,48121,6.070682299,8.630343289,0
2005,48121,6.070682299,8.682538124,0
2006,48121,6.070682299,8.757311847,0
2007,48121,6.070682299,8.809564253,0
2003,48151,1.468795583,2.944438979,0
2004,48151,1.468795583,2.995732274,0
2005,48151,1.468795583,2.564949357,0
2006,48151,1.468795583,2.995732274,0
2007,48151,1.468795583,2.48490665,0
2003,48173,0.340748793,2.397895273,0
2004,48173,0.340748793,1.791759469,0
2005,48173,0.340748793,1.945910149,0
2006,48173,0.340748793,2.079441542,0
2007,48173,0.340748793,1.386294361,0
2003,48213,4.294246781,6.570882962,0
2004,48213,4.294246781,6.473890696,0
2005,48213,4.294246781,6.396929655,0
2006,48213,4.294246781,6.495265556,0
2007,48213,4.294246781,6.464588304,0
2003,48221,3.716008122,6.23636959,0
2004,48221,3.716008122,6.137727054,0
2005,48221,3.716008122,6.056784013,0
2006,48221,3.716008122,6.253828812,0
2007,48221,3.716008122,6.363028104,0
2003,48223,3.464485121,5.955837369,0
2004,48223,3.464485121,5.918893854,0
2005,48223,3.464485121,5.857933154,0
2006,48223,3.464485121,5.950642553,0
2007,48223,3.464485121,5.905361848,0
2003,48245,5.529631448,8.01763716,0
2004,48245,5.529631448,7.923348212,0
2005,48245,5.529631448,8.091627412,0
2006,48245,5.529631448,8.186185994,0
2007,48245,5.529631448,8.173011312,0
2003,48249,3.671885878,5.620400866,0
2004,48249,3.671885878,5.762051383,0
2005,48249,3.671885878,5.739792912,0
2006,48249,3.671885878,5.786897381,0
2007,48249,3.671885878,5.869296913,0
2003,48271,1.217579808,2.63905733,0
2004,48271,1.217579808,1.609437912,0
2005,48271,1.217579808,1.609437912,0
2006,48271,1.217579808,2.197224577,0
2007,48271,1.217579808,2.302585093,0
2003,48277,3.881543179,6.32256524,0
2004,48277,3.881543179,6.240275845,0
2005,48277,3.881543179,6.150602768,0
2006,48277,3.881543179,6.376726948,0
2007,48277,3.881543179,6.456769656,0
2003,48291,4.250692826,6.265301213,0
2004,48291,4.250692826,6.246106765,0
2005,48291,4.250692826,6.196444128,0
2006,48291,4.250692826,6.276643489,0
2007,48291,4.250692826,6.289715571,0
2003,48295,1.117434043,3.583518938,0
2004,48295,1.117434043,3.912023005,0
2005,48295,1.117434043,4.043051268,0
2006,48295,1.117434043,3.988984047,0
2007,48295,1.117434043,4.204692619,0
2003,48305,1.87946505,3.784189634,0
2004,48305,1.87946505,3.713572067,0
2005,48305,1.87946505,3.80666249,0
2006,48305,1.87946505,3.871201011,0
2007,48305,1.87946505,2.995732274,0
2003,48317,1.557302158,2.564949357,0
2004,48317,1.557302158,1.098612289,0
2005,48317,1.557302158,2.079441542,0
2006,48317,1.557302158,1.386294361,0
2007,48317,1.557302158,1.945910149,0
2003,48323,3.856446869,5.789960171,0
2004,48323,3.856446869,5.455321115,0
2005,48323,3.856446869,5.501258211,0
2006,48323,3.856446869,5.717027701,0
2007,48323,3.856446869,5.916202063,0
2003,48341,3.001764046,5.749392986,0
2004,48341,3.001764046,5.59471138,0
2005,48341,3.001764046,5.587248658,0
2006,48341,3.001764046,5.693732139,0
2007,48341,3.001764046,5.697093487,0
2003,48351,2.712838718,3.33220451,0
2004,48351,2.712838718,3.465735903,0
2005,48351,2.712838718,3.80666249,0
2006,48351,2.712838718,3.610917913,0
2007,48351,2.712838718,3.828641396,0
2003,48357,2.197891022,5.303304908,0
2004,48357,2.197891022,5.236441963,0
2005,48357,2.197891022,5.18178355,0
2006,48357,2.197891022,5.252273428,0
2007,48357,2.197891022,5.257495372,0
2003,48363,3.296799366,5.613128106,0
2004,48363,3.296799366,5.627621114,0
2005,48363,3.296799366,5.673323267,0
2006,48363,3.296799366,5.786897381,0
2007,48363,3.296799366,5.789960171,0
2003,48369,2.304183814,4.762173935,0
2004,48369,2.304183814,4.882801923,0
2005,48369,2.304183814,4.875197323,0
2006,48369,2.304183814,4.779123493,0
2007,48369,2.304183814,4.795790546,0
2003,48383,1.201770381,3.433987204,0
2004,48383,1.201770381,3.610917913,0
2005,48383,1.201770381,3.295836866,0
2006,48383,1.201770381,3.610917913,0
2007,48383,1.201770381,3.761200116,0
2003,48385,1.1141575,3.091042453,0
2004,48385,1.1141575,2.708050201,0
2005,48385,1.1141575,2.397895273,0
2006,48385,1.1141575,2.708050201,0
2007,48385,1.1141575,2.944438979,0
2003,48397,3.763058852,6.555356892,0
2004,48397,3.763058852,6.605297921,0
2005,48397,3.763058852,6.688354714,0
2006,48397,3.763058852,6.783325201,0
2007,48397,3.763058852,6.938284484,0
2003,48399,2.441912158,4.86753445,0
2004,48399,2.441912158,4.753590191,0
2005,48399,2.441912158,4.65396035,0
2006,48399,2.441912158,4.624972813,0
2007,48399,2.441912158,4.624972813,0
2003,48409,4.206750203,6.12249281,0
2004,48409,4.206750203,6.139884552,0
2005,48409,4.206750203,6.196444128,0
2006,48409,4.206750203,6.306275287,0
2007,48409,4.206750203,6.388561406,0
2003,48415,2.794900454,5.198497031,0
2004,48415,2.794900454,5.030437921,0
2005,48415,2.794900454,4.9698133,0
2006,48415,2.794900454,5.075173815,0
2007,48415,2.794900454,5.198497031,0
2003,48417,1.194528345,3.583518938,0
2004,48417,1.194528345,3.555348061,0
2005,48417,1.194528345,3.663561646,0
2006,48417,1.194528345,4.158883083,0
2007,48417,1.194528345,3.931825633,0
2003,48447,0.615185639,2.564949357,0
2004,48447,0.615185639,2.197224577,0
2005,48447,0.615185639,2.48490665,0
2006,48447,0.615185639,2.48490665,0
2007,48447,0.615185639,2.48490665,0
2003,48461,1.224951211,2.772588722,0
2004,48461,1.224951211,2.302585093,0
2005,48461,1.224951211,2.772588722,0
2006,48461,1.224951211,2.833213344,0
2007,48461,1.224951211,2.564949357,0
2003,48465,3.803457359,6.011267174,0
2004,48465,3.803457359,5.823045895,0
2005,48465,3.803457359,5.783825182,0
2006,48465,3.803457359,5.805134969,0
2007,48465,3.803457359,5.926926026,0
2003,48477,3.413554056,6.324358962,0
2004,48477,3.413554056,6.324358962,0
2005,48477,3.413554056,6.232448017,0
2006,48477,3.413554056,6.22059017,0
2007,48477,3.413554056,6.396929655,0
2003,48493,3.478405306,5.552959585,0
2004,48493,3.478405306,5.509388337,0
2005,48493,3.478405306,5.468060141,0
2006,48493,3.478405306,5.733341277,0
2007,48493,3.478405306,5.690359454,0
2003,48503,2.887200067,5.480638923,0
2004,48503,2.887200067,5.497168225,0
2005,48503,2.887200067,5.513428746,0
2006,48503,2.887200067,5.545177444,0
2007,48503,2.887200067,5.513428746,0
2003,48505,2.499959452,3.871201011,0
2004,48505,2.499959452,4.127134385,0
2005,48505,2.499959452,4.262679877,0
2006,48505,2.499959452,4.394449155,0
2007,48505,2.499959452,4.33073334,0
2003,48507,2.451005098,3.401197382,0
2004,48507,2.451005098,3.433987204,0
2005,48507,2.451005098,3.33220451,0
2006,48507,2.451005098,3.401197382,0
2007,48507,2.451005098,3.555348061,0
2003,49003,3.755252229,6.844815479,0
2004,49003,3.755252229,6.792344427,0
2005,49003,3.755252229,6.796823718,0
2006,49003,3.755252229,6.826545224,0
2007,49003,3.755252229,6.930494766,0
2003,49011,5.476438447,8.522578664,0
2004,49011,5.476438447,8.494129252,0
2005,49011,5.476438447,8.519590316,0
2006,49011,5.476438447,8.591929538,0
2007,49011,5.476438447,8.690978417,0
2003,49023,2.108757596,5.293304825,0
2004,49023,2.108757596,5.220355825,0
2005,49023,2.108757596,5.278114659,0
2006,49023,2.108757596,5.463831805,0
2007,49023,2.108757596,5.488937726,0
2003,49037,2.668130577,5.017279837,0
2004,49037,2.668130577,5.129898715,0
2005,49037,2.668130577,5.075173815,0
2006,49037,2.668130577,5.236441963,0
2007,49037,2.668130577,5.010635294,0
2003,49053,4.503735288,7.841099765,0
2004,49053,4.503735288,7.827639546,0
2005,49053,4.503735288,7.928406026,0
2006,49053,4.503735288,8.061802275,0
2007,49053,4.503735288,8.089789176,0
2003,51003,4.372430741,7.080867897,0
2004,51003,4.372430741,7.120444372,0
2005,51003,4.372430741,7.069874128,0
2006,51003,4.372430741,7.189167738,0
2007,51003,4.372430741,7.279318835,0
2003,51015,4.183804328,6.469250317,0
2004,51015,4.183804328,6.393590754,0
2005,51015,4.183804328,6.464588304,0
2006,51015,4.183804328,6.49677499,0
2007,51015,4.183804328,6.484635236,0
2003,51017,1.618992125,2.890371758,0
2004,51017,1.618992125,2.397895273,0
2005,51017,1.618992125,2.772588722,0
2006,51017,1.618992125,2.564949357,0
2007,51017,1.618992125,2.302585093,0
2003,51019,4.100508857,5.805134969,0
2004,51019,4.100508857,5.823045895,0
2005,51019,4.100508857,5.897153868,0
2006,51019,4.100508857,5.945420609,0
2007,51019,4.100508857,5.883322388,0
2003,51023,3.417595527,5.564520407,0
2004,51023,3.417595527,5.509388337,0
2005,51023,3.417595527,5.655991811,0
2006,51023,3.417595527,5.894402834,0
2007,51023,3.417595527,5.983936281,0
2003,51025,2.913382741,4.644390899,0
2004,51025,2.913382741,4.543294782,0
2005,51025,2.913382741,4.564348191,0
2006,51025,2.913382741,4.543294782,0
2007,51025,2.913382741,4.615120517,0
2003,51041,5.560308484,8.498010372,0
2004,51041,5.560308484,8.508757713,0
2005,51041,5.560308484,8.531293316,0
2006,51041,5.560308484,8.573951525,0
2007,51041,5.560308484,8.562548893,0
2003,51047,3.534036868,6.045005314,0
2004,51047,3.534036868,6.137727054,0
2005,51047,3.534036868,6.177944114,0
2006,51047,3.534036868,6.240275845,0
2007,51047,3.534036868,6.282266747,0
2003,51053,3.20001915,5.459585514,0
2004,51053,3.20001915,5.424950017,0
2005,51053,3.20001915,5.262690189,0
2006,51053,3.20001915,5.398162702,0
2007,51053,3.20001915,5.468060141,0
2003,51059,6.877037275,9.394992544,0
2004,51059,6.877037275,9.386811515,0
2005,51059,6.877037275,9.452972776,0
2006,51059,6.877037275,9.492205559,0
2007,51059,6.877037275,9.475393326,0
2003,51061,4.00985727,6.711740395,0
2004,51061,4.00985727,6.770789424,0
2005,51061,4.00985727,6.747586527,0
2006,51061,4.00985727,6.760414691,0
2007,51061,4.00985727,6.866933284,0
2003,51077,2.885749983,4.060443011,0
2004,51077,2.885749983,4.262679877,0
2005,51077,2.885749983,4.077537444,0
2006,51077,2.885749983,4.262679877,0
2007,51077,2.885749983,4.143134726,0
2003,51079,2.724185983,5.308267697,0
2004,51079,2.724185983,4.905274778,0
2005,51079,2.724185983,4.828313737,0
2006,51079,2.724185983,4.787491743,0
2007,51079,2.724185983,4.709530201,0
2003,51089,4.059235385,6.159095388,0
2004,51089,4.059235385,5.963579344,0
2005,51089,4.059235385,6.06610809,0
2006,51089,4.059235385,5.981414211,0
2007,51089,4.059235385,6.059123196,0
2003,51109,3.243646483,5.459585514,0
2004,51109,3.243646483,5.402677382,0
2005,51109,3.243646483,5.556828062,0
2006,51109,3.243646483,5.529429088,0
2007,51109,3.243646483,5.710427017,0
2003,51111,2.57611753,4.394449155,0
2004,51111,2.57611753,4.356708827,0
2005,51111,2.57611753,4.382026635,0
2006,51111,2.57611753,4.382026635,0
2007,51111,2.57611753,4.204692619,0
2003,51121,4.42639035,6.968850378,0
2004,51121,4.42639035,6.899723107,0
2005,51121,4.42639035,6.957497371,0
2006,51121,4.42639035,7.005789019,0
2007,51121,4.42639035,7.057036982,0
2003,51149,3.497930791,5.978885765,0
2004,51149,3.497930791,5.866468057,0
2005,51149,3.497930791,5.780743516,0
2006,51149,3.497930791,5.713732806,0
2007,51149,3.497930791,5.730099783,0
2003,51185,3.797689015,6.214608098,0
2004,51185,3.797689015,6.025865974,0
2005,51185,3.797689015,6.194405391,0
2006,51185,3.797689015,6.265301213,0
2007,51185,3.797689015,6.148468296,0
2003,51515,1.840390891,5.075173815,0
2004,51515,1.840390891,5.117993812,0
2005,51515,1.840390891,5.036952602,0
2006,51515,1.840390891,5.209486153,0
2007,51515,1.840390891,5.214935758,0
2003,51520,2.854571854,6.102558595,0
2004,51520,2.854571854,6.163314804,0
2005,51520,2.854571854,6.202535517,0
2006,51520,2.854571854,6.224558429,0
2007,51520,2.854571854,6.289715571,0
2003,51630,2.959016421,6.818924065,0
2004,51630,2.959016421,6.920671504,0
2005,51630,2.959016421,7.021976423,0
2006,51630,2.959016421,6.993015123,0
2007,51630,2.959016421,7.003065459,0
2003,51650,4.986595302,7.626570206,0
2004,51650,4.986595302,7.62754439,0
2005,51650,4.986595302,7.70616297,0
2006,51650,4.986595302,7.652070746,0
2007,51650,4.986595302,7.578145472,0
2003,51660,3.700511538,6.863803391,0
2004,51660,3.700511538,6.851184927,0
2005,51660,3.700511538,6.909753282,0
2006,51660,3.700511538,6.955592608,0
2007,51660,3.700511538,7.01571242,0
2003,51680,4.178517192,7.217443432,0
2004,51680,4.178517192,7.178545484,0
2005,51680,4.178517192,7.221105098,0
2006,51680,4.178517192,7.270312886,0
2007,51680,4.178517192,7.377133713,0
2003,51700,5.193789837,7.668561108,0
2004,51700,5.193789837,7.732369222,0
2005,51700,5.193789837,7.672292456,0
2006,51700,5.193789837,7.730614066,0
2007,51700,5.193789837,7.78113851,0
2003,51710,5.457041856,7.983098941,0
2004,51710,5.457041856,7.959625305,0
2005,51710,5.457041856,7.953318347,0
2006,51710,5.457041856,8.008698183,0
2007,51710,5.457041856,8.014996894,0
2003,51735,2.44806976,4.859812404,0
2004,51735,2.44806976,4.919980926,0
2005,51735,2.44806976,4.96284463,0
2006,51735,2.44806976,4.997212274,0
2007,51735,2.44806976,4.983606622,0
2003,51770,4.55293961,7.668561108,0
2004,51770,4.55293961,7.594381243,0
2005,51770,4.55293961,7.608374474,0
2006,51770,4.55293961,7.661527081,0
2007,51770,4.55293961,7.735433352,0
2003,51790,3.171909996,6.212606096,0
2004,51790,3.171909996,6.192362489,0
2005,51790,3.171909996,6.177944114,0
2006,51790,3.171909996,6.198478716,0
2007,51790,3.171909996,6.311734809,0
2003,51800,4.15382343,6.608000625,0
2004,51800,4.15382343,6.704414355,0
2005,51800,4.15382343,6.716594774,0
2006,51800,4.15382343,6.779921907,0
2007,51800,4.15382343,6.831953566,0
2003,51830,2.484739969,6.458338283,0
2004,51830,2.484739969,6.428105273,0
2005,51830,2.484739969,6.354370041,0
2006,51830,2.484739969,6.426488457,0
2007,51830,2.484739969,6.356107661,0
2003,51840,3.160610917,6.965080346,0
2004,51840,3.160610917,7.029087564,0
2005,51840,3.160610917,7.006695227,0
2006,51840,3.160610917,6.989335266,0
2007,51840,3.160610917,7.022868086,0
2003,54005,3.24005006,5.043425117,2007
2004,54005,3.24005006,4.795790546,2007
2005,54005,3.24005006,4.727387819,2007
2006,54005,3.24005006,4.369447852,2007
2007,54005,3.24005006,4.418840608,2007
2003,54017,2.001885323,3.36729583,2007
2004,54017,2.001885323,3.17805383,2007
2005,54017,2.001885323,2.48490665,2007
2006,54017,2.001885323,2.197224577,2007
2007,54017,2.001885323,2.079441542,2007
2003,54021,1.968509981,2.772588722,2007
2004,54021,1.968509981,2.944438979,2007
2005,54021,1.968509981,3.526360525,2007
2006,54021,1.968509981,3.465735903,2007
2007,54021,1.968509981,3.091042453,2007
2003,54027,3.005831108,4.8978398,2007
2004,54027,3.005831108,4.727387819,2007
2005,54027,3.005831108,4.804021045,2007
2006,54027,3.005831108,4.96284463,2007
2007,54027,3.005831108,4.859812404,2007
2003,54029,3.486365394,5.783825182,2007
2004,54029,3.486365394,5.733341277,2007
2005,54029,3.486365394,5.673323267,2007
2006,54029,3.486365394,5.659482216,2007
2007,54029,3.486365394,5.609471795,2007
2003,54037,3.742183226,6.171700597,2007
2004,54037,3.742183226,6.324358962,2007
2005,54037,3.742183226,6.366470448,2007
2006,54037,3.742183226,6.304448802,2007
2007,54037,3.742183226,6.278521424,2007
2003,54047,3.307948409,4.077537444,2007
2004,54047,3.307948409,3.737669618,2007
2005,54047,3.307948409,3.80666249,2007
2006,54047,3.307948409,4.189654742,2007
2007,54047,3.307948409,4.060443011,2007
2003,54051,3.570067765,5.214935758,2007
2004,54051,3.570067765,5.187385806,2007
2005,54051,3.570067765,5.375278408,2007
2006,54051,3.570067765,5.33753808,2007
2007,54051,3.570067765,5.424950017,2007
2003,54085,2.336309962,3.713572067,2007
2004,54085,2.336309962,3.526360525,2007
2005,54085,2.336309962,3.663561646,2007
2006,54085,2.336309962,4.204692619,2007
2007,54085,2.336309962,4.262679877,2007
2003,54087,2.73735007,3.931825633,2007
2004,54087,2.73735007,3.828641396,2007
2005,54087,2.73735007,4.025351691,2007
2006,54087,2.73735007,4.143134726,2007
2007,54087,2.73735007,4.382026635,2007
2003,54099,3.758941754,5.231108617,2007
2004,54099,3.758941754,5.278114659,2007
2005,54099,3.758941754,5.153291594,2007
2006,54099,3.758941754,5.056245805,2007
2007,54099,3.758941754,5.141663557,2007
2003,55001,2.925470741,5.081404365,2006
2004,55001,2.925470741,4.736198448,2006
2005,55001,2.925470741,4.59511985,2006
2006,55001,2.925470741,4.828313737,2006
2007,55001,2.925470741,4.795790546,2006
2003,55051,1.925853204,4.762173935,2006
2004,55051,1.925853204,4.700480366,2006
2005,55051,1.925853204,4.644390899,2006
2006,55051,1.925853204,4.634728988,2006
2007,55051,1.925853204,4.418840608,2006
2003,55059,5.00781131,8.002359546,2006
2004,55059,5.00781131,7.91644286,2006
2005,55059,5.00781131,7.950502435,2006
2006,55059,5.00781131,7.920809679,2006
2007,55059,5.00781131,7.912056888,2006
2003,55069,3.389158538,6.595780514,2006
2004,55069,3.389158538,6.555356892,2006
2005,55069,3.389158538,6.536691598,2006
2006,55069,3.389158538,6.415096959,2006
2007,55069,3.389158538,6.452048954,2006
2003,55081,3.711105613,6.658011046,2006
2004,55081,3.711105613,6.687108608,2006
2005,55081,3.711105613,6.624065228,2006
2006,55081,3.711105613,6.682108597,2006
2007,55081,3.711105613,6.719013154,2006
2003,55085,3.604845459,6.725033642,2006
2004,55085,3.604845459,6.598509029,2006
2005,55085,3.604845459,6.634633358,2006
2006,55085,3.604845459,6.584791392,2006
2007,55085,3.604845459,6.56526497,2006
2003,55103,2.886140597,5.693732139,2006
2004,55103,2.886140597,5.549076085,2006
2005,55103,2.886140597,5.480638923,2006
2006,55103,2.886140597,5.533389489,2006
2007,55103,2.886140597,5.556828062,2006
2003,55109,4.145592022,7.45760929,2006
2004,55109,4.145592022,7.377133713,2006
2005,55109,4.145592022,7.357556201,2006
2006,55109,4.145592022,7.356279877,2006
2007,55109,4.145592022,7.311218384,2006
2003,55123,3.334202513,6.042632834,2006
2004,55123,3.334202513,6.018593214,2006
2005,55123,3.334202513,5.913503006,2006
2006,55123,3.334202513,5.894402834,2006
2007,55123,3.334202513,5.910796644,2006
2003,55131,4.766378757,8.087025471,2006
2004,55131,4.766378757,8.092545264,2006
2005,55131,4.766378757,8.121183242,2006
2006,55131,4.766378757,8.073402969,2006
2007,55131,4.766378757,8.118207049,2006
2003,55137,3.142167552,5.955837369,2006
2004,55137,3.142167552,5.924255797,2006
2005,55137,3.142167552,5.942799375,2006
2006,55137,3.142167552,5.937536205,2006
2007,55137,3.142167552,5.963579344,2006
