"id","female","city","age","logins","mandalorian","unsubscribe"
1,1,1,53,10,0,1
2,1,1,48,7,1,0
3,0,1,45,7,1,0
4,1,1,51,5,1,0
5,1,1,45,10,0,0
6,1,0,40,0,1,0
7,0,1,55,8,0,0
8,1,1,43,10,0,0
9,0,1,63,3,1,1
10,1,1,53,4,1,0
11,0,1,52,5,1,0
12,0,1,48,8,0,0
13,1,1,39,8,1,1
14,1,0,44,9,0,0
15,0,1,52,10,0,0
16,0,1,40,0,1,0
17,1,1,60,10,0,0
18,1,1,49,5,1,0
19,1,1,49,3,1,0
20,0,1,40,7,1,0
21,0,1,56,0,1,0
22,0,1,46,10,0,0
23,0,1,43,3,1,0
24,0,1,40,2,1,1
25,1,1,30,7,1,0
26,1,1,54,3,1,0
27,0,1,40,3,1,0
28,0,1,37,10,0,0
29,0,1,36,3,1,0
30,1,1,57,4,1,0
31,1,1,47,9,0,0
32,0,1,46,5,1,0
33,1,0,47,0,1,1
34,0,1,47,3,1,0
35,0,0,52,0,1,1
36,0,1,47,3,1,0
37,1,1,41,0,1,1
38,0,1,51,9,0,0
39,0,1,51,3,1,1
40,1,1,39,5,1,0
41,1,1,44,7,1,0
42,0,1,45,0,1,1
43,0,1,37,8,0,0
44,0,0,37,0,1,1
45,0,1,39,3,1,0
46,1,1,50,4,1,1
47,0,1,38,5,1,0
48,0,1,46,3,1,0
49,1,1,53,5,1,0
50,1,1,51,9,0,1
51,1,1,38,0,1,1
52,1,1,48,3,1,0
53,1,0,55,0,1,0
54,1,1,29,10,0,0
55,0,1,35,3,1,0
56,1,1,52,10,0,0
57,1,1,48,10,0,1
58,1,1,48,5,1,1
59,0,1,49,3,1,1
60,1,1,39,7,1,1
61,1,1,56,3,1,1
62,0,1,50,0,1,1
63,0,1,43,0,1,1
64,0,1,43,5,1,0
65,1,1,48,8,0,0
66,1,1,46,10,0,0
67,1,1,46,7,1,0
68,1,0,43,0,1,0
69,1,1,47,8,1,0
70,0,1,34,10,0,0
71,1,1,51,3,1,1
72,1,1,38,7,1,0
73,0,1,47,9,0,0
74,0,1,41,10,0,0
75,0,1,53,5,1,0
76,0,1,40,5,1,1
77,0,1,36,9,0,0
78,0,1,46,10,0,0
79,0,1,45,4,1,1
80,1,1,36,4,1,1
81,1,1,50,7,1,0
82,0,1,40,4,1,1
83,0,1,40,5,1,0
84,0,1,34,0,1,1
85,1,1,54,3,1,0
86,0,1,43,4,1,0
87,0,1,38,10,0,0
88,1,1,40,9,0,0
89,1,0,41,5,0,0
90,0,0,53,8,0,0
91,0,0,36,0,1,1
92,1,1,35,8,1,0
93,1,1,42,5,1,0
94,1,1,47,4,1,0
95,0,1,38,5,1,0
96,1,1,41,0,1,0
97,0,1,45,7,1,0
98,1,1,51,7,1,0
99,1,1,43,3,1,0
100,0,1,53,7,1,0
101,1,1,29,5,1,0
102,1,1,44,2,1,0
103,1,1,49,3,1,0
104,1,1,44,8,0,0
105,0,1,45,3,1,0
106,0,1,44,5,1,1
107,0,1,41,8,1,0
108,0,1,53,4,1,0
109,1,1,46,10,0,0
110,0,1,36,3,1,0
111,0,1,42,0,1,0
112,0,0,52,0,1,0
113,1,1,53,0,1,1
114,1,1,56,0,1,0
115,0,1,44,7,1,0
116,1,1,52,0,1,1
117,0,0,48,0,1,1
118,0,1,46,5,1,1
119,1,0,47,0,1,0
120,0,1,55,0,1,1
121,1,1,42,0,1,1
122,1,1,53,5,1,0
123,1,1,42,10,0,0
124,0,0,44,0,1,0
125,1,1,48,0,1,1
126,1,1,42,10,0,0
127,0,1,54,3,1,1
128,0,1,35,5,1,0
129,0,1,52,8,0,1
130,1,1,39,10,0,0
131,1,1,43,7,1,0
132,0,1,37,8,1,0
133,0,0,46,0,1,1
134,1,1,45,3,1,0
135,0,1,55,7,1,0
136,1,1,53,0,1,0
137,1,1,49,5,1,1
138,1,1,42,7,1,1
139,1,1,44,8,1,1
140,0,1,36,9,0,0
141,0,1,41,10,0,0
142,1,1,42,7,1,1
143,1,1,58,0,1,0
144,0,1,52,5,1,0
145,1,0,46,0,1,1
146,0,0,49,8,0,1
147,0,1,58,0,1,0
148,1,1,47,5,1,0
149,1,1,43,0,1,0
150,1,1,38,8,0,1
151,0,1,48,10,0,0
152,0,1,36,3,1,1
153,1,1,44,2,1,0
154,1,1,54,8,1,1
155,0,1,45,8,0,0
156,0,1,61,0,1,0
157,0,1,39,3,1,0
158,0,1,39,0,1,1
159,1,1,51,0,1,1
160,0,1,41,0,1,0
161,0,0,43,0,1,0
162,0,1,42,9,0,0
163,1,1,47,10,0,0
164,1,1,50,0,1,1
165,1,1,41,5,1,0
166,1,1,39,0,1,0
167,1,1,50,0,1,1
168,0,1,41,5,1,0
169,0,1,56,3,1,1
170,0,1,41,7,1,1
171,1,1,38,5,1,0
172,1,0,39,9,0,1
173,0,0,51,8,0,1
174,0,1,41,10,0,1
175,0,1,53,0,1,0
176,1,1,54,5,1,0
177,0,1,45,0,1,1
178,0,1,55,5,1,0
179,1,0,39,0,1,0
180,0,1,33,5,1,0
181,1,1,47,10,0,0
182,0,1,50,0,1,1
183,0,0,38,0,1,1
184,0,1,56,7,1,1
185,1,1,51,5,1,0
186,1,1,41,5,1,0
187,1,1,35,2,1,1
188,1,1,46,3,1,1
189,1,1,47,0,1,0
190,0,1,50,4,1,0
191,0,0,33,0,1,0
192,1,1,52,5,1,0
193,1,1,46,10,0,0
194,0,0,42,0,1,0
195,0,1,52,3,1,1
196,1,1,47,0,1,1
197,1,1,38,9,0,0
198,0,1,49,3,1,0
199,1,1,49,4,1,0
200,0,1,46,10,0,0
201,1,1,37,5,1,1
202,0,1,46,7,1,0
203,0,1,42,10,0,1
204,0,0,47,0,1,0
205,1,1,50,10,0,0
206,0,1,43,0,1,1
207,0,1,35,2,1,0
208,0,1,33,10,0,0
209,1,1,39,0,1,1
210,1,1,49,7,1,0
211,1,1,46,10,0,0
212,0,1,42,2,1,1
213,1,1,37,9,0,0
214,1,1,53,0,1,0
215,1,0,40,8,0,0
216,0,1,42,0,1,0
217,0,1,45,0,1,0
218,0,1,44,0,1,1
219,1,0,54,0,1,1
220,1,1,44,0,1,0
221,0,0,41,0,1,0
222,1,1,43,9,0,0
223,0,0,56,8,0,0
224,0,1,42,0,1,1
225,1,1,58,3,1,1
226,0,1,47,8,0,0
227,1,0,47,0,1,0
228,1,1,47,10,0,0
229,1,1,48,5,1,1
230,1,1,39,10,0,0
231,0,1,50,3,1,0
232,1,1,55,3,1,0
233,0,1,34,10,0,0
234,0,1,46,5,1,1
235,1,1,45,0,1,0
236,1,1,45,10,0,0
237,1,1,45,5,1,0
238,0,1,38,0,1,0
239,0,1,41,5,1,0
240,0,1,49,3,1,0
241,1,1,45,3,1,0
242,0,1,45,2,1,0
243,0,1,55,10,0,0
244,0,1,48,5,1,0
245,1,1,35,10,0,0
246,0,1,41,10,0,0
247,0,0,47,8,0,1
248,1,1,39,8,0,0
249,1,1,42,5,1,0
250,1,1,40,2,1,0
251,1,1,42,7,1,0
252,0,1,44,8,0,0
253,1,1,47,3,1,0
254,1,0,47,0,1,1
255,0,1,51,10,0,0
256,0,1,41,10,0,0
257,1,1,34,0,1,0
258,1,1,51,10,0,0
259,0,1,47,7,1,0
260,0,1,64,7,1,0
261,1,1,52,8,0,0
262,0,1,46,10,0,0
263,1,1,56,9,0,0
264,0,1,44,10,0,0
265,0,1,29,5,1,0
266,0,1,46,7,1,0
267,1,1,58,0,1,0
268,1,1,37,5,1,0
269,0,1,44,9,0,0
270,0,1,36,5,1,0
271,0,0,42,0,1,0
272,0,1,43,3,1,1
273,1,1,44,3,1,1
274,1,1,37,0,1,0
275,0,0,41,0,1,0
276,0,1,59,4,1,0
277,1,1,42,5,1,0
278,1,1,43,5,1,0
279,0,1,57,10,0,0
280,1,1,43,10,0,0
281,1,1,49,10,0,0
282,1,1,41,2,1,0
283,1,1,72,8,1,0
284,1,1,34,0,1,0
285,0,0,45,8,0,0
286,0,1,44,10,0,0
287,0,1,39,7,1,0
288,0,1,42,4,1,1
289,1,1,51,2,1,1
290,1,1,35,5,1,0
291,1,0,50,0,1,0
292,0,1,38,4,1,0
293,1,1,51,2,1,0
294,0,1,47,4,1,1
295,1,1,45,2,1,0
296,1,0,45,0,1,0
297,0,1,48,10,0,0
298,0,1,39,10,0,0
299,0,0,50,8,0,0
300,0,0,52,9,0,0
301,0,0,41,8,0,1
302,0,1,37,10,0,0
303,0,1,40,2,1,0
304,0,1,38,4,1,0
305,1,1,47,0,1,0
306,0,0,37,0,1,0
307,1,1,45,0,1,0
308,0,1,51,9,0,0
309,0,1,47,5,1,0
310,0,1,50,5,1,0
311,1,1,41,10,0,0
312,0,1,48,5,1,0
313,1,1,42,9,0,0
314,1,1,37,0,1,0
315,1,1,45,5,1,0
316,0,1,37,5,1,1
317,0,0,58,0,1,0
318,0,1,40,0,1,1
319,0,1,43,8,0,0
320,0,0,47,0,1,0
321,1,1,34,0,1,0
322,0,1,51,8,0,0
323,0,1,44,8,1,0
324,0,1,43,10,0,0
325,1,0,43,7,0,0
326,0,1,35,2,1,0
327,0,1,51,5,1,0
328,0,1,47,8,1,1
329,0,1,51,10,0,0
330,0,1,51,8,1,1
331,1,1,58,8,0,0
332,1,1,39,3,1,0
333,1,1,34,5,1,1
334,0,1,58,5,1,0
335,1,1,54,0,1,1
336,1,1,49,4,1,0
337,0,1,48,3,1,0
338,1,1,46,3,1,0
339,0,0,37,0,1,0
340,0,1,53,0,1,0
341,0,1,41,9,0,0
342,1,1,54,10,0,1
343,0,1,41,5,1,1
344,1,1,46,0,1,0
345,1,1,51,0,1,0
346,1,1,42,10,0,0
347,0,1,35,5,1,1
348,0,1,44,5,1,1
349,1,1,39,7,1,0
350,0,1,48,0,1,1
351,1,1,41,4,1,1
352,1,1,38,10,0,0
353,0,1,44,9,0,0
354,1,1,41,8,0,0
355,1,1,55,8,1,0
356,1,0,37,0,1,0
357,0,0,51,0,1,0
358,1,1,48,10,0,0
359,0,1,40,10,0,0
360,1,1,49,0,1,0
361,1,1,42,7,1,0
362,1,1,43,7,1,0
363,0,1,51,9,0,0
364,1,1,40,0,1,0
365,0,1,41,0,1,0
366,0,1,49,2,1,0
367,1,1,50,3,1,0
368,1,0,62,9,0,0
369,0,1,47,0,1,0
370,0,1,41,0,1,0
371,0,1,48,7,1,0
372,0,1,51,0,1,1
373,1,1,37,5,1,0
374,1,0,33,0,1,0
375,1,1,52,5,1,1
376,1,1,37,10,0,0
377,1,1,42,5,1,0
378,1,1,39,0,1,0
379,1,1,38,7,1,0
380,0,1,30,10,0,0
381,1,1,37,0,1,0
382,1,1,26,5,1,0
383,1,1,42,5,1,0
384,1,1,39,0,1,1
385,0,0,36,0,1,1
386,0,1,45,5,1,0
387,1,1,37,5,1,0
388,0,1,53,10,0,0
389,0,0,54,0,1,1
390,0,0,43,5,1,1
391,1,1,49,9,0,0
392,1,1,50,4,1,0
393,0,1,49,4,1,1
394,1,1,54,4,1,0
395,0,0,44,0,1,0
396,0,1,49,9,0,0
397,1,1,57,3,1,0
398,1,0,54,0,1,0
399,0,0,42,0,1,0
400,1,1,45,9,0,0
401,0,1,35,10,0,0
402,1,1,41,5,1,0
403,1,1,64,3,1,0
404,1,1,47,0,1,0
405,0,1,49,9,0,0
406,0,1,36,2,1,0
407,0,1,49,2,1,1
408,0,1,44,7,1,0
409,0,1,37,7,1,0
410,1,1,48,10,0,0
411,1,0,43,3,1,1
412,0,1,42,0,1,1
413,1,1,51,5,1,1
414,0,1,55,9,0,1
415,1,1,44,0,1,1
416,0,0,41,0,1,0
417,1,0,52,0,1,1
418,0,1,45,8,0,0
419,0,1,54,10,0,0
420,0,1,50,7,1,0
421,0,1,43,4,1,0
422,0,1,54,0,1,1
423,0,1,45,0,1,1
424,0,1,33,4,1,1
425,1,1,48,3,1,0
426,1,0,36,0,1,0
427,1,1,39,0,1,0
428,0,1,48,5,1,1
429,1,0,52,8,0,0
430,1,1,48,7,1,0
431,0,1,46,10,0,0
432,1,1,60,10,0,1
433,1,1,54,10,0,0
434,1,1,39,5,1,0
435,1,1,46,2,1,0
436,0,0,52,0,1,0
437,0,1,50,9,0,1
438,0,1,43,8,0,0
439,1,1,51,10,0,0
440,0,1,47,3,1,0
441,1,1,44,4,1,0
442,1,1,28,10,0,0
443,1,1,48,0,1,0
444,0,1,45,8,1,0
445,0,1,51,8,0,1
446,0,0,38,0,1,0
447,0,1,49,3,1,0
448,1,1,37,10,0,0
449,0,1,51,0,1,0
450,1,0,43,7,0,0
451,1,1,47,0,1,1
452,0,1,39,5,1,0
453,0,0,44,0,1,0
454,0,1,44,10,0,0
455,1,1,40,3,1,0
456,0,0,43,8,0,0
457,0,1,40,9,0,0
458,0,0,35,0,1,0
459,1,0,34,0,1,0
460,1,1,46,5,1,0
461,0,1,47,10,0,0
462,0,0,46,0,1,1
463,0,1,38,7,1,1
464,0,1,58,7,1,0
465,1,1,50,10,0,0
466,0,0,56,2,1,0
467,1,1,37,9,0,0
468,1,1,42,0,1,1
469,1,1,49,9,0,0
470,1,1,45,7,1,0
471,1,1,38,0,1,1
472,1,1,43,10,0,0
473,1,1,52,10,0,1
474,1,1,52,2,1,0
475,0,1,40,5,1,0
476,0,1,49,10,0,0
477,0,1,53,7,1,0
478,0,0,49,0,1,0
479,0,1,48,4,1,1
480,0,1,56,0,1,0
481,1,1,40,7,1,0
482,1,1,51,7,1,0
483,0,0,42,0,1,0
484,1,1,50,10,0,0
485,1,1,39,9,0,0
486,1,1,51,3,1,0
487,1,1,49,7,1,0
488,0,0,44,0,1,1
489,0,1,56,9,0,0
490,1,1,46,10,0,1
491,0,1,45,10,0,0
492,1,1,40,5,1,0
493,1,1,38,4,1,0
494,1,1,36,10,0,0
495,1,0,47,9,0,0
496,0,1,48,5,1,1
497,1,1,48,10,0,0
498,1,1,43,10,0,0
499,0,1,54,4,1,0
500,1,1,43,0,1,1
501,1,1,42,3,1,1
502,0,1,47,3,1,0
503,1,1,41,4,1,0
504,1,1,51,5,1,0
505,1,1,40,8,0,0
506,1,0,40,0,1,0
507,0,1,53,3,1,0
508,1,1,39,0,1,0
509,0,0,43,0,1,1
510,0,1,42,3,1,0
511,1,1,50,0,1,0
512,1,0,61,0,1,1
513,1,1,50,3,1,0
514,1,1,37,4,1,0
515,0,1,39,0,1,1
516,1,1,51,0,1,0
517,1,0,47,8,0,0
518,1,1,47,10,0,0
519,1,1,54,10,0,0
520,0,0,45,0,1,1
521,0,1,44,3,1,0
522,0,1,43,0,1,0
523,0,0,49,0,1,1
524,0,0,40,4,1,0
525,1,1,52,0,1,1
526,1,1,38,7,1,0
527,0,1,58,9,0,1
528,0,1,48,10,0,0
529,0,1,39,3,1,0
530,1,1,39,4,1,1
531,0,1,43,7,1,1
532,0,1,51,0,1,1
533,0,1,49,8,1,0
534,0,1,45,4,1,0
535,1,0,51,0,1,0
536,1,1,48,0,1,1
537,1,1,39,5,1,0
538,0,1,49,5,1,0
539,0,1,38,10,0,1
540,0,1,45,0,1,0
541,0,1,39,4,1,0
542,0,1,49,10,0,1
543,0,1,41,0,1,0
544,0,1,47,2,1,0
545,0,1,34,0,1,0
546,0,1,43,7,1,0
547,1,1,52,5,1,1
548,0,1,51,0,1,0
549,0,1,37,7,1,0
550,0,0,66,8,0,0
551,1,1,46,5,1,0
552,0,1,44,10,0,0
553,1,1,60,8,0,0
554,0,1,36,0,1,1
555,0,0,46,0,1,1
556,0,1,44,7,1,0
557,0,1,46,0,1,0
558,1,1,44,3,1,0
559,1,1,45,3,1,1
560,1,0,37,8,0,0
561,0,1,32,0,1,1
562,1,1,35,5,1,0
563,0,1,45,10,0,0
564,0,1,35,5,1,0
565,0,1,41,10,0,0
566,1,1,42,4,1,0
567,0,1,50,0,1,1
568,0,1,46,5,1,0
569,0,0,57,8,0,0
570,0,1,26,3,1,1
571,0,1,37,10,0,0
572,1,1,39,5,1,0
573,0,1,53,10,0,0
574,1,0,41,3,1,0
575,1,1,56,0,1,1
576,1,1,49,7,1,0
577,0,1,57,3,1,1
578,1,0,43,0,1,0
579,0,0,53,8,0,0
580,1,1,48,5,1,1
581,0,1,40,5,1,0
582,0,1,47,0,1,1
583,1,0,50,8,0,0
584,0,0,48,8,0,0
585,1,1,51,5,1,1
586,0,1,49,0,1,1
587,0,0,59,0,1,0
588,0,1,46,3,1,0
589,1,1,42,4,1,0
590,0,0,36,0,1,0
591,1,1,41,7,1,0
592,1,1,56,5,1,1
593,0,1,45,7,1,0
594,0,1,48,7,1,0
595,0,1,50,9,0,0
596,0,1,49,7,1,1
597,0,1,45,10,0,0
598,1,1,40,0,1,0
599,1,1,44,10,0,0
600,1,1,41,10,0,0
601,1,1,43,2,1,1
602,0,1,37,0,1,0
603,1,1,47,0,1,1
604,1,1,45,3,1,1
605,1,1,36,5,1,0
606,0,1,42,4,1,0
607,1,1,43,0,1,0
608,0,1,47,10,0,0
609,0,1,51,7,1,0
610,1,1,39,3,1,0
611,0,1,55,8,0,0
612,1,0,47,0,1,0
613,0,0,45,0,1,0
614,0,1,49,7,1,1
615,0,1,42,4,1,0
616,1,1,43,5,1,0
617,1,0,41,0,1,1
618,1,1,30,5,1,1
619,0,1,52,2,1,1
620,1,1,49,0,1,0
621,0,1,41,3,1,1
622,0,0,35,0,1,0
623,1,1,50,9,0,0
624,1,1,48,0,1,0
625,1,0,48,0,1,0
626,0,1,42,5,1,1
627,1,1,40,9,0,1
628,0,1,54,4,1,0
629,1,1,50,5,1,0
630,1,1,49,3,1,0
631,0,1,46,0,1,0
632,0,1,51,7,1,1
633,1,1,42,9,0,0
634,1,1,65,5,1,1
635,1,1,36,8,1,0
636,1,1,37,5,1,1
637,1,0,52,0,1,0
638,0,1,36,0,1,0
639,0,0,45,8,0,0
640,1,1,57,4,1,0
641,1,1,43,5,1,0
642,0,1,60,10,0,0
643,0,1,47,9,0,0
644,1,1,53,10,0,0
645,0,1,38,0,1,0
646,1,1,39,3,1,0
647,1,1,40,0,1,1
648,0,1,43,0,1,0
649,0,1,42,7,1,0
650,1,1,42,10,0,0
651,0,1,47,8,0,0
652,1,1,51,5,1,0
653,0,1,39,9,0,0
654,0,1,34,10,0,0
655,0,1,40,7,1,0
656,1,1,47,5,1,0
657,0,1,35,10,0,1
658,0,1,39,2,1,0
659,1,1,49,7,1,1
660,1,1,50,9,0,0
661,1,1,41,8,0,0
662,1,1,43,7,1,0
663,0,1,38,10,0,0
664,0,1,55,2,1,1
665,0,1,35,0,1,1
666,1,1,44,2,1,1
667,0,1,46,0,1,1
668,1,1,43,5,1,1
669,0,1,58,4,1,1
670,0,1,51,10,0,0
671,1,1,47,0,1,0
672,1,1,45,7,1,0
673,1,1,56,0,1,0
674,1,0,52,0,1,0
675,1,1,50,10,0,0
676,1,1,45,4,1,0
677,1,1,35,3,1,1
678,0,1,41,2,1,0
679,1,1,52,0,1,1
680,1,1,37,4,1,0
681,0,1,46,5,1,0
682,1,1,44,5,1,0
683,1,1,48,8,0,0
684,0,1,45,0,1,0
685,0,1,52,5,1,0
686,0,1,34,9,0,0
687,0,1,43,8,1,0
688,0,1,37,10,0,0
689,1,0,39,8,0,0
690,0,0,48,0,1,1
691,0,1,49,0,1,1
692,0,1,35,7,1,0
693,1,1,49,7,1,0
694,1,1,46,0,1,0
695,0,1,50,2,1,0
696,0,1,54,0,1,1
697,0,1,50,9,0,0
698,1,1,42,0,1,1
699,1,1,44,0,1,1
700,0,1,41,4,1,0
701,1,1,50,5,1,0
702,0,1,36,5,1,0
703,0,1,45,9,0,0
704,1,1,40,0,1,1
705,1,1,47,4,1,0
706,1,1,49,8,0,0
707,1,0,41,0,1,1
708,0,1,40,10,0,0
709,0,1,51,10,0,0
710,1,1,48,5,1,1
711,1,1,50,5,1,0
712,0,0,57,2,1,0
713,0,1,52,0,1,1
714,0,1,44,0,1,0
715,1,1,57,5,1,0
716,1,1,47,5,1,1
717,0,1,51,10,0,0
718,1,1,50,8,0,0
719,1,1,52,0,1,1
720,0,0,38,0,1,1
721,1,1,47,7,1,1
722,1,1,50,7,1,1
723,0,0,39,0,1,0
724,1,1,48,9,0,0
725,0,1,31,8,0,0
726,1,1,33,5,1,1
727,0,1,44,7,1,0
728,0,1,51,4,1,0
729,0,1,37,0,1,1
730,0,0,58,8,0,0
731,1,1,48,3,1,1
732,1,1,55,2,1,1
733,1,1,40,0,1,0
734,0,1,46,9,0,0
735,0,1,47,10,0,0
736,0,0,49,0,1,0
737,1,1,44,5,1,0
738,0,1,53,5,1,0
739,0,1,41,0,1,0
740,0,1,47,10,0,0
741,1,0,49,2,1,0
742,0,1,49,0,1,0
743,0,1,45,0,1,1
744,0,1,48,0,1,0
745,0,1,58,4,1,0
746,0,1,43,0,1,0
747,0,1,42,3,1,0
748,1,1,37,5,1,0
749,1,1,36,0,1,1
750,0,1,50,8,0,0
751,1,1,44,3,1,1
752,0,1,48,10,0,0
753,0,1,46,8,0,0
754,1,1,48,10,0,0
755,0,1,61,10,0,0
756,1,1,45,9,0,0
757,1,0,44,0,1,0
758,1,1,44,0,1,0
759,1,1,64,0,1,1
760,0,1,43,10,0,0
761,1,1,40,2,1,1
762,0,0,50,8,0,1
763,0,1,43,9,0,1
764,1,1,42,9,0,0
765,1,1,49,3,1,1
766,0,1,55,7,1,0
767,1,1,31,3,1,0
768,0,1,61,0,1,1
769,1,1,36,9,0,0
770,0,1,42,3,1,0
771,0,1,48,4,1,1
772,1,1,51,0,1,0
773,1,1,45,10,0,0
774,0,0,34,0,1,1
775,1,1,32,4,1,1
776,0,1,60,2,1,0
777,0,1,61,0,1,1
778,1,1,46,4,1,0
779,1,1,40,10,0,0
780,1,1,52,9,0,0
781,1,1,48,5,1,0
782,1,1,43,8,0,0
783,0,1,43,3,1,0
784,1,1,49,8,0,0
785,0,1,44,7,1,1
786,0,1,39,0,1,0
787,1,1,52,0,1,1
788,1,1,41,8,1,0
789,1,1,52,0,1,1
790,0,1,51,7,1,0
791,0,1,43,7,1,0
792,1,1,43,0,1,1
793,1,1,38,10,0,1
794,1,1,47,10,0,0
795,1,1,42,0,1,1
796,1,1,60,8,0,0
797,1,1,47,4,1,0
798,0,1,48,10,0,0
799,1,1,52,9,0,0
800,0,0,39,0,1,0
801,1,1,39,2,1,0
802,1,1,38,3,1,0
803,1,1,44,3,1,0
804,0,1,47,3,1,0
805,0,1,47,0,1,0
806,1,1,47,10,0,0
807,1,1,43,0,1,1
808,0,1,60,0,1,1
809,1,0,48,8,0,0
810,0,1,57,0,1,1
811,0,1,42,3,1,0
812,0,1,42,8,0,1
813,1,1,40,9,0,0
814,0,1,61,10,0,0
815,1,1,49,5,1,1
816,1,1,39,5,1,0
817,0,1,52,0,1,0
818,1,0,58,5,1,0
819,0,1,49,0,1,0
820,1,1,43,0,1,0
821,0,0,38,0,1,1
822,1,1,46,2,1,1
823,0,1,35,0,1,1
824,0,1,41,0,1,0
825,0,0,41,8,0,0
826,0,1,51,0,1,1
827,1,1,58,0,1,1
828,1,1,45,3,1,0
829,1,1,63,10,0,0
830,0,1,44,3,1,1
831,1,1,36,0,1,0
832,0,0,43,0,1,0
833,0,1,50,3,1,1
834,0,1,44,0,1,1
835,1,1,46,2,1,0
836,1,1,44,7,1,0
837,1,1,48,10,0,0
838,0,1,52,7,1,1
839,1,1,40,7,1,0
840,0,0,51,0,1,0
841,0,1,47,10,0,0
842,0,1,47,5,1,0
843,0,1,34,4,1,0
844,1,1,40,9,0,0
845,1,1,51,7,1,0
846,0,1,33,2,1,1
847,0,1,55,10,0,0
848,1,1,57,2,1,0
849,0,1,49,0,1,1
850,1,1,54,7,1,0
851,0,1,50,3,1,0
852,1,1,37,10,0,0
853,1,1,45,0,1,0
854,1,1,42,7,1,0
855,1,1,34,0,1,0
856,0,1,39,0,1,0
857,0,1,42,9,0,1
858,1,1,37,10,0,0
859,1,1,49,2,1,0
860,0,1,45,5,1,1
861,0,1,47,10,0,0
862,1,1,63,4,1,0
863,1,1,45,0,1,1
864,0,1,42,10,0,0
865,0,1,42,8,0,0
866,1,1,37,0,1,0
867,1,1,42,7,1,0
868,0,1,51,9,0,0
869,0,1,43,5,1,0
870,1,1,39,10,0,1
871,0,1,53,10,0,0
872,0,1,38,0,1,0
873,1,1,51,8,0,0
874,0,1,42,2,1,0
875,0,1,53,7,1,1
876,0,1,36,0,1,1
877,0,0,40,8,0,0
878,1,1,58,0,1,0
879,1,1,44,10,0,0
880,0,1,49,7,1,0
881,1,1,38,5,1,0
882,0,1,37,10,0,0
883,0,1,45,3,1,0
884,0,1,40,4,1,0
885,0,0,47,0,1,1
886,1,1,43,0,1,0
887,1,1,55,5,1,0
888,0,1,44,9,0,1
889,0,1,51,5,1,1
890,0,1,54,10,0,0
891,0,1,52,7,1,0
892,0,1,46,0,1,0
893,1,1,37,7,1,0
894,1,1,49,9,0,0
895,1,1,47,5,1,0
896,1,1,50,0,1,0
897,1,0,40,0,1,0
898,1,1,52,8,0,0
899,0,0,45,8,0,0
900,1,1,48,9,0,0
901,1,1,37,0,1,0
902,1,1,47,10,0,0
903,1,1,54,10,0,0
904,0,1,47,3,1,0
905,0,1,45,0,1,1
906,0,1,59,5,1,0
907,0,1,50,0,1,0
908,0,1,51,10,0,0
909,1,0,36,0,1,0
910,1,1,59,5,1,0
911,0,1,43,9,0,0
912,1,1,40,2,1,0
913,0,1,43,10,0,1
914,0,0,35,0,1,0
915,0,1,45,9,0,0
916,0,1,42,0,1,0
917,1,1,49,5,1,0
918,1,1,49,3,1,1
919,1,1,44,5,1,1
920,1,1,48,7,1,0
921,0,1,42,4,1,0
922,1,1,44,8,1,0
923,1,1,47,5,1,1
924,0,1,58,5,1,0
925,1,1,41,0,1,0
926,0,1,55,9,0,0
927,1,0,34,8,0,0
928,0,1,56,10,0,0
929,0,1,50,0,1,0
930,0,1,42,10,0,0
931,1,1,42,7,1,0
932,0,0,37,8,0,0
933,1,1,28,5,1,0
934,0,1,45,3,1,0
935,0,1,43,8,1,0
936,0,1,50,4,1,1
937,1,1,40,0,1,0
938,0,1,58,4,1,0
939,1,0,54,0,1,0
940,0,1,52,4,1,0
941,0,1,52,10,0,0
942,0,1,53,0,1,0
943,1,1,57,9,0,0
944,1,1,49,10,0,0
945,0,1,48,10,0,0
946,0,1,48,7,1,0
947,1,1,30,9,0,0
948,0,1,47,7,1,1
949,1,1,46,9,0,0
950,1,0,41,0,1,1
951,0,1,40,4,1,0
952,0,1,53,5,1,1
953,0,1,54,5,1,0
954,0,1,37,5,1,1
955,0,1,50,7,1,1
956,0,1,39,10,0,0
957,0,1,51,9,0,0
958,1,1,50,7,1,0
959,1,1,39,9,0,0
960,0,1,43,7,1,0
961,0,1,50,5,1,1
962,1,1,44,5,1,0
963,0,1,66,7,1,0
964,0,1,46,5,1,0
965,0,1,53,10,0,0
966,0,1,42,9,0,0
967,1,0,38,0,1,0
968,0,1,42,3,1,0
969,1,1,56,0,1,0
970,0,1,41,4,1,1
971,0,1,45,2,1,1
972,1,0,46,8,0,0
973,1,1,48,3,1,1
974,0,1,41,3,1,0
975,1,1,57,10,0,0
976,0,1,36,9,0,0
977,0,1,38,5,1,0
978,0,0,54,0,1,1
979,1,1,41,0,1,1
980,0,1,50,0,1,1
981,0,1,47,0,1,0
982,0,1,37,0,1,0
983,1,1,52,10,0,1
984,1,1,47,0,1,0
985,0,1,47,0,1,0
986,0,1,51,10,0,0
987,1,1,44,3,1,1
988,0,1,42,10,0,0
989,1,1,46,5,1,0
990,0,0,52,0,1,1
991,1,1,51,7,1,0
992,1,1,40,2,1,0
993,0,1,49,3,1,0
994,0,1,53,0,1,1
995,1,0,47,0,1,0
996,0,0,43,8,0,0
997,1,1,36,0,1,1
998,1,1,47,3,1,1
999,1,1,43,3,1,0
1000,0,1,30,8,0,0
1001,1,1,57,2,1,0
1002,1,1,53,5,1,0
1003,0,0,45,0,1,0
1004,0,1,45,9,0,0
1005,1,1,48,5,1,0
1006,1,0,49,8,0,0
1007,1,1,46,7,1,1
1008,1,1,62,5,1,0
1009,0,1,51,5,1,1
1010,0,0,35,0,1,0
1011,1,1,43,7,1,0
1012,1,1,41,10,0,0
1013,0,1,47,0,1,0
1014,1,0,36,0,1,0
1015,0,0,46,8,0,0
1016,1,1,46,0,1,1
1017,1,1,43,5,1,1
1018,1,1,41,3,1,1
1019,0,1,45,3,1,0
1020,0,0,38,7,0,1
1021,1,1,58,10,0,0
1022,0,0,45,2,1,0
1023,0,1,34,0,1,0
1024,1,1,60,5,1,1
1025,0,1,42,7,1,1
1026,1,1,54,10,0,1
1027,1,1,34,7,1,0
1028,1,1,51,0,1,0
1029,0,1,43,5,1,1
1030,0,1,45,4,1,0
1031,0,1,46,5,1,0
1032,0,1,52,2,1,0
1033,1,1,42,10,0,0
1034,0,1,42,3,1,1
1035,1,0,44,0,1,0
1036,1,1,38,10,0,0
1037,1,1,43,9,0,1
1038,0,1,45,10,0,0
1039,0,1,44,5,1,0
1040,1,1,50,4,1,0
1041,0,1,48,7,1,0
1042,0,1,52,5,1,1
1043,0,1,55,3,1,1
1044,0,1,49,10,0,1
1045,1,1,28,10,0,0
1046,0,1,51,10,0,1
1047,0,1,42,0,1,0
1048,0,1,43,9,0,0
1049,0,1,48,8,1,0
1050,1,1,48,2,1,0
1051,1,0,52,8,0,0
1052,1,1,47,8,0,0
1053,0,1,40,4,1,1
1054,0,0,58,0,1,0
1055,0,1,46,10,0,0
1056,1,1,47,4,1,0
1057,1,1,43,5,1,1
1058,1,1,42,10,0,0
1059,0,1,47,3,1,1
1060,0,1,39,0,1,1
1061,0,1,52,5,1,0
1062,0,1,50,7,1,0
1063,0,0,36,8,0,0
1064,0,1,48,4,1,0
1065,1,1,61,8,0,0
1066,0,1,45,10,0,0
1067,1,0,59,0,1,1
1068,0,1,47,9,0,0
1069,0,1,54,2,1,0
1070,1,1,48,5,1,0
1071,1,1,52,0,1,0
1072,1,0,40,3,1,0
1073,0,1,40,0,1,1
1074,1,1,61,0,1,1
1075,1,1,48,10,0,1
1076,0,1,39,4,1,0
1077,0,1,36,8,0,0
1078,1,0,53,0,1,0
1079,0,1,45,0,1,0
1080,1,0,43,3,1,1
1081,0,1,55,0,1,0
1082,0,1,41,0,1,0
1083,1,0,45,0,1,1
1084,1,1,52,4,1,0
1085,0,1,47,0,1,0
1086,1,0,45,8,0,0
1087,0,1,45,0,1,1
1088,0,1,53,2,1,0
1089,0,1,43,8,1,0
1090,1,1,47,10,0,1
1091,0,1,44,7,1,0
1092,0,1,49,8,1,1
1093,0,1,40,0,1,1
1094,1,1,31,9,0,1
1095,1,1,45,10,0,0
1096,0,1,58,0,1,0
1097,0,1,42,7,1,0
1098,1,1,40,10,0,0
1099,1,1,54,0,1,1
1100,0,1,45,10,0,0
1101,1,1,46,10,0,0
1102,0,1,34,8,0,0
1103,0,1,35,7,1,1
1104,0,1,36,3,1,1
1105,0,1,34,9,0,0
1106,1,1,45,0,1,0
1107,1,0,32,0,1,1
1108,0,1,41,0,1,0
1109,0,1,48,0,1,0
1110,1,1,66,0,1,0
1111,1,0,24,8,0,0
1112,1,1,47,4,1,1
1113,1,1,43,0,1,1
1114,0,1,43,10,0,0
1115,0,0,47,0,1,1
1116,0,1,50,10,0,0
1117,0,1,55,9,0,0
1118,0,1,48,0,1,0
1119,0,1,51,4,1,1
1120,1,1,44,4,1,0
1121,0,1,30,10,0,0
1122,0,1,37,8,0,0
1123,0,1,49,3,1,1
1124,1,1,27,3,1,0
1125,1,1,51,2,1,0
1126,0,1,51,0,1,0
1127,1,1,42,2,1,1
1128,1,1,30,4,1,0
1129,0,1,43,7,1,0
1130,0,1,51,2,1,0
1131,1,1,53,0,1,0
1132,1,1,48,3,1,1
1133,1,1,43,0,1,0
1134,0,1,59,10,0,0
1135,1,1,34,5,1,1
1136,0,1,60,3,1,0
1137,0,1,36,0,1,0
1138,0,1,38,7,1,1
1139,0,1,43,0,1,1
1140,1,1,41,10,0,0
1141,1,1,38,0,1,0
1142,1,1,59,5,1,0
1143,1,1,50,5,1,0
1144,0,0,36,0,1,0
1145,0,1,54,10,0,0
1146,1,1,44,0,1,0
1147,1,1,49,7,1,0
1148,1,0,45,9,0,0
1149,1,1,39,9,0,0
1150,1,1,39,5,1,1
1151,0,1,47,7,1,1
1152,1,1,40,5,1,0
1153,0,1,32,8,0,0
1154,1,1,47,0,1,0
1155,0,0,38,7,0,0
1156,0,0,45,0,1,1
1157,0,1,38,4,1,0
1158,0,0,51,0,1,0
1159,0,1,47,7,1,0
1160,0,1,53,0,1,1
1161,0,1,38,9,0,0
1162,1,1,47,2,1,0
1163,1,1,45,8,0,0
1164,1,1,49,10,0,0
1165,1,0,46,0,1,1
1166,1,1,42,5,1,0
1167,0,1,42,0,1,1
1168,0,1,54,5,1,0
1169,1,0,47,3,1,0
1170,1,1,47,0,1,0
1171,0,1,32,0,1,1
1172,0,1,32,2,1,0
1173,1,1,53,0,1,0
1174,1,1,49,10,0,0
1175,0,1,45,5,1,1
1176,0,1,37,7,1,1
1177,0,1,55,7,1,0
1178,0,1,40,10,0,0
1179,0,1,45,10,0,0
1180,1,0,39,0,1,1
1181,1,1,47,0,1,0
1182,1,0,48,8,0,0
1183,1,1,43,2,1,0
1184,1,1,42,5,1,0
1185,0,1,47,0,1,0
1186,1,1,52,10,0,0
1187,1,1,51,4,1,0
1188,1,0,39,0,1,0
1189,0,1,47,0,1,0
1190,1,1,46,0,1,1
1191,1,1,45,0,1,1
1192,1,1,53,5,1,0
1193,1,1,37,9,0,0
1194,0,1,51,7,1,1
1195,1,1,55,5,1,0
1196,1,1,49,5,1,0
1197,1,1,48,3,1,0
1198,1,0,40,9,0,0
1199,0,1,51,8,0,0
1200,1,1,56,2,1,0
1201,0,1,42,3,1,1
1202,0,1,52,10,0,0
1203,1,1,51,3,1,0
1204,1,1,45,4,1,0
1205,1,0,46,0,1,1
1206,1,1,36,2,1,0
1207,0,1,46,10,0,0
1208,0,1,39,0,1,0
1209,0,1,39,0,1,1
1210,0,1,45,5,1,0
1211,1,1,42,10,0,0
1212,1,1,44,8,1,0
1213,0,0,30,0,1,1
1214,0,1,44,2,1,1
1215,1,1,40,4,1,0
1216,1,0,48,8,0,0
1217,1,1,52,0,1,0
1218,1,1,51,7,1,0
1219,1,1,47,0,1,1
1220,1,1,38,0,1,1
1221,0,1,40,0,1,0
1222,1,1,43,3,1,0
1223,1,1,35,10,0,1
1224,0,0,40,0,1,0
1225,1,0,53,0,1,1
1226,0,1,49,0,1,0
1227,1,1,41,10,0,0
1228,1,1,46,8,0,0
1229,0,1,40,9,0,0
1230,0,0,53,7,0,0
1231,0,0,53,0,1,1
1232,0,1,37,3,1,0
1233,1,1,39,10,0,0
1234,0,1,56,7,1,0
1235,1,1,43,3,1,0
1236,0,1,39,2,1,0
1237,0,1,41,5,1,0
1238,1,1,45,4,1,0
1239,0,1,51,0,1,1
1240,1,0,43,3,1,0
1241,0,1,41,4,1,0
1242,0,1,42,9,0,0
1243,1,1,38,8,0,0
1244,0,1,52,7,1,1
1245,1,1,50,9,0,0
1246,1,0,52,0,1,0
1247,0,1,41,10,0,0
1248,1,1,51,0,1,0
1249,1,0,38,0,1,1
1250,1,1,54,5,1,0
1251,1,1,27,0,1,1
1252,1,1,48,10,0,0
1253,0,1,48,3,1,0
1254,1,1,46,0,1,1
1255,0,1,36,7,1,0
1256,0,1,46,3,1,0
1257,0,1,45,4,1,0
1258,0,1,44,0,1,0
1259,0,1,38,8,0,0
1260,1,0,65,0,1,0
1261,0,1,32,0,1,1
1262,1,1,44,8,1,0
1263,0,1,57,10,0,0
1264,1,1,51,9,0,0
1265,1,1,61,0,1,0
1266,1,1,45,3,1,0
1267,0,1,48,7,1,1
1268,1,1,51,5,1,1
1269,0,1,43,5,1,1
1270,0,1,46,5,1,1
1271,0,1,41,10,0,0
1272,0,1,38,0,1,0
1273,1,1,51,7,1,0
1274,1,1,43,4,1,0
1275,0,1,42,0,1,1
1276,0,1,45,2,1,0
1277,0,1,54,7,1,0
1278,1,1,53,5,1,0
1279,1,1,51,0,1,0
1280,1,1,50,9,0,0
1281,1,1,47,5,1,0
1282,1,1,38,7,1,0
1283,1,1,52,9,0,0
1284,1,1,36,4,1,1
1285,1,1,46,2,1,1
1286,0,1,48,10,0,0
1287,0,1,32,9,0,0
1288,0,0,50,3,1,1
1289,1,1,52,10,0,0
1290,1,1,46,0,1,1
1291,0,1,38,5,1,0
1292,0,1,42,10,0,0
1293,1,1,51,7,1,1
1294,0,1,43,0,1,1
1295,0,1,37,8,1,0
1296,1,1,57,5,1,0
1297,1,1,45,10,0,1
1298,1,1,52,3,1,1
1299,1,1,39,7,1,0
1300,1,0,47,0,1,0
1301,0,1,36,10,0,0
1302,0,1,52,10,0,0
1303,1,1,53,5,1,0
1304,0,1,54,0,1,1
1305,1,1,45,5,1,0
1306,0,1,36,10,0,0
1307,1,1,42,10,0,1
1308,0,1,48,0,1,0
1309,1,1,47,10,0,0
1310,1,1,51,0,1,0
1311,0,1,64,0,1,0
1312,0,0,39,0,1,0
1313,0,1,59,5,1,0
1314,1,0,36,7,1,1
1315,0,0,41,8,0,0
1316,1,1,38,0,1,1
1317,0,1,48,0,1,0
1318,0,1,43,5,1,0
1319,1,1,44,3,1,1
1320,0,0,29,0,1,1
1321,0,1,42,4,1,1
1322,0,1,54,9,0,0
1323,1,0,44,3,1,0
1324,1,1,42,4,1,0
1325,0,0,36,0,1,0
1326,0,1,61,0,1,0
1327,0,1,39,5,1,0
1328,1,0,54,7,0,0
1329,1,1,46,3,1,0
1330,1,0,48,0,1,0
1331,1,1,51,5,1,0
1332,0,1,46,5,1,0
1333,0,1,58,0,1,1
1334,0,1,41,0,1,0
1335,0,1,45,10,0,0
1336,0,1,32,4,1,1
1337,0,1,41,0,1,0
1338,1,1,48,3,1,0
1339,0,1,48,8,1,0
1340,1,1,48,0,1,0
1341,1,1,48,8,1,1
1342,1,0,45,0,1,0
1343,1,1,49,0,1,0
1344,0,1,37,5,1,0
1345,0,1,38,2,1,0
1346,1,1,55,10,0,1
1347,1,1,44,10,0,1
1348,0,1,46,10,0,0
1349,0,1,39,3,1,0
1350,1,1,44,10,0,1
1351,0,1,47,8,1,0
1352,1,1,40,10,0,0
1353,1,1,33,10,0,1
1354,0,1,47,8,0,0
1355,0,1,48,8,1,1
1356,0,1,35,2,1,0
1357,0,1,44,5,1,0
1358,1,1,45,5,1,0
1359,0,1,40,5,1,0
1360,0,0,54,0,1,0
1361,0,1,47,3,1,1
1362,0,1,40,8,0,0
1363,1,0,44,0,1,1
1364,0,1,54,0,1,1
1365,1,1,48,5,1,1
1366,0,1,40,5,1,0
1367,0,1,48,9,0,0
1368,1,1,33,4,1,1
1369,1,1,45,7,1,0
1370,1,1,35,3,1,0
1371,1,1,56,7,1,0
1372,1,1,58,9,0,0
1373,0,1,40,0,1,0
1374,1,1,42,0,1,1
1375,1,1,56,10,0,0
1376,0,1,29,2,1,0
1377,0,1,59,0,1,0
1378,0,1,50,5,1,1
1379,1,1,29,8,1,0
1380,1,1,43,0,1,0
1381,0,1,50,8,0,1
1382,1,0,44,0,1,0
1383,1,1,40,5,1,0
1384,1,1,34,10,0,0
1385,1,1,46,5,1,1
1386,0,1,58,0,1,1
1387,0,0,35,8,0,0
1388,1,0,57,2,1,0
1389,0,1,44,7,1,0
1390,0,1,42,0,1,1
1391,1,1,44,5,1,1
1392,0,1,48,3,1,0
1393,0,1,41,10,0,0
1394,0,1,59,7,1,0
1395,1,1,36,10,0,0
1396,0,1,54,0,1,1
1397,1,1,47,3,1,0
1398,1,1,38,10,0,0
1399,0,1,46,10,0,1
1400,0,1,46,7,1,1
1401,0,0,49,0,1,1
1402,1,1,53,10,0,0
1403,0,1,46,8,1,0
1404,0,1,41,5,1,0
1405,0,1,26,3,1,1
1406,0,1,54,9,0,0
1407,0,1,52,8,1,1
1408,0,1,60,0,1,0
1409,1,1,43,9,0,0
1410,1,1,53,2,1,0
1411,0,1,45,0,1,0
1412,0,1,54,10,0,0
1413,0,1,47,5,1,0
1414,0,1,50,3,1,1
1415,0,1,53,7,1,0
1416,0,1,47,7,1,0
1417,0,1,50,3,1,0
1418,1,1,47,7,1,0
1419,1,1,51,5,1,1
1420,1,1,43,7,1,0
1421,0,1,43,5,1,0
1422,0,1,37,0,1,0
1423,1,1,40,8,1,1
1424,1,1,51,0,1,1
1425,0,1,44,8,0,0
1426,1,1,56,9,0,0
1427,0,1,50,3,1,1
1428,0,1,44,0,1,0
1429,1,1,55,9,0,0
1430,1,1,58,7,1,1
1431,0,1,39,3,1,0
1432,0,1,41,0,1,1
1433,0,1,48,5,1,1
1434,1,1,50,10,0,1
1435,0,0,44,0,1,1
1436,0,1,50,5,1,0
1437,0,1,39,5,1,0
1438,0,1,38,5,1,1
1439,0,1,38,8,0,0
1440,0,1,49,10,0,1
1441,0,0,37,8,0,0
1442,0,1,49,3,1,0
1443,0,1,49,5,1,0
1444,0,1,51,10,0,0
1445,1,1,40,0,1,0
1446,0,0,44,0,1,0
1447,0,1,43,9,0,0
1448,1,1,43,7,1,1
1449,0,1,46,5,1,0
1450,0,1,42,0,1,0
1451,0,1,47,10,0,0
1452,1,1,42,0,1,0
1453,1,1,42,0,1,0
1454,1,1,49,3,1,0
1455,1,1,49,7,1,1
1456,0,1,38,3,1,0
1457,0,1,48,3,1,0
1458,0,0,37,8,0,0
1459,1,1,38,0,1,0
1460,1,1,45,0,1,0
1461,0,0,53,9,0,0
1462,0,1,34,10,0,0
1463,0,1,62,3,1,0
1464,1,0,41,8,0,0
1465,0,1,46,2,1,0
1466,0,1,49,4,1,0
1467,1,0,51,8,0,0
1468,1,1,50,5,1,1
1469,1,1,46,0,1,1
1470,0,0,49,9,0,0
1471,0,0,36,8,0,0
1472,0,1,43,0,1,0
1473,1,1,47,9,0,0
1474,0,1,40,5,1,0
1475,1,1,47,5,1,0
1476,0,1,50,9,0,1
1477,1,1,51,5,1,0
1478,0,1,48,7,1,0
1479,0,1,45,0,1,0
1480,0,1,39,5,1,0
1481,1,1,30,0,1,0
1482,0,1,51,4,1,1
1483,1,1,37,10,0,0
1484,1,1,40,5,1,1
1485,1,0,56,7,0,0
1486,1,1,50,10,0,0
1487,0,0,46,0,1,0
1488,0,1,42,5,1,0
1489,1,1,52,7,1,0
1490,0,1,34,10,0,0
1491,0,1,43,10,0,0
1492,0,1,33,5,1,0
1493,1,0,42,10,0,0
1494,0,0,50,0,1,0
1495,1,1,46,3,1,0
1496,0,1,44,3,1,0
1497,1,0,44,0,1,1
1498,0,1,50,3,1,0
1499,1,1,47,2,1,0
1500,1,1,51,0,1,1
1501,1,0,44,0,1,0
1502,1,1,31,0,1,0
1503,1,1,51,0,1,0
1504,1,1,52,10,0,0
1505,0,1,43,4,1,1
1506,1,1,52,10,0,1
1507,1,0,39,0,1,1
1508,1,1,37,7,1,0
1509,1,1,34,5,1,1
1510,1,0,40,0,1,0
1511,1,1,33,7,1,1
1512,0,1,53,9,0,0
1513,1,1,56,5,1,0
1514,1,1,44,0,1,0
1515,0,1,38,5,1,1
1516,1,1,37,5,1,0
1517,0,1,56,8,0,0
1518,1,1,38,10,0,0
1519,1,1,41,10,0,0
1520,0,1,38,9,0,1
1521,0,0,56,0,1,0
1522,0,1,43,0,1,0
1523,0,1,42,0,1,0
1524,1,1,42,7,1,0
1525,0,0,52,7,0,0
1526,1,1,49,3,1,0
1527,1,1,38,10,0,1
1528,1,1,49,7,1,1
1529,0,0,51,0,1,0
1530,0,1,44,0,1,0
1531,1,1,53,10,0,0
1532,1,0,55,7,0,0
1533,0,1,56,8,0,0
1534,1,0,46,0,1,0
1535,1,1,50,7,1,1
1536,0,1,54,9,0,0
1537,1,1,40,0,1,1
1538,0,1,35,5,1,0
1539,0,0,48,8,0,0
1540,1,0,44,0,1,0
1541,1,1,56,5,1,1
1542,1,1,46,10,0,0
1543,1,0,46,0,1,0
1544,1,0,53,8,0,0
1545,0,1,48,0,1,0
1546,0,0,36,0,1,0
1547,1,1,47,10,0,0
1548,0,0,47,8,0,1
1549,0,1,34,10,0,0
1550,1,1,47,9,0,0
1551,0,1,40,10,0,0
1552,1,1,57,7,1,0
1553,0,1,47,5,1,0
1554,1,0,53,8,0,1
1555,0,1,48,5,1,0
1556,1,1,57,9,0,0
1557,1,1,54,0,1,0
1558,1,1,48,4,1,0
1559,0,1,26,0,1,0
1560,1,1,49,0,1,0
1561,0,1,55,8,1,0
1562,0,1,46,7,1,0
1563,0,1,49,0,1,1
1564,1,1,47,7,1,1
1565,0,1,29,10,0,0
1566,0,1,50,5,1,1
1567,1,1,45,10,0,0
1568,1,1,34,10,0,0
1569,1,1,45,0,1,0
1570,1,1,57,9,0,0
1571,1,1,52,5,1,0
1572,0,1,40,0,1,1
1573,1,1,46,5,1,1
1574,0,0,50,0,1,0
1575,0,0,36,0,1,0
1576,0,1,53,0,1,1
1577,0,1,50,10,0,0
1578,1,1,48,10,0,0
1579,0,0,47,0,1,1
1580,1,1,39,5,1,0
1581,0,0,44,8,0,1
1582,1,1,47,3,1,0
1583,1,0,42,0,1,0
1584,1,1,41,0,1,0
1585,0,1,47,0,1,1
1586,0,0,30,0,1,1
1587,0,1,50,7,1,1
1588,0,1,47,5,1,0
1589,0,1,47,5,1,0
1590,0,1,57,9,0,0
1591,1,1,37,7,1,1
1592,0,1,41,7,1,1
1593,0,1,46,4,1,0
1594,0,0,35,0,1,1
1595,1,1,39,3,1,1
1596,0,1,49,7,1,0
1597,0,1,46,10,0,1
1598,1,1,56,7,1,0
1599,0,1,45,5,1,0
1600,1,1,39,3,1,1
1601,1,0,51,0,1,0
1602,1,1,43,9,0,0
1603,0,1,61,0,1,0
1604,1,1,37,2,1,0
1605,0,1,31,5,1,0
1606,1,1,43,8,0,0
1607,1,1,50,3,1,0
1608,0,1,49,0,1,0
1609,0,1,38,0,1,0
1610,1,1,43,0,1,1
1611,0,1,49,4,1,1
1612,1,1,51,10,0,0
1613,1,1,35,10,0,0
1614,1,1,36,2,1,1
1615,1,0,58,8,0,0
1616,1,1,49,4,1,1
1617,1,1,48,3,1,0
1618,0,1,42,10,0,0
1619,1,1,39,10,0,0
1620,1,0,41,0,1,1
1621,1,0,44,0,1,1
1622,0,1,54,3,1,0
1623,0,0,46,0,1,1
1624,1,1,48,5,1,1
1625,1,1,48,7,1,1
1626,0,1,50,10,0,0
1627,0,1,51,5,1,0
1628,0,1,48,5,1,1
1629,0,0,51,2,1,0
1630,1,1,44,7,1,1
1631,1,1,41,5,1,0
1632,0,0,45,8,0,0
1633,1,1,53,5,1,0
1634,1,1,40,5,1,0
1635,0,1,57,0,1,0
1636,0,1,57,7,1,1
1637,0,1,46,4,1,1
1638,1,1,51,3,1,0
1639,0,0,47,8,0,0
1640,0,1,39,7,1,1
1641,0,1,32,7,1,0
1642,1,1,51,4,1,1
1643,0,1,53,4,1,0
1644,1,1,58,8,1,0
1645,0,1,44,4,1,0
1646,1,1,64,2,1,1
1647,1,1,45,9,0,0
1648,0,1,51,8,0,0
1649,1,1,41,5,1,0
1650,1,1,45,10,0,0
1651,1,1,42,10,0,0
1652,1,1,42,10,0,0
1653,0,1,39,3,1,1
1654,0,1,51,10,0,0
1655,1,1,39,3,1,0
1656,1,1,51,5,1,0
1657,1,1,39,3,1,0
1658,0,1,52,3,1,0
1659,0,1,42,4,1,0
1660,0,1,51,9,0,0
1661,0,1,61,10,0,0
1662,0,1,45,3,1,1
1663,0,1,50,8,1,1
1664,1,1,51,10,0,0
1665,0,0,55,0,1,0
1666,1,1,39,10,0,0
1667,0,1,42,0,1,0
1668,0,1,48,0,1,0
1669,1,1,43,10,0,0
1670,1,0,56,0,1,0
1671,0,1,48,5,1,0
1672,0,1,48,5,1,0
1673,0,1,46,5,1,1
1674,1,1,45,9,0,1
1675,0,1,40,0,1,1
1676,1,1,43,0,1,0
1677,1,0,61,0,1,0
1678,1,0,48,8,0,0
1679,0,1,62,10,0,0
1680,1,1,54,0,1,1
1681,0,1,49,4,1,1
1682,1,1,40,5,1,0
1683,0,1,44,3,1,0
1684,1,1,48,0,1,0
1685,0,1,38,7,1,1
1686,1,1,34,9,0,0
1687,0,1,53,0,1,1
1688,0,1,42,7,1,1
1689,0,1,56,3,1,0
1690,0,1,45,7,1,0
1691,0,1,50,4,1,0
1692,0,1,53,4,1,0
1693,0,1,47,3,1,0
1694,1,1,47,7,1,0
1695,0,1,44,5,1,0
1696,1,1,59,8,0,0
1697,0,0,37,9,0,0
1698,0,1,49,5,1,1
1699,1,0,37,8,0,0
1700,1,1,37,4,1,0
1701,1,0,48,0,1,0
1702,0,1,46,4,1,0
1703,0,1,32,2,1,0
1704,1,0,46,8,0,0
1705,0,1,51,9,0,0
1706,1,1,43,8,0,0
1707,1,1,47,3,1,0
1708,1,1,37,0,1,0
1709,1,1,52,4,1,0
1710,1,1,52,8,1,1
1711,1,1,41,5,1,0
1712,1,1,52,0,1,0
1713,0,0,33,0,1,1
1714,1,1,54,10,0,1
1715,1,1,42,5,1,0
1716,1,1,62,5,1,1
1717,0,1,47,0,1,0
1718,1,1,46,3,1,0
1719,1,0,39,0,1,1
1720,1,1,45,7,1,0
1721,0,1,40,8,1,0
1722,1,1,32,3,1,0
1723,0,0,53,0,1,0
1724,1,0,50,0,1,1
1725,0,0,53,0,1,0
1726,1,1,48,10,0,0
1727,0,0,48,0,1,0
1728,1,1,50,10,0,0
1729,1,1,52,0,1,0
1730,0,0,41,0,1,1
1731,0,0,41,0,1,1
1732,0,1,45,0,1,0
1733,0,1,46,0,1,0
1734,1,1,32,5,1,0
1735,1,1,39,5,1,0
1736,1,1,45,10,0,0
1737,1,1,44,10,0,0
1738,0,1,47,0,1,0
1739,0,1,48,8,0,1
1740,0,1,41,4,1,0
1741,0,1,41,2,1,1
1742,0,1,43,5,1,0
1743,1,1,45,10,0,0
1744,0,1,33,5,1,1
1745,0,0,39,0,1,0
1746,1,0,46,0,1,0
1747,1,1,38,0,1,1
1748,1,1,49,2,1,0
1749,0,1,43,10,0,0
1750,0,1,51,8,0,0
1751,0,1,42,9,0,0
1752,1,1,40,9,0,0
1753,0,1,34,2,1,0
1754,0,1,44,7,1,1
1755,1,1,43,10,0,0
1756,0,0,43,0,1,0
1757,0,1,37,0,1,0
1758,0,0,46,0,1,0
1759,1,1,48,10,0,0
1760,1,0,48,9,0,0
1761,1,1,53,7,1,0
1762,0,1,47,8,0,0
1763,1,1,40,10,0,0
1764,1,1,52,8,1,0
1765,1,1,50,5,1,1
1766,1,1,45,7,1,1
1767,1,1,36,8,0,0
1768,0,1,45,5,1,1
1769,1,1,37,0,1,0
1770,0,1,52,3,1,0
1771,0,1,42,10,0,0
1772,0,1,45,9,0,0
1773,0,1,51,7,1,0
1774,0,1,53,9,0,0
1775,0,1,43,3,1,0
1776,1,0,45,0,1,1
1777,1,1,54,2,1,1
1778,0,0,49,8,0,0
1779,0,1,45,10,0,0
1780,0,1,42,10,0,0
1781,0,0,53,7,0,0
1782,1,1,53,3,1,0
1783,0,1,39,0,1,1
1784,1,1,42,10,0,0
1785,1,1,44,10,0,0
1786,0,1,40,0,1,1
1787,0,1,42,10,0,0
1788,1,1,41,7,1,0
1789,0,1,29,5,1,0
1790,1,0,32,0,1,0
1791,1,1,44,10,0,0
1792,0,1,46,10,0,0
1793,1,1,50,4,1,1
1794,1,1,45,10,0,0
1795,0,1,47,5,1,1
1796,1,1,43,10,0,0
1797,0,1,57,10,0,0
1798,0,1,32,7,1,0
1799,0,1,47,9,0,0
1800,1,1,50,7,1,0
1801,0,1,39,9,0,0
1802,1,1,34,5,1,0
1803,1,0,51,2,1,0
1804,0,1,49,7,1,0
1805,0,1,45,10,0,0
1806,1,1,64,5,1,0
1807,1,0,40,8,0,1
1808,0,1,50,3,1,0
1809,0,0,55,8,0,0
1810,1,1,44,7,1,0
1811,0,1,32,5,1,0
1812,1,0,55,8,0,0
1813,1,1,27,0,1,0
1814,1,1,56,9,0,0
1815,0,1,46,3,1,0
1816,1,1,50,5,1,1
1817,1,0,34,0,1,1
1818,0,1,46,3,1,1
1819,1,0,42,8,0,0
1820,0,1,49,5,1,0
1821,1,0,38,0,1,0
1822,1,1,47,9,0,1
1823,1,1,50,0,1,0
1824,1,1,46,5,1,0
1825,0,1,45,0,1,1
1826,1,1,48,7,1,1
1827,1,1,47,3,1,0
1828,0,1,40,0,1,0
1829,0,1,47,2,1,0
1830,0,1,41,9,0,0
1831,1,1,51,3,1,0
1832,1,1,46,10,0,0
1833,0,0,38,8,0,0
1834,1,1,44,7,1,1
1835,1,0,45,8,0,0
1836,1,1,42,5,1,1
1837,1,0,31,0,1,1
1838,1,1,47,0,1,0
1839,1,1,54,3,1,1
1840,1,1,46,4,1,0
1841,1,1,40,4,1,0
1842,1,1,64,10,0,0
1843,1,1,40,4,1,1
1844,1,0,52,0,1,1
1845,1,1,46,8,0,0
1846,1,1,39,10,0,0
1847,0,1,53,4,1,1
1848,1,1,46,9,0,0
1849,0,0,52,7,0,0
1850,1,1,56,0,1,0
1851,1,1,49,10,0,0
1852,1,1,45,2,1,0
1853,1,1,54,9,0,0
1854,1,1,48,8,0,0
1855,1,1,58,2,1,0
1856,1,1,47,9,0,0
1857,1,1,48,3,1,0
1858,0,1,58,3,1,0
1859,0,0,45,0,1,0
1860,0,1,56,2,1,0
1861,0,0,51,0,1,0
1862,0,0,38,0,1,1
1863,1,1,33,10,0,0
1864,0,0,44,3,1,0
1865,1,0,52,0,1,1
1866,0,1,40,9,0,0
1867,0,1,54,3,1,0
1868,1,1,40,2,1,0
1869,1,1,44,10,0,1
1870,1,0,45,0,1,0
1871,1,1,44,5,1,0
1872,1,0,35,0,1,1
1873,0,1,52,4,1,0
1874,1,1,49,10,0,0
1875,1,1,52,10,0,0
1876,0,1,51,5,1,0
1877,1,1,41,10,0,0
1878,1,1,42,7,1,1
1879,1,1,45,10,0,0
1880,1,1,55,8,0,0
1881,0,1,49,4,1,0
1882,0,1,51,4,1,1
1883,0,1,45,8,1,0
1884,1,1,40,8,0,0
1885,1,1,47,5,1,0
1886,0,1,47,5,1,0
1887,0,1,48,5,1,0
1888,1,1,42,3,1,1
1889,1,1,23,5,1,0
1890,1,1,46,5,1,1
1891,1,1,55,10,0,0
1892,0,1,51,9,0,0
1893,0,1,45,9,0,0
1894,0,1,51,5,1,1
1895,0,1,39,7,1,1
1896,1,1,51,8,0,0
1897,1,1,48,3,1,0
1898,1,1,49,0,1,0
1899,1,0,43,0,1,1
1900,1,1,42,2,1,0
1901,1,1,50,7,1,0
1902,1,1,40,5,1,1
1903,1,1,43,0,1,1
1904,0,1,55,8,1,1
1905,1,1,34,0,1,0
1906,0,1,42,3,1,1
1907,0,1,25,5,1,0
1908,1,1,49,2,1,0
1909,1,1,57,9,0,0
1910,0,1,44,10,0,0
1911,1,0,33,0,1,1
1912,0,1,44,8,0,1
1913,1,0,45,8,0,0
1914,1,1,50,0,1,0
1915,1,1,45,0,1,1
1916,0,1,41,4,1,1
1917,1,1,42,5,1,0
1918,1,1,49,7,1,0
1919,0,0,44,0,1,1
1920,0,1,48,3,1,0
1921,0,1,47,5,1,0
1922,0,1,48,3,1,0
1923,0,1,48,0,1,1
1924,0,1,52,0,1,0
1925,0,1,45,10,0,0
1926,0,1,51,7,1,0
1927,1,1,51,10,0,0
1928,0,1,36,2,1,0
1929,0,1,53,7,1,1
1930,0,1,39,10,0,1
1931,1,1,45,3,1,0
1932,1,1,51,0,1,1
1933,0,1,46,7,1,0
1934,1,1,45,4,1,0
1935,0,1,50,10,0,0
1936,1,1,44,3,1,0
1937,1,1,40,5,1,0
1938,0,1,37,5,1,1
1939,1,1,45,8,0,0
1940,1,1,50,3,1,1
1941,0,0,39,0,1,0
1942,0,1,36,0,1,1
1943,0,1,49,2,1,0
1944,1,1,37,0,1,1
1945,1,1,45,4,1,0
1946,0,1,43,10,0,0
1947,0,1,62,7,1,0
1948,1,1,45,9,0,0
1949,0,1,51,5,1,1
1950,1,1,38,8,0,0
1951,0,1,38,8,0,0
1952,1,1,46,8,0,0
1953,1,1,50,4,1,0
1954,1,1,43,7,1,1
1955,0,1,41,7,1,1
1956,0,1,44,5,1,0
1957,0,1,54,5,1,0
1958,1,1,39,5,1,0
1959,0,1,43,10,0,0
1960,0,1,48,4,1,0
1961,0,1,45,5,1,0
1962,0,1,53,10,0,0
1963,0,1,35,10,0,0
1964,1,1,38,7,1,0
1965,0,1,58,10,0,0
1966,0,1,36,9,0,0
1967,1,0,42,0,1,1
1968,0,1,61,3,1,0
1969,0,1,44,5,1,0
1970,1,1,55,10,0,0
1971,1,0,51,0,1,0
1972,1,0,30,3,1,0
1973,1,1,47,8,1,1
1974,1,0,46,0,1,1
1975,0,1,60,9,0,0
1976,0,0,36,0,1,1
1977,1,1,55,7,1,1
1978,0,1,45,0,1,1
1979,0,1,43,10,0,0
1980,0,1,37,8,1,0
1981,0,1,41,4,1,0
1982,0,1,39,4,1,0
1983,1,1,37,10,0,0
1984,0,1,43,9,0,0
1985,0,0,37,0,1,1
1986,0,1,45,9,0,0
1987,0,1,37,3,1,1
1988,1,1,60,4,1,0
1989,1,1,39,7,1,1
1990,0,1,45,7,1,0
1991,1,1,51,7,1,0
1992,1,1,46,3,1,1
1993,1,1,51,10,0,0
1994,0,0,49,8,0,0
1995,0,1,46,8,0,0
1996,1,1,53,4,1,0
1997,1,1,40,10,0,0
1998,1,1,45,0,1,0
1999,1,1,48,3,1,0
2000,0,1,45,3,1,1
2001,0,1,43,9,0,0
2002,0,1,55,5,1,0
2003,0,1,44,0,1,1
2004,1,1,45,8,0,0
2005,0,1,40,10,0,0
2006,0,1,48,2,1,0
2007,0,1,37,9,0,0
2008,1,1,33,4,1,1
2009,0,1,45,0,1,1
2010,1,1,40,10,0,0
2011,0,1,51,5,1,0
2012,1,0,53,0,1,0
2013,0,1,57,0,1,0
2014,1,1,40,8,1,0
2015,0,1,40,5,1,0
2016,0,1,46,0,1,0
2017,1,1,56,0,1,0
2018,1,0,42,0,1,1
2019,1,1,36,10,0,0
2020,1,1,55,5,1,0
2021,1,1,44,0,1,0
2022,0,1,43,10,0,0
2023,1,1,50,0,1,0
2024,1,1,46,0,1,1
2025,0,1,48,4,1,0
2026,1,1,41,0,1,0
2027,1,1,45,0,1,0
2028,1,1,44,5,1,0
2029,1,1,47,10,0,1
2030,1,1,33,0,1,0
2031,0,1,53,7,1,1
2032,0,1,60,3,1,0
2033,1,1,39,4,1,1
2034,0,1,53,0,1,0
2035,1,0,43,8,0,1
2036,1,1,39,3,1,0
2037,1,1,54,8,0,0
2038,0,1,52,10,0,0
2039,1,1,52,9,0,0
2040,1,1,50,10,0,0
2041,0,1,39,2,1,0
2042,1,1,46,7,1,0
2043,0,1,47,5,1,0
2044,1,1,50,4,1,0
2045,0,1,50,4,1,0
2046,1,1,52,4,1,0
2047,1,1,43,0,1,1
2048,0,1,50,3,1,1
2049,1,1,45,8,0,0
2050,1,1,45,5,1,0
2051,0,1,50,7,1,0
2052,0,1,43,0,1,0
2053,1,1,52,10,0,1
2054,0,1,46,5,1,0
2055,1,0,49,2,1,0
2056,1,1,44,3,1,0
2057,0,1,33,3,1,0
2058,1,1,49,10,0,1
2059,1,1,58,10,0,1
2060,1,1,48,0,1,1
2061,0,1,40,2,1,1
2062,0,1,60,8,0,0
2063,1,1,39,4,1,0
2064,0,0,51,8,0,0
2065,0,1,52,8,0,0
2066,0,1,38,7,1,0
2067,1,0,54,0,1,0
2068,1,1,45,7,1,1
2069,1,1,54,0,1,0
2070,1,1,51,5,1,0
2071,1,1,48,0,1,1
2072,0,1,36,5,1,0
2073,0,1,62,9,0,0
2074,1,1,53,8,1,1
2075,1,1,33,8,0,0
2076,1,0,50,0,1,1
2077,1,1,41,5,1,1
2078,1,1,50,0,1,1
2079,0,1,48,3,1,1
2080,1,1,56,5,1,1
2081,0,1,44,7,1,0
2082,1,1,41,0,1,0
2083,0,1,47,10,0,0
2084,1,1,50,0,1,1
2085,0,1,39,3,1,0
2086,0,1,47,5,1,0
2087,0,1,36,7,1,1
2088,1,1,44,5,1,0
2089,1,1,51,0,1,0
2090,0,1,56,2,1,0
2091,0,1,54,0,1,0
2092,1,1,39,4,1,1
2093,1,1,21,10,0,0
2094,1,1,40,7,1,1
2095,1,1,52,0,1,0
2096,0,0,50,8,0,0
2097,0,1,43,2,1,0
2098,1,1,41,9,0,0
2099,0,0,50,0,1,0
2100,1,1,45,7,1,0
2101,1,1,41,10,0,0
2102,1,1,41,8,0,0
2103,1,1,32,0,1,0
2104,0,1,55,5,1,1
2105,0,1,49,5,1,1
2106,1,1,35,10,0,0
2107,0,1,33,7,1,1
2108,0,1,48,8,0,0
2109,0,0,45,9,0,0
2110,1,1,46,3,1,0
2111,1,0,47,0,1,0
2112,1,1,45,7,1,0
2113,0,1,44,4,1,0
2114,0,1,38,10,0,0
2115,0,1,43,10,0,0
2116,1,1,53,2,1,0
2117,0,1,39,4,1,0
2118,0,1,54,5,1,1
2119,1,1,51,8,1,0
2120,1,0,38,8,0,0
2121,0,1,54,8,0,0
2122,1,1,50,10,0,0
2123,0,1,47,3,1,0
2124,1,1,35,5,1,0
2125,0,1,65,0,1,1
2126,0,1,47,0,1,0
2127,1,0,45,0,1,1
2128,0,1,51,4,1,1
2129,1,1,40,8,1,0
2130,0,1,41,7,1,1
2131,0,1,50,4,1,0
2132,0,1,45,2,1,1
2133,0,1,34,8,0,0
2134,1,1,56,8,0,0
2135,1,1,32,4,1,1
2136,0,1,47,10,0,0
2137,0,1,50,0,1,1
2138,0,1,46,0,1,0
2139,1,1,49,10,0,0
2140,1,1,35,10,0,0
2141,0,1,49,3,1,1
2142,0,1,31,10,0,1
2143,1,1,39,5,1,0
2144,1,1,45,5,1,0
2145,0,1,52,3,1,0
2146,1,1,59,3,1,0
2147,0,1,31,10,0,0
2148,1,1,36,5,1,1
2149,0,1,44,10,0,0
2150,0,1,48,10,0,0
2151,1,0,47,3,1,1
2152,1,1,46,9,0,0
2153,0,1,39,2,1,0
2154,0,1,42,0,1,1
2155,0,0,45,0,1,1
2156,1,1,49,7,1,0
2157,0,1,50,9,0,0
2158,0,1,45,10,0,0
2159,0,1,34,5,1,1
2160,0,0,42,0,1,0
2161,1,0,61,9,0,0
2162,1,1,47,5,1,0
2163,0,0,44,0,1,0
2164,1,1,46,9,0,0
2165,0,1,47,0,1,0
2166,1,1,46,7,1,1
2167,1,1,44,5,1,0
2168,0,1,45,7,1,1
2169,1,1,50,10,0,0
2170,0,1,48,5,1,1
2171,1,1,34,10,0,0
2172,0,1,44,8,0,0
2173,0,1,53,0,1,0
2174,0,1,35,0,1,1
2175,0,1,56,5,1,0
2176,0,1,51,10,0,0
2177,0,1,42,5,1,0
2178,0,1,52,9,0,1
2179,1,1,43,9,0,0
2180,1,1,42,0,1,0
2181,1,1,40,0,1,0
2182,1,1,59,2,1,1
2183,1,1,51,2,1,0
2184,0,1,45,3,1,0
2185,1,0,41,8,0,0
2186,0,1,34,0,1,0
2187,1,1,47,9,0,0
2188,0,1,38,3,1,0
2189,1,1,39,10,0,0
2190,0,1,34,8,1,0
2191,0,1,47,5,1,1
2192,0,1,49,5,1,0
2193,1,1,37,3,1,0
2194,1,0,52,0,1,0
2195,0,1,46,3,1,0
2196,0,1,48,8,1,0
2197,0,1,49,0,1,0
2198,1,1,49,0,1,1
2199,0,0,45,0,1,0
2200,0,1,42,3,1,1
2201,0,1,41,8,1,0
2202,1,1,39,5,1,0
2203,1,0,42,0,1,0
2204,1,1,41,0,1,1
2205,0,0,43,0,1,1
2206,1,0,48,7,0,0
2207,0,1,43,0,1,0
2208,0,1,34,3,1,0
2209,1,1,43,3,1,1
2210,1,1,37,0,1,0
2211,1,1,43,4,1,0
2212,0,1,29,3,1,0
2213,0,1,43,10,0,0
2214,0,1,29,5,1,1
2215,0,1,50,0,1,0
2216,1,0,41,0,1,1
2217,0,1,46,10,0,0
2218,0,1,56,10,0,0
2219,1,1,33,0,1,1
2220,0,1,41,0,1,0
2221,1,1,51,5,1,0
2222,0,1,38,7,1,1
2223,1,1,45,4,1,0
2224,1,1,47,0,1,0
2225,0,1,53,10,0,1
2226,0,1,42,2,1,0
2227,0,1,38,0,1,0
2228,0,1,56,3,1,1
2229,1,1,36,0,1,1
2230,0,1,42,4,1,1
2231,0,1,39,3,1,0
2232,1,1,41,10,0,0
2233,0,1,48,10,0,0
2234,1,1,62,3,1,0
2235,0,1,50,0,1,1
2236,0,0,50,0,1,0
2237,0,0,50,0,1,1
2238,0,1,34,2,1,1
2239,1,1,44,8,1,1
2240,1,0,47,9,0,0
2241,1,1,47,7,1,0
2242,1,1,42,4,1,0
2243,1,1,42,10,0,0
2244,0,1,33,0,1,0
2245,0,1,41,4,1,0
2246,0,1,45,0,1,0
2247,0,0,41,0,1,0
2248,0,1,48,0,1,1
2249,0,1,43,8,0,0
2250,0,1,46,0,1,1
2251,1,1,45,0,1,1
2252,0,1,54,8,0,0
2253,1,1,46,5,1,0
2254,1,1,41,5,1,0
2255,1,1,42,10,0,0
2256,0,0,57,0,1,0
2257,1,0,51,3,1,0
2258,1,0,55,8,0,0
2259,0,1,44,9,0,1
2260,1,1,43,2,1,0
2261,0,0,47,0,1,0
2262,1,1,45,7,1,0
2263,1,1,52,10,0,1
2264,0,1,37,5,1,1
2265,1,1,39,5,1,1
2266,1,1,49,0,1,1
2267,1,1,50,9,0,0
2268,0,1,45,5,1,0
2269,0,0,47,0,1,1
2270,1,1,47,8,0,1
2271,1,1,44,0,1,0
2272,0,0,54,0,1,1
2273,1,1,52,5,1,1
2274,1,1,26,5,1,0
2275,1,0,49,8,0,0
2276,1,0,45,0,1,0
2277,1,1,61,9,0,0
2278,1,1,40,5,1,0
2279,1,1,47,7,1,0
2280,0,1,48,4,1,0
2281,0,1,45,2,1,1
2282,1,1,58,0,1,0
2283,1,1,51,8,0,0
2284,0,1,51,7,1,0
2285,1,1,48,0,1,1
2286,1,1,52,10,0,0
2287,1,0,46,0,1,0
2288,1,1,56,5,1,0
2289,0,0,46,8,0,0
2290,1,0,38,8,0,1
2291,1,1,57,3,1,0
2292,1,1,50,5,1,1
2293,1,1,44,0,1,1
2294,1,1,47,0,1,1
2295,0,1,40,7,1,1
2296,1,1,38,0,1,0
2297,0,0,49,0,1,0
2298,0,1,39,7,1,0
2299,1,1,49,0,1,1
2300,1,1,40,5,1,1
2301,1,0,31,0,1,0
2302,1,1,54,0,1,1
2303,1,1,52,7,1,0
2304,1,1,41,5,1,0
2305,1,1,49,10,0,0
2306,1,1,50,5,1,0
2307,1,1,28,5,1,1
2308,1,1,45,4,1,0
2309,1,1,48,5,1,1
2310,1,1,50,8,0,0
2311,0,1,46,10,0,0
2312,1,1,40,7,1,0
2313,1,1,42,4,1,0
2314,0,0,50,0,1,1
2315,0,1,44,5,1,0
2316,0,1,39,4,1,1
2317,0,1,34,5,1,1
2318,0,1,47,2,1,1
2319,1,1,53,10,0,0
2320,1,1,62,5,1,0
2321,1,1,42,0,1,0
2322,1,1,47,8,0,0
2323,0,1,52,10,0,1
2324,1,0,53,0,1,1
2325,0,1,49,0,1,1
2326,1,0,54,8,0,0
2327,1,1,59,8,0,0
2328,1,1,43,10,0,0
2329,1,1,50,8,0,0
2330,0,1,39,8,1,0
2331,0,0,45,0,1,0
2332,0,1,57,3,1,0
2333,1,1,41,5,1,0
2334,0,0,44,0,1,1
2335,1,0,51,0,1,1
2336,1,1,42,5,1,1
2337,0,1,48,10,0,0
2338,1,1,44,3,1,0
2339,0,1,33,8,0,0
2340,1,1,53,4,1,0
2341,0,1,46,10,0,0
2342,0,1,42,5,1,1
2343,1,1,50,10,0,1
2344,1,1,44,3,1,0
2345,1,1,34,7,1,1
2346,1,1,53,7,1,0
2347,0,1,51,2,1,1
2348,0,1,30,0,1,0
2349,0,1,46,3,1,0
2350,0,1,36,3,1,0
2351,1,1,36,4,1,1
2352,0,1,40,9,0,0
2353,0,1,41,10,0,0
2354,1,1,45,0,1,0
2355,0,1,36,0,1,1
2356,0,1,43,0,1,0
2357,1,0,59,8,0,0
2358,0,0,38,0,1,0
2359,0,1,42,5,1,1
2360,0,1,45,9,0,0
2361,0,1,54,5,1,0
2362,1,1,44,0,1,1
2363,1,1,53,4,1,0
2364,1,1,57,10,0,0
2365,0,0,45,8,0,0
2366,0,1,27,5,1,0
2367,1,1,48,8,0,0
2368,1,1,45,0,1,1
2369,0,0,49,9,0,0
2370,1,1,43,3,1,0
2371,0,1,44,5,1,0
2372,0,1,41,9,0,1
2373,0,1,51,2,1,0
2374,0,1,53,10,0,0
2375,0,1,40,5,1,0
2376,0,1,47,5,1,1
2377,0,1,45,9,0,0
2378,0,1,58,0,1,1
2379,1,1,53,0,1,1
2380,0,1,44,5,1,1
2381,1,1,49,10,0,0
2382,0,1,47,9,0,0
2383,1,1,51,10,0,0
2384,0,1,48,3,1,1
2385,0,1,45,0,1,1
2386,1,1,48,10,0,0
2387,1,1,44,8,0,0
2388,1,1,59,0,1,0
2389,0,1,46,5,1,0
2390,0,1,45,10,0,0
2391,1,0,37,10,0,0
2392,0,1,41,3,1,1
2393,0,1,52,3,1,0
2394,1,1,55,10,0,0
2395,1,0,55,0,1,0
2396,0,1,32,10,0,0
2397,1,1,52,8,0,1
2398,0,1,51,0,1,0
2399,1,0,43,0,1,1
2400,0,1,26,10,0,0
2401,0,1,58,10,0,0
2402,0,1,54,5,1,0
2403,1,1,47,10,0,0
2404,0,0,45,0,1,0
2405,0,1,51,8,1,0
2406,0,1,55,7,1,1
2407,0,1,40,0,1,0
2408,0,1,59,7,1,1
2409,1,1,32,0,1,0
2410,0,1,42,0,1,0
2411,0,0,40,4,1,0
2412,1,0,39,8,0,0
2413,1,1,46,4,1,0
2414,1,1,42,10,0,0
2415,0,0,51,0,1,1
2416,1,1,41,4,1,0
2417,0,1,34,0,1,0
2418,0,1,46,0,1,1
2419,0,1,49,7,1,0
2420,0,1,42,3,1,1
2421,1,1,42,0,1,1
2422,0,1,43,5,1,0
2423,0,1,54,8,0,0
2424,1,1,48,10,0,1
2425,1,0,47,10,0,0
2426,1,0,39,8,0,0
2427,0,1,50,0,1,0
2428,0,0,34,0,1,0
2429,1,0,44,0,1,1
2430,0,1,55,8,1,1
2431,1,1,38,8,0,0
2432,1,1,39,9,0,0
2433,0,1,44,7,1,1
2434,0,1,54,5,1,0
2435,1,1,52,4,1,0
2436,1,1,52,7,1,0
2437,1,1,56,0,1,0
2438,0,0,56,0,1,0
2439,1,1,47,0,1,1
2440,0,1,39,5,1,0
2441,0,1,44,3,1,0
2442,1,1,52,4,1,0
2443,0,1,51,9,0,0
2444,0,1,47,5,1,0
2445,0,1,55,5,1,0
2446,0,1,31,3,1,0
2447,0,1,37,5,1,0
2448,0,1,49,0,1,0
2449,0,1,50,5,1,0
2450,1,1,38,10,0,0
2451,1,1,52,9,0,0
2452,0,1,47,5,1,0
2453,1,0,49,9,0,0
2454,1,0,39,3,1,0
2455,0,1,52,3,1,0
2456,1,1,41,2,1,0
2457,0,1,43,10,0,0
2458,0,1,43,2,1,1
2459,0,1,49,10,0,0
2460,1,1,45,3,1,1
2461,1,1,48,10,0,0
2462,1,1,53,0,1,1
2463,1,1,48,0,1,1
2464,1,1,43,8,0,0
2465,1,1,43,10,0,1
2466,1,1,60,4,1,0
2467,0,1,44,0,1,0
2468,1,1,37,4,1,1
2469,1,1,57,5,1,1
2470,0,1,52,5,1,0
2471,1,1,54,4,1,0
2472,1,1,38,5,1,0
2473,0,1,45,10,0,1
2474,0,1,53,5,1,0
2475,0,1,43,7,1,0
2476,0,1,29,7,1,0
2477,0,1,46,9,0,1
2478,0,1,50,9,0,0
2479,0,0,57,0,1,0
2480,0,1,38,9,0,0
2481,0,1,42,0,1,1
2482,0,1,45,0,1,0
2483,0,0,35,0,1,0
2484,1,1,47,2,1,0
2485,1,1,41,5,1,0
2486,1,1,50,4,1,0
2487,0,1,45,0,1,1
2488,0,1,48,7,1,1
2489,1,1,51,0,1,1
2490,1,1,45,3,1,0
2491,1,1,52,5,1,1
2492,0,1,46,5,1,1
2493,0,1,50,7,1,1
2494,0,1,33,7,1,0
2495,1,0,46,0,1,0
2496,1,1,37,10,0,1
2497,1,1,48,10,0,0
2498,1,1,41,3,1,0
2499,1,1,54,9,0,0
2500,1,1,58,10,0,0
2501,1,1,54,0,1,0
2502,0,1,45,8,0,0
2503,0,0,44,8,0,0
2504,1,1,46,5,1,0
2505,0,1,38,5,1,1
2506,0,1,54,7,1,1
2507,0,1,40,10,0,0
2508,1,1,52,0,1,0
2509,0,1,44,8,0,1
2510,1,0,48,0,1,0
2511,0,1,59,0,1,1
2512,0,1,50,5,1,0
2513,0,1,53,10,0,0
2514,0,1,47,3,1,0
2515,0,0,39,0,1,1
2516,0,1,55,5,1,1
2517,1,1,47,5,1,0
2518,0,1,41,0,1,0
2519,1,1,40,0,1,0
2520,1,1,44,9,0,0
2521,1,1,38,5,1,0
2522,1,1,47,0,1,0
2523,0,1,40,8,1,1
2524,0,1,45,9,0,0
2525,0,1,46,10,0,0
2526,1,1,34,10,0,0
2527,1,1,40,7,1,0
2528,1,1,43,7,1,0
2529,1,1,38,0,1,1
2530,0,1,52,8,0,0
2531,0,1,49,0,1,0
2532,1,1,53,2,1,1
2533,0,1,51,8,1,0
2534,1,1,45,0,1,0
2535,1,1,52,8,0,0
2536,0,1,44,2,1,0
2537,1,1,47,5,1,0
2538,0,1,58,3,1,0
2539,0,0,47,0,1,0
2540,1,1,58,0,1,0
2541,0,0,47,8,0,0
2542,0,1,31,0,1,0
2543,1,1,47,2,1,0
2544,1,1,40,10,0,0
2545,1,1,57,4,1,0
2546,1,0,48,3,1,0
2547,0,1,46,3,1,1
2548,1,1,47,0,1,1
2549,1,1,47,7,1,0
2550,1,1,48,5,1,1
2551,0,0,52,3,1,1
2552,0,1,41,8,1,0
2553,1,0,46,0,1,0
2554,0,1,47,9,0,0
2555,1,1,41,0,1,1
2556,1,0,50,0,1,1
2557,0,1,48,5,1,0
2558,0,1,41,0,1,1
2559,1,1,44,8,0,0
2560,0,1,45,9,0,0
2561,0,1,44,0,1,0
2562,0,1,46,2,1,0
2563,0,1,65,8,1,0
2564,0,1,60,3,1,1
2565,1,1,43,7,1,1
2566,0,1,50,8,0,0
2567,1,1,56,0,1,0
2568,0,1,36,4,1,0
2569,1,0,52,0,1,0
2570,1,1,40,2,1,0
2571,1,0,61,0,1,1
2572,0,1,42,5,1,0
2573,1,1,55,5,1,0
2574,0,1,46,3,1,0
2575,0,0,51,0,1,0
2576,1,1,56,10,0,0
2577,0,1,48,8,0,0
2578,0,1,47,0,1,0
2579,0,1,39,0,1,1
2580,0,1,50,8,1,0
2581,1,1,42,10,0,0
2582,1,0,54,8,0,0
2583,0,1,51,8,0,0
2584,1,1,50,0,1,1
2585,0,1,37,0,1,0
2586,0,1,41,8,1,1
2587,0,1,47,0,1,1
2588,0,1,42,9,0,0
2589,0,1,60,0,1,0
2590,0,0,43,0,1,0
2591,0,1,53,7,1,0
2592,0,1,43,10,0,0
2593,1,1,37,3,1,0
2594,1,0,54,0,1,0
2595,1,1,50,8,1,0
2596,1,1,54,4,1,1
2597,0,0,39,0,1,0
2598,1,1,45,2,1,0
2599,1,1,45,10,0,0
2600,1,1,44,4,1,1
2601,0,1,48,9,0,1
2602,0,1,49,10,0,0
2603,1,1,39,4,1,0
2604,1,1,49,3,1,0
2605,1,1,44,0,1,1
2606,1,1,43,7,1,0
2607,1,0,41,0,1,0
2608,1,1,39,5,1,0
2609,1,1,47,7,1,0
2610,0,0,45,8,0,1
2611,1,1,50,3,1,0
2612,0,1,54,8,0,0
2613,1,1,41,0,1,0
2614,1,1,48,9,0,0
2615,1,1,54,3,1,0
2616,0,1,54,9,0,0
2617,0,1,39,5,1,0
2618,0,1,40,10,0,0
2619,0,1,46,5,1,0
2620,0,1,44,8,1,0
2621,1,1,48,9,0,0
2622,0,1,44,7,1,0
2623,0,1,42,3,1,1
2624,1,1,54,7,1,0
2625,0,1,47,10,0,0
2626,1,1,47,5,1,0
2627,1,1,46,7,1,0
2628,0,1,43,5,1,0
2629,0,1,41,5,1,1
2630,0,0,41,0,1,0
2631,0,1,39,10,0,0
2632,1,1,49,0,1,0
2633,0,1,31,0,1,0
2634,0,1,44,0,1,0
2635,0,1,33,10,0,0
2636,1,1,42,7,1,0
2637,0,1,45,7,1,0
2638,1,1,57,5,1,0
2639,0,1,46,10,0,0
2640,0,1,51,7,1,0
2641,1,1,52,5,1,0
2642,0,1,45,4,1,0
2643,1,1,37,7,1,0
2644,0,1,45,10,0,0
2645,1,1,41,0,1,1
2646,1,1,35,7,1,0
2647,0,1,52,7,1,1
2648,0,1,51,10,0,0
2649,1,1,36,10,0,0
2650,1,1,42,8,0,1
2651,0,1,47,5,1,0
2652,0,1,57,5,1,0
2653,0,1,39,3,1,1
2654,0,1,52,5,1,0
2655,1,1,44,3,1,0
2656,1,1,37,0,1,0
2657,1,1,49,5,1,0
2658,0,0,45,0,1,0
2659,1,1,44,10,0,0
2660,0,0,42,0,1,0
2661,0,1,46,3,1,0
2662,0,0,40,8,0,0
2663,0,0,37,0,1,0
2664,1,1,55,9,0,0
2665,0,0,35,8,0,0
2666,1,1,45,0,1,1
2667,0,1,55,7,1,0
2668,0,1,38,4,1,1
2669,0,1,45,5,1,0
2670,1,1,50,3,1,0
2671,1,1,45,0,1,1
2672,1,1,48,3,1,0
2673,1,1,39,3,1,1
2674,1,1,54,10,0,0
2675,0,1,54,3,1,1
2676,0,1,45,3,1,0
2677,1,1,37,3,1,0
2678,0,1,42,3,1,0
2679,0,1,43,2,1,1
2680,0,1,48,0,1,0
2681,1,1,42,3,1,0
2682,1,1,46,10,0,0
2683,1,1,51,5,1,1
2684,1,1,51,4,1,0
2685,0,1,45,0,1,1
2686,1,1,40,3,1,0
2687,1,1,34,4,1,0
2688,1,1,46,3,1,0
2689,1,1,56,9,0,0
2690,1,1,43,10,0,0
2691,1,1,48,9,0,0
2692,0,1,43,10,0,1
2693,0,1,51,0,1,1
2694,0,1,36,10,0,0
2695,0,1,27,5,1,1
2696,1,1,64,3,1,1
2697,1,1,49,2,1,0
2698,1,1,47,5,1,0
2699,1,1,49,5,1,1
2700,0,1,33,5,1,0
2701,0,1,39,0,1,0
2702,0,0,43,0,1,0
2703,0,1,34,10,0,1
2704,1,1,37,3,1,1
2705,1,1,32,7,1,0
2706,0,1,50,10,0,0
2707,1,1,43,4,1,1
2708,0,0,45,0,1,0
2709,1,0,39,0,1,0
2710,0,1,47,2,1,0
2711,1,0,31,0,1,0
2712,0,0,48,0,1,0
2713,1,0,37,8,0,0
2714,0,1,36,3,1,0
2715,1,0,57,9,0,0
2716,0,1,53,0,1,0
2717,0,1,48,9,0,0
2718,1,1,39,5,1,0
2719,1,0,51,3,1,0
2720,1,1,51,5,1,0
2721,0,0,50,2,1,0
2722,0,1,54,9,0,0
2723,1,1,31,0,1,1
2724,0,1,42,10,0,0
2725,1,1,45,10,0,0
2726,0,0,43,0,1,0
2727,0,1,42,0,1,0
2728,1,1,61,0,1,0
2729,1,1,53,10,0,0
2730,1,1,59,7,1,1
2731,0,1,48,7,1,0
2732,1,1,45,5,1,0
2733,0,1,56,10,0,0
2734,0,1,42,0,1,0
2735,0,0,51,0,1,1
2736,1,1,42,10,0,0
2737,0,1,51,5,1,0
2738,1,0,49,0,1,0
2739,1,0,46,0,1,1
2740,0,1,45,5,1,0
2741,0,1,35,5,1,0
2742,1,1,41,0,1,0
2743,0,1,56,0,1,0
2744,0,1,49,5,1,0
2745,1,1,43,5,1,1
2746,1,1,44,10,0,0
2747,1,1,47,0,1,0
2748,0,1,44,2,1,0
2749,1,1,57,8,1,1
2750,1,1,41,7,1,1
2751,0,0,58,8,0,0
2752,0,1,45,7,1,1
2753,1,1,38,0,1,1
2754,1,1,51,3,1,1
2755,1,1,46,4,1,0
2756,0,1,47,10,0,0
2757,1,1,38,5,1,0
2758,0,1,40,9,0,0
2759,0,1,44,5,1,0
2760,0,1,42,3,1,0
2761,1,1,41,10,0,0
2762,1,1,35,7,1,1
2763,0,1,47,5,1,0
2764,1,1,63,0,1,0
2765,0,1,51,0,1,1
2766,1,1,50,3,1,0
2767,0,1,47,7,1,0
2768,1,0,48,0,1,1
2769,0,1,46,3,1,0
2770,0,1,51,8,0,0
2771,0,1,45,7,1,0
2772,1,1,34,7,1,0
2773,0,1,51,10,0,0
2774,0,1,43,2,1,0
2775,1,1,26,5,1,1
2776,0,1,52,10,0,0
2777,1,1,47,3,1,0
2778,1,1,38,0,1,0
2779,1,0,43,0,1,1
2780,1,1,58,0,1,0
2781,0,1,49,3,1,0
2782,0,1,61,0,1,0
2783,0,1,41,0,1,1
2784,1,1,42,7,1,0
2785,1,1,45,5,1,0
2786,0,1,41,5,1,0
2787,0,1,58,5,1,0
2788,0,1,40,0,1,0
2789,1,1,42,5,1,1
2790,1,1,35,9,0,0
2791,0,1,41,0,1,0
2792,1,0,38,0,1,1
2793,1,1,46,5,1,0
2794,1,1,48,7,1,0
2795,1,1,41,5,1,1
2796,1,1,47,8,1,1
2797,0,1,56,10,0,0
2798,1,0,49,0,1,1
2799,0,0,51,0,1,1
2800,1,1,42,0,1,1
2801,1,1,48,10,0,0
2802,1,1,36,8,0,0
2803,0,1,53,10,0,1
2804,1,1,48,7,1,1
2805,1,1,48,10,0,1
2806,1,0,35,8,0,0
2807,0,1,40,0,1,1
2808,1,0,43,0,1,0
2809,1,1,42,0,1,0
2810,0,1,52,3,1,0
2811,1,1,39,3,1,0
2812,1,1,38,0,1,1
2813,1,1,50,7,1,0
2814,1,1,49,0,1,0
2815,1,1,46,5,1,0
2816,0,1,48,4,1,0
2817,0,1,42,0,1,1
2818,0,1,45,10,0,0
2819,0,1,50,5,1,0
2820,0,1,48,10,0,0
2821,1,1,54,0,1,1
2822,0,1,47,8,0,0
2823,0,1,38,0,1,0
2824,1,1,40,2,1,1
2825,0,1,56,10,0,0
2826,1,1,59,10,0,0
2827,0,1,47,5,1,0
2828,1,1,35,0,1,0
2829,0,1,43,0,1,0
2830,0,1,51,5,1,0
2831,1,1,43,3,1,0
2832,1,1,47,0,1,0
2833,1,1,49,8,1,0
2834,0,1,47,5,1,0
2835,1,1,45,5,1,0
2836,1,1,39,3,1,0
2837,1,1,46,5,1,0
2838,0,1,26,8,1,0
2839,0,0,40,0,1,0
2840,0,1,53,9,0,0
2841,0,1,54,3,1,0
2842,1,1,49,10,0,1
2843,1,1,40,10,0,0
2844,1,1,42,5,1,1
2845,0,1,43,2,1,1
2846,1,1,40,10,0,0
2847,0,1,39,10,0,0
2848,1,1,43,10,0,0
2849,1,1,50,5,1,0
2850,1,0,41,0,1,0
2851,0,1,39,10,0,0
2852,1,1,44,10,0,0
2853,1,1,53,10,0,0
2854,0,1,35,3,1,1
2855,0,1,68,3,1,0
2856,0,1,57,7,1,1
2857,1,1,46,5,1,0
2858,0,1,42,10,0,0
2859,0,1,53,0,1,0
2860,0,1,39,3,1,0
2861,0,0,46,0,1,1
2862,0,1,45,8,0,0
2863,1,1,41,10,0,0
2864,1,0,51,9,0,0
2865,1,1,42,0,1,0
2866,0,1,49,5,1,0
2867,0,1,45,3,1,0
2868,0,1,40,5,1,1
2869,0,0,56,0,1,0
2870,1,1,36,7,1,0
2871,1,1,39,10,0,1
2872,0,1,47,5,1,0
2873,1,1,40,2,1,0
2874,1,1,53,8,1,0
2875,0,1,48,10,0,0
2876,1,1,44,5,1,0
2877,0,0,34,0,1,1
2878,1,1,49,10,0,0
2879,1,1,40,0,1,1
2880,1,1,44,3,1,0
2881,1,0,42,8,0,0
2882,0,1,59,7,1,1
2883,1,1,48,3,1,0
2884,0,1,36,8,0,0
2885,0,1,48,5,1,0
2886,1,1,40,10,0,0
2887,0,1,43,0,1,1
2888,1,1,50,7,1,0
2889,1,0,42,0,1,0
2890,1,1,47,0,1,1
2891,0,0,30,0,1,0
2892,0,0,38,0,1,0
2893,0,1,39,4,1,1
2894,0,0,44,0,1,1
2895,1,1,57,0,1,1
2896,0,1,43,7,1,0
2897,0,1,55,8,0,0
2898,1,1,45,10,0,0
2899,1,1,52,4,1,0
2900,1,0,60,0,1,0
2901,1,1,41,10,0,0
2902,1,0,45,0,1,1
2903,1,1,50,0,1,1
2904,0,0,44,0,1,0
2905,1,1,46,5,1,0
2906,0,1,55,8,0,0
2907,1,1,57,0,1,0
2908,1,1,38,3,1,1
2909,1,1,52,10,0,0
2910,1,1,39,7,1,0
2911,0,0,32,0,1,0
2912,0,1,46,2,1,0
2913,0,1,40,7,1,0
2914,0,1,33,9,0,0
2915,1,1,46,9,0,0
2916,1,0,45,8,0,0
2917,0,1,45,7,1,0
2918,1,1,38,7,1,0
2919,1,1,45,0,1,0
2920,1,1,52,7,1,0
2921,1,1,46,10,0,0
2922,0,1,33,10,0,0
2923,1,0,55,8,0,0
2924,0,1,41,3,1,0
2925,1,1,62,9,0,0
2926,1,1,45,9,0,0
2927,0,1,39,9,0,0
2928,1,1,51,7,1,0
2929,0,1,45,0,1,0
2930,0,1,44,8,0,0
2931,0,1,41,7,1,0
2932,0,0,50,8,0,0
2933,0,1,41,4,1,0
2934,0,1,46,5,1,0
2935,0,1,34,10,0,1
2936,0,1,44,0,1,0
2937,0,1,40,3,1,1
2938,1,1,40,3,1,1
2939,1,0,50,0,1,1
2940,0,1,49,8,1,0
2941,0,1,42,4,1,0
2942,0,0,47,0,1,0
2943,1,1,49,7,1,0
2944,1,1,48,5,1,0
2945,0,0,42,8,0,0
2946,0,1,42,10,0,0
2947,1,1,59,7,1,1
2948,1,1,46,0,1,0
2949,1,1,36,3,1,1
2950,0,1,44,10,0,0
2951,1,1,48,8,1,0
2952,1,1,51,7,1,0
2953,0,1,56,4,1,0
2954,1,0,48,0,1,1
2955,0,1,45,8,0,0
2956,0,1,49,3,1,1
2957,0,1,46,7,1,0
2958,0,1,55,5,1,1
2959,1,1,46,5,1,0
2960,1,0,42,8,0,0
2961,0,1,38,3,1,0
2962,1,1,50,0,1,0
2963,0,1,38,9,0,0
2964,0,0,40,0,1,0
2965,1,1,34,10,0,0
2966,0,1,40,5,1,0
2967,0,1,43,0,1,1
2968,0,1,44,8,0,0
2969,0,1,44,5,1,0
2970,0,1,55,9,0,0
2971,0,1,51,4,1,0
2972,0,1,64,3,1,0
2973,1,1,47,0,1,0
2974,0,0,39,0,1,1
2975,0,0,48,9,0,0
2976,0,1,54,5,1,1
2977,1,0,43,0,1,0
2978,1,0,52,0,1,0
2979,1,1,43,10,0,0
2980,0,1,50,9,0,1
2981,0,1,49,4,1,0
2982,0,1,48,7,1,0
2983,1,1,45,9,0,1
2984,0,1,49,0,1,0
2985,0,0,43,8,0,0
2986,1,0,44,8,0,0
2987,1,1,49,3,1,0
2988,1,1,53,5,1,1
2989,0,1,41,4,1,1
2990,0,1,55,7,1,0
2991,1,1,44,5,1,0
2992,1,1,56,0,1,0
2993,0,1,47,5,1,0
2994,0,1,38,9,0,0
2995,1,1,46,2,1,0
2996,1,0,48,8,0,0
2997,0,1,43,5,1,1
2998,0,1,36,0,1,0
2999,1,1,47,5,1,0
3000,0,1,53,0,1,0
3001,1,1,45,10,0,0
3002,1,1,50,4,1,0
3003,0,1,49,0,1,0
3004,1,1,44,8,1,0
3005,0,0,42,0,1,0
3006,1,1,42,5,1,0
3007,0,0,40,0,1,1
3008,0,1,46,3,1,0
3009,1,1,45,0,1,0
3010,0,1,41,5,1,1
3011,1,1,39,5,1,0
3012,1,1,45,2,1,0
3013,0,1,55,2,1,0
3014,0,0,53,2,1,1
3015,0,1,53,5,1,0
3016,0,0,44,8,0,0
3017,0,1,51,3,1,0
3018,0,0,30,0,1,0
3019,0,1,49,4,1,0
3020,0,1,41,7,1,0
3021,1,1,46,0,1,1
3022,0,1,42,3,1,0
3023,0,1,48,5,1,0
3024,0,1,58,10,0,0
3025,1,1,40,2,1,0
3026,0,1,44,10,0,0
3027,0,1,54,10,0,0
3028,1,1,46,3,1,0
3029,0,1,39,9,0,0
3030,1,1,32,10,0,1
3031,0,1,51,5,1,0
3032,1,1,39,5,1,0
3033,0,1,40,5,1,0
3034,1,1,50,8,0,0
3035,1,1,46,10,0,0
3036,0,0,45,0,1,1
3037,0,1,43,5,1,0
3038,1,1,45,3,1,0
3039,0,0,55,8,0,1
3040,0,1,46,7,1,0
3041,0,1,48,7,1,1
3042,0,1,52,3,1,0
3043,0,1,47,0,1,0
3044,1,1,29,10,0,0
3045,0,0,44,0,1,0
3046,1,1,43,0,1,1
3047,1,1,46,5,1,0
3048,1,1,47,3,1,1
3049,1,1,35,10,0,0
3050,0,1,43,9,0,0
3051,0,1,47,10,0,0
3052,0,0,43,0,1,0
3053,0,1,41,0,1,1
3054,1,1,35,3,1,1
3055,1,1,46,0,1,0
3056,1,1,43,3,1,1
3057,0,1,58,8,0,0
3058,0,1,40,0,1,0
3059,1,1,40,5,1,1
3060,1,1,41,4,1,1
3061,0,1,42,4,1,0
3062,0,1,39,7,1,0
3063,0,1,46,7,1,0
3064,1,1,45,0,1,0
3065,1,1,39,7,1,0
3066,1,1,53,7,1,0
3067,0,1,49,5,1,0
3068,0,1,44,5,1,0
3069,0,1,53,5,1,0
3070,1,1,43,10,0,0
3071,1,1,39,0,1,0
3072,0,1,55,0,1,1
3073,1,1,53,10,0,0
3074,0,1,45,7,1,0
3075,1,1,41,2,1,1
3076,0,1,36,3,1,1
3077,0,1,41,10,0,0
3078,1,0,32,8,0,0
3079,1,1,39,5,1,0
3080,0,1,45,7,1,0
3081,1,1,40,0,1,0
3082,1,1,41,4,1,1
3083,1,1,31,3,1,0
3084,0,1,55,4,1,0
3085,1,1,39,7,1,0
3086,1,1,39,0,1,0
3087,1,0,48,0,1,0
3088,1,1,23,3,1,1
3089,0,1,50,0,1,0
3090,0,1,42,9,0,0
3091,1,1,44,3,1,0
3092,0,1,49,0,1,0
3093,0,1,44,0,1,0
3094,1,1,40,0,1,0
3095,0,1,41,5,1,0
3096,0,1,42,10,0,0
3097,0,0,47,0,1,1
3098,1,1,41,5,1,1
3099,1,1,44,4,1,0
3100,1,1,41,7,1,1
3101,0,1,39,10,0,0
3102,1,1,33,10,0,1
3103,1,1,56,0,1,0
3104,0,0,43,0,1,0
3105,0,1,50,7,1,0
3106,1,1,52,3,1,1
3107,0,1,38,10,0,0
3108,1,1,40,0,1,1
3109,1,1,34,0,1,1
3110,1,1,42,3,1,0
3111,0,1,50,10,0,0
3112,0,1,38,5,1,0
3113,1,1,54,5,1,0
3114,1,1,44,10,0,1
3115,0,1,41,5,1,0
3116,1,1,51,0,1,0
3117,0,1,45,10,0,0
3118,0,1,45,7,1,1
3119,0,1,41,0,1,0
3120,1,1,28,5,1,0
3121,1,1,31,5,1,0
3122,1,1,60,5,1,1
3123,0,1,44,5,1,0
3124,1,1,35,5,1,0
3125,1,1,51,0,1,1
3126,1,1,47,3,1,0
3127,1,1,44,7,1,0
3128,1,1,50,9,0,0
3129,1,1,41,4,1,1
3130,0,1,48,5,1,0
3131,1,1,48,0,1,0
3132,1,0,48,0,1,0
3133,0,1,49,10,0,0
3134,0,1,48,0,1,0
3135,1,1,42,0,1,1
3136,0,1,46,10,0,0
3137,0,0,45,3,1,1
3138,0,1,50,7,1,0
3139,1,1,57,0,1,0
3140,1,1,43,4,1,0
3141,1,1,51,7,1,0
3142,1,0,37,0,1,0
3143,1,1,49,0,1,1
3144,0,1,47,4,1,0
3145,1,1,51,5,1,0
3146,1,1,41,5,1,0
3147,1,1,40,8,0,0
3148,0,1,29,10,0,1
3149,1,1,49,7,1,0
3150,0,0,51,0,1,0
3151,1,1,48,5,1,1
3152,1,1,44,0,1,1
3153,1,1,36,10,0,0
3154,0,1,39,3,1,0
3155,1,0,35,0,1,0
3156,1,1,30,8,0,0
3157,1,1,52,10,0,0
3158,1,1,39,8,0,0
3159,1,1,47,10,0,0
3160,1,1,47,10,0,0
3161,1,0,52,0,1,1
3162,1,1,38,8,0,0
3163,0,1,62,3,1,1
3164,0,1,56,10,0,0
3165,1,0,37,0,1,0
3166,1,1,43,4,1,1
3167,1,1,53,0,1,0
3168,1,1,46,4,1,0
3169,0,1,37,7,1,0
3170,0,1,36,9,0,0
3171,0,1,50,10,0,1
3172,1,1,41,9,0,1
3173,1,1,52,9,0,0
3174,1,1,53,3,1,0
3175,1,1,52,10,0,0
3176,1,1,53,10,0,0
3177,1,1,52,10,0,0
3178,1,1,52,4,1,0
3179,1,1,42,3,1,0
3180,1,1,41,7,1,0
3181,1,1,48,0,1,1
3182,1,1,39,8,0,1
3183,0,1,34,10,0,0
3184,1,1,43,0,1,0
3185,1,1,44,5,1,0
3186,0,1,39,4,1,1
3187,0,1,53,0,1,1
3188,1,1,59,9,0,0
3189,0,1,32,5,1,1
3190,0,1,43,2,1,0
3191,0,1,46,10,0,0
3192,1,1,55,7,1,1
3193,0,1,42,3,1,0
3194,0,1,53,4,1,0
3195,0,1,53,2,1,0
3196,0,1,41,8,0,1
3197,1,1,50,0,1,0
3198,1,1,42,10,0,0
3199,1,1,51,3,1,0
3200,1,1,44,0,1,0
3201,0,1,48,3,1,0
3202,0,1,49,5,1,1
3203,1,1,50,5,1,1
3204,1,1,45,7,1,0
3205,1,1,72,7,1,0
3206,1,1,53,0,1,0
3207,1,1,52,5,1,1
3208,0,1,51,5,1,0
3209,1,1,47,5,1,0
3210,0,1,43,4,1,0
3211,1,1,29,0,1,0
3212,0,1,42,3,1,0
3213,1,1,45,10,0,0
3214,0,1,32,10,0,0
3215,0,1,53,8,0,0
3216,0,1,42,0,1,1
3217,0,1,34,8,1,0
3218,1,1,58,10,0,0
3219,0,1,50,3,1,0
3220,1,1,51,10,0,0
3221,1,1,38,7,1,0
3222,0,1,46,0,1,0
3223,0,1,40,3,1,0
3224,0,1,50,0,1,0
3225,1,0,45,9,0,0
3226,1,0,56,8,0,0
3227,1,1,43,10,0,0
3228,1,1,37,10,0,0
3229,0,1,57,8,0,0
3230,0,1,38,3,1,0
3231,0,1,47,2,1,0
3232,0,1,52,0,1,0
3233,1,1,62,7,1,0
3234,0,1,57,7,1,0
3235,0,1,49,3,1,1
3236,1,1,45,0,1,0
3237,0,1,41,4,1,1
3238,1,1,35,3,1,0
3239,1,1,32,0,1,1
3240,0,1,40,5,1,0
3241,1,1,49,7,1,0
3242,1,1,38,10,0,0
3243,1,1,46,0,1,0
3244,0,1,42,5,1,0
3245,1,0,49,0,1,0
3246,0,1,42,5,1,0
3247,0,0,53,8,0,0
3248,0,1,35,3,1,1
3249,0,1,45,4,1,0
3250,1,0,55,0,1,0
3251,0,1,52,10,0,0
3252,0,1,31,10,0,0
3253,0,1,46,0,1,1
3254,0,1,47,5,1,0
3255,1,0,39,0,1,1
3256,1,1,45,7,1,1
3257,1,1,47,10,0,0
3258,1,1,47,4,1,0
3259,0,1,47,0,1,1
3260,0,0,46,2,1,0
3261,1,1,46,5,1,1
3262,0,1,51,3,1,0
3263,0,1,50,2,1,0
3264,0,1,41,8,0,0
3265,0,1,40,8,1,0
3266,1,1,40,3,1,1
3267,0,1,47,0,1,0
3268,1,1,49,2,1,0
3269,1,1,36,5,1,0
3270,1,1,50,5,1,0
3271,0,1,49,5,1,0
3272,0,0,53,9,0,1
3273,0,1,49,3,1,0
3274,1,1,48,10,0,0
3275,0,1,34,7,1,1
3276,0,0,53,0,1,0
3277,0,0,48,0,1,1
3278,1,1,39,10,0,0
3279,1,1,53,10,0,0
3280,1,0,47,0,1,0
3281,1,1,50,5,1,0
3282,1,1,41,0,1,1
3283,0,1,53,0,1,1
3284,1,1,36,10,0,1
3285,0,0,45,0,1,1
3286,0,1,34,0,1,0
3287,1,0,44,0,1,0
3288,1,1,49,4,1,0
3289,1,1,32,10,0,0
3290,1,1,51,0,1,0
3291,1,1,34,9,0,1
3292,1,1,43,7,1,0
3293,0,1,39,10,0,0
3294,1,1,47,0,1,1
3295,0,1,56,10,0,0
3296,1,1,40,7,1,0
3297,1,1,54,8,0,0
3298,0,1,56,3,1,0
3299,1,1,42,5,1,0
3300,0,1,62,10,0,0
3301,0,0,45,0,1,0
3302,0,1,46,5,1,0
3303,1,1,31,5,1,0
3304,1,1,46,5,1,1
3305,0,1,58,5,1,1
3306,0,1,45,2,1,0
3307,0,1,54,10,0,0
3308,0,1,39,3,1,1
3309,1,0,44,8,0,0
3310,1,1,42,10,0,0
3311,1,1,49,0,1,1
3312,1,1,55,4,1,1
3313,1,1,47,0,1,0
3314,1,1,52,5,1,1
3315,0,0,49,0,1,1
3316,1,1,54,5,1,0
3317,0,0,47,0,1,0
3318,0,1,40,5,1,1
3319,0,1,46,8,1,1
3320,1,1,29,4,1,0
3321,1,1,34,9,0,1
3322,0,1,42,4,1,1
3323,1,1,48,8,0,0
3324,0,1,55,8,0,0
3325,0,1,39,3,1,0
3326,1,1,46,8,0,0
3327,1,1,52,10,0,0
3328,0,1,38,9,0,0
3329,0,1,48,2,1,1
3330,1,1,41,7,1,0
3331,0,1,55,4,1,1
3332,0,1,47,4,1,0
3333,1,1,47,9,0,1
3334,0,0,43,0,1,0
3335,1,1,36,10,0,0
3336,1,1,51,2,1,0
3337,1,1,43,3,1,0
3338,0,1,48,3,1,1
3339,1,1,36,7,1,0
3340,1,1,42,0,1,1
3341,0,0,40,0,1,1
3342,0,1,49,0,1,0
3343,1,1,51,3,1,0
3344,0,1,38,4,1,1
3345,0,1,38,0,1,0
3346,1,1,46,8,0,0
3347,1,1,49,8,0,0
3348,1,0,38,8,0,0
3349,1,1,46,0,1,1
3350,1,0,41,0,1,0
3351,1,1,44,0,1,1
3352,1,1,46,5,1,0
3353,0,1,43,10,0,0
3354,0,1,42,5,1,1
3355,0,1,29,3,1,0
3356,1,0,44,0,1,0
3357,0,1,47,5,1,0
3358,0,1,40,10,0,0
3359,1,1,45,8,1,1
3360,0,1,44,7,1,1
3361,0,1,54,10,0,0
3362,1,1,41,0,1,1
3363,0,1,38,2,1,0
3364,0,1,45,8,1,0
3365,0,1,36,0,1,1
3366,0,1,42,0,1,1
3367,1,1,42,5,1,0
3368,0,1,46,4,1,0
3369,0,1,45,3,1,0
3370,1,0,45,0,1,0
3371,0,1,43,0,1,0
3372,1,1,43,7,1,1
3373,0,1,41,3,1,0
3374,1,1,53,5,1,1
3375,0,1,46,0,1,1
3376,0,0,39,0,1,1
3377,0,0,35,8,0,0
3378,0,0,42,0,1,1
3379,0,1,45,9,0,0
3380,0,1,36,0,1,0
3381,0,1,47,5,1,0
3382,0,1,48,3,1,0
3383,0,1,32,2,1,1
3384,1,1,58,3,1,0
3385,0,1,41,10,0,1
3386,1,1,42,10,0,0
3387,0,1,39,8,1,0
3388,1,1,45,0,1,0
3389,0,1,38,4,1,0
3390,1,1,49,5,1,1
3391,1,1,43,9,0,0
3392,0,1,45,5,1,1
3393,0,1,47,3,1,0
3394,1,1,27,5,1,1
3395,1,1,51,0,1,0
3396,1,1,40,10,0,0
3397,1,1,48,10,0,0
3398,1,1,33,8,1,1
3399,0,1,30,4,1,0
3400,0,1,46,5,1,0
3401,0,1,42,0,1,1
3402,1,1,45,5,1,0
3403,0,1,49,7,1,0
3404,0,1,45,7,1,0
3405,1,1,45,10,0,0
3406,1,1,40,10,0,0
3407,0,1,49,7,1,1
3408,1,1,46,8,1,1
3409,0,0,39,8,0,0
3410,1,1,43,8,0,0
3411,1,0,54,7,1,0
3412,1,1,40,0,1,0
3413,1,1,61,5,1,1
3414,0,1,39,5,1,0
3415,1,0,46,8,0,0
3416,1,1,39,7,1,1
3417,1,1,48,8,0,0
3418,1,1,54,10,0,0
3419,1,1,51,0,1,1
3420,1,1,45,10,0,0
3421,1,0,33,8,0,0
3422,0,1,50,0,1,0
3423,0,1,35,0,1,0
3424,0,1,29,4,1,0
3425,0,1,37,10,0,0
3426,1,1,47,3,1,1
3427,0,1,52,4,1,1
3428,0,1,49,8,0,0
3429,0,1,51,8,0,0
3430,0,1,38,0,1,1
3431,1,1,45,8,0,0
3432,0,1,43,4,1,1
3433,1,1,44,0,1,1
3434,1,1,40,10,0,0
3435,0,1,51,10,0,1
3436,0,1,36,5,1,1
3437,1,1,46,5,1,0
3438,0,1,35,8,1,0
3439,0,1,54,0,1,0
3440,0,1,47,7,1,1
3441,1,1,41,0,1,1
3442,1,1,53,5,1,0
3443,1,1,33,3,1,0
3444,0,0,37,8,0,0
3445,1,0,50,8,0,0
3446,1,1,50,0,1,0
3447,1,1,42,9,0,0
3448,0,1,53,10,0,0
3449,1,1,46,8,0,0
3450,0,1,42,7,1,0
3451,0,1,44,10,0,0
3452,1,1,40,5,1,0
3453,0,1,52,4,1,0
3454,1,1,39,7,1,0
3455,0,1,35,5,1,1
3456,1,1,46,8,1,1
3457,0,1,56,0,1,1
3458,1,1,50,10,0,1
3459,1,1,44,9,0,0
3460,1,1,39,3,1,0
3461,1,1,43,2,1,1
3462,0,1,51,10,0,0
3463,1,1,60,7,1,0
3464,1,1,53,2,1,0
3465,0,1,43,10,0,0
3466,1,1,37,10,0,0
3467,1,0,48,0,1,0
3468,1,1,49,2,1,0
3469,1,1,53,4,1,0
3470,1,1,49,9,0,0
3471,0,1,36,3,1,0
3472,1,1,41,9,0,0
3473,1,1,45,8,0,0
3474,1,0,49,8,0,0
3475,1,1,47,7,1,0
3476,0,1,45,10,0,0
3477,0,0,47,0,1,0
3478,1,1,38,10,0,0
3479,1,1,55,10,0,0
3480,0,1,29,0,1,1
3481,1,1,45,10,0,0
3482,0,1,54,7,1,1
3483,0,1,43,7,1,0
3484,0,1,40,0,1,0
3485,1,1,52,7,1,0
3486,0,1,47,0,1,1
3487,0,1,48,3,1,1
3488,0,1,40,10,0,0
3489,1,1,35,10,0,0
3490,0,0,31,9,0,0
3491,0,1,50,0,1,0
3492,1,1,43,10,0,1
3493,1,1,29,10,0,0
3494,1,1,41,10,0,0
3495,1,1,51,5,1,0
3496,1,1,42,10,0,0
3497,1,1,49,0,1,0
3498,0,1,56,2,1,0
3499,1,1,44,7,1,0
3500,1,1,45,8,1,0
3501,0,1,48,3,1,1
3502,0,1,35,10,0,0
3503,1,1,49,10,0,0
3504,1,1,47,3,1,0
3505,1,1,41,10,0,0
3506,0,1,49,3,1,0
3507,0,0,51,0,1,0
3508,1,1,48,7,1,0
3509,1,1,37,3,1,0
3510,1,1,52,0,1,0
3511,1,1,41,7,1,0
3512,0,1,32,10,0,0
3513,0,1,35,2,1,0
3514,0,1,50,0,1,1
3515,1,1,44,3,1,0
3516,1,1,23,5,1,0
3517,0,1,40,0,1,0
3518,0,1,43,7,1,0
3519,1,1,42,7,1,1
3520,1,0,34,0,1,0
3521,0,1,44,5,1,0
3522,1,1,32,4,1,1
3523,0,1,47,3,1,0
3524,1,1,55,7,1,1
3525,1,1,36,10,0,1
3526,0,0,44,0,1,1
3527,1,1,34,2,1,1
3528,1,1,44,3,1,0
3529,1,1,52,5,1,1
3530,0,1,45,9,0,0
3531,1,0,43,8,0,0
3532,1,1,45,8,1,0
3533,1,1,49,7,1,0
3534,1,1,46,3,1,1
3535,1,1,44,3,1,1
3536,1,1,34,0,1,0
3537,0,1,41,3,1,1
3538,0,0,59,0,1,1
3539,1,1,41,5,1,1
3540,0,1,45,5,1,0
3541,0,0,57,3,1,0
3542,0,1,40,5,1,1
3543,1,1,34,3,1,0
3544,1,1,46,9,0,1
3545,0,1,43,4,1,0
3546,1,1,51,9,0,0
3547,1,1,45,8,1,0
3548,0,1,50,5,1,0
3549,1,1,43,10,0,0
3550,0,1,50,0,1,0
3551,1,1,37,8,0,0
3552,1,1,32,9,0,0
3553,1,1,45,0,1,0
3554,1,1,43,5,1,1
3555,0,1,38,5,1,1
3556,1,1,45,3,1,1
3557,0,1,37,10,0,0
3558,1,1,48,3,1,0
3559,0,0,45,0,1,0
3560,0,1,42,7,1,0
3561,1,1,47,9,0,0
3562,0,1,54,8,0,0
3563,0,1,51,5,1,0
3564,1,1,51,5,1,0
3565,0,1,61,9,0,0
3566,0,0,44,0,1,1
3567,0,1,42,7,1,0
3568,1,0,39,8,0,0
3569,0,0,48,0,1,0
3570,1,1,47,0,1,0
3571,0,1,46,5,1,0
3572,0,0,50,0,1,1
3573,1,1,49,3,1,0
3574,1,1,54,5,1,0
3575,1,1,49,10,0,0
3576,1,1,45,0,1,1
3577,0,1,35,5,1,1
3578,1,1,45,3,1,0
3579,0,0,46,0,1,1
3580,1,1,41,5,1,0
3581,1,1,55,5,1,0
3582,0,1,48,0,1,0
3583,0,0,46,8,0,0
3584,1,1,46,5,1,1
3585,1,1,32,5,1,0
3586,1,1,32,2,1,0
3587,0,1,50,7,1,0
3588,0,0,43,9,0,0
3589,0,1,46,10,0,0
3590,1,1,41,5,1,1
3591,0,0,36,0,1,0
3592,0,1,52,0,1,0
3593,0,1,53,7,1,0
3594,0,1,44,7,1,1
3595,0,1,39,10,0,0
3596,0,1,46,0,1,1
3597,1,1,57,2,1,0
3598,0,1,46,5,1,0
3599,1,1,40,3,1,0
3600,1,1,39,3,1,0
3601,0,1,43,4,1,0
3602,0,1,44,9,0,0
3603,1,1,42,2,1,0
3604,1,1,43,8,1,0
3605,1,1,40,8,0,0
3606,1,1,48,9,0,0
3607,0,1,32,10,0,0
3608,1,1,46,8,1,0
3609,0,1,48,0,1,0
3610,1,0,54,0,1,1
3611,0,1,53,5,1,0
3612,0,1,42,5,1,0
3613,0,0,49,5,0,0
3614,0,1,46,10,0,0
3615,0,1,47,7,1,1
3616,0,1,40,3,1,0
3617,0,1,58,8,0,0
3618,0,1,35,0,1,0
3619,1,0,51,0,1,1
3620,1,1,45,0,1,1
3621,1,1,44,2,1,0
3622,1,1,46,9,0,0
3623,0,1,44,5,1,0
3624,1,1,38,10,0,0
3625,1,1,47,10,0,0
3626,1,1,40,0,1,0
3627,0,1,56,9,0,0
3628,1,1,40,3,1,1
3629,1,0,37,8,0,0
3630,1,1,38,9,0,0
3631,0,1,44,0,1,1
3632,0,1,37,10,0,0
3633,1,1,47,0,1,1
3634,0,1,39,0,1,0
3635,0,1,49,5,1,1
3636,0,1,48,0,1,0
3637,1,0,49,8,0,0
3638,1,1,48,2,1,1
3639,0,1,53,8,0,0
3640,1,1,46,3,1,1
3641,0,1,45,0,1,1
3642,1,0,55,0,1,0
3643,1,1,46,2,1,1
3644,1,1,50,8,0,0
3645,0,0,42,0,1,0
3646,1,1,44,3,1,1
3647,0,1,51,0,1,0
3648,0,1,38,8,0,0
3649,1,1,39,0,1,1
3650,1,1,36,10,0,0
3651,1,1,29,5,1,0
3652,1,1,54,9,0,0
3653,0,1,44,10,0,0
3654,1,1,47,2,1,0
3655,0,0,40,9,0,0
3656,1,1,39,10,0,0
3657,1,0,39,0,1,0
3658,0,0,52,0,1,0
3659,1,1,40,10,0,1
3660,0,1,50,0,1,1
3661,0,1,40,10,0,0
3662,0,0,37,8,0,0
3663,1,1,36,3,1,1
3664,1,1,52,5,1,0
3665,0,1,47,10,0,0
3666,0,0,37,10,0,0
3667,0,1,40,7,1,1
3668,0,1,31,7,1,0
3669,0,0,43,8,0,0
3670,1,1,33,0,1,0
3671,1,1,28,8,0,0
3672,0,1,42,3,1,0
3673,1,1,41,0,1,0
3674,0,1,62,3,1,1
3675,1,1,34,0,1,0
3676,1,1,49,5,1,1
3677,1,0,49,0,1,0
3678,1,1,52,4,1,1
3679,0,0,39,0,1,0
3680,1,0,49,0,1,1
3681,0,0,50,0,1,1
3682,0,0,41,0,1,1
3683,1,1,39,5,1,1
3684,0,1,54,10,0,0
3685,1,1,53,7,1,0
3686,1,1,50,5,1,1
3687,0,1,50,8,0,0
3688,1,1,43,5,1,0
3689,1,0,47,2,1,1
3690,0,1,47,0,1,0
3691,1,1,42,5,1,0
3692,0,0,64,0,1,0
3693,0,1,38,10,0,0
3694,1,0,37,8,0,0
3695,1,1,44,3,1,1
3696,0,1,49,0,1,0
3697,0,1,44,4,1,0
3698,1,1,39,5,1,1
3699,0,1,32,5,1,0
3700,1,1,52,7,1,1
3701,1,1,32,2,1,0
3702,1,1,47,0,1,0
3703,0,1,49,10,0,0
3704,1,1,50,10,0,0
3705,1,1,47,5,1,0
3706,0,1,41,3,1,0
3707,1,1,48,5,1,0
3708,0,1,36,10,0,1
3709,1,1,44,5,1,0
3710,0,1,47,8,0,1
3711,1,1,38,3,1,0
3712,1,1,55,10,0,0
3713,0,1,48,5,1,0
3714,0,1,35,9,0,0
3715,1,1,49,0,1,0
3716,1,1,52,9,0,0
3717,1,0,49,8,0,1
3718,1,1,47,5,1,1
3719,0,0,47,0,1,1
3720,0,1,39,0,1,0
3721,0,0,52,0,1,0
3722,1,1,41,7,1,0
3723,0,1,48,5,1,0
3724,0,1,41,0,1,1
3725,0,1,37,10,0,0
3726,1,1,31,5,1,0
3727,1,1,53,5,1,0
3728,0,1,41,3,1,0
3729,1,1,49,9,0,0
3730,0,1,41,8,0,0
3731,0,0,36,0,1,0
3732,1,1,38,0,1,1
3733,0,1,42,2,1,1
3734,1,1,39,5,1,0
3735,0,1,49,0,1,1
3736,1,1,42,3,1,1
3737,0,1,36,5,1,0
3738,1,1,32,0,1,0
3739,0,1,44,5,1,0
3740,1,1,42,10,0,0
3741,1,1,45,9,0,0
3742,0,1,50,4,1,1
3743,1,1,47,0,1,1
3744,1,1,41,10,0,0
3745,1,1,41,3,1,0
3746,0,1,53,10,0,0
3747,0,1,55,9,0,0
3748,0,1,42,9,0,0
3749,0,1,41,0,1,1
3750,0,1,44,9,0,0
3751,0,1,38,0,1,0
3752,1,0,44,0,1,0
3753,1,1,52,10,0,0
3754,0,1,50,10,0,1
3755,1,1,47,10,0,0
3756,0,1,46,0,1,0
3757,0,1,36,7,1,1
3758,1,1,42,8,0,0
3759,0,1,40,7,1,0
3760,1,1,48,7,1,1
3761,1,1,33,0,1,0
3762,0,1,45,5,1,0
3763,0,1,35,0,1,0
3764,0,1,51,10,0,0
3765,1,1,43,5,1,0
3766,0,1,29,5,1,1
3767,0,1,49,0,1,1
3768,1,1,51,0,1,0
3769,1,0,48,0,1,0
3770,1,1,45,5,1,1
3771,0,1,45,0,1,0
3772,0,1,55,3,1,1
3773,1,1,54,10,0,0
3774,1,1,58,2,1,0
3775,0,0,58,0,1,0
3776,1,1,51,5,1,1
3777,0,1,53,0,1,0
3778,0,1,40,0,1,0
3779,0,0,38,0,1,0
3780,0,1,48,0,1,1
3781,1,1,51,10,0,1
3782,0,1,44,0,1,1
3783,1,1,42,3,1,1
3784,1,1,49,7,1,1
3785,1,1,40,0,1,1
3786,0,1,43,3,1,1
3787,0,1,37,5,1,1
3788,1,1,56,5,1,1
3789,0,1,45,7,1,0
3790,0,1,45,5,1,1
3791,0,1,45,10,0,0
3792,0,1,38,5,1,0
3793,0,1,50,5,1,1
3794,1,1,37,10,0,0
3795,1,1,46,10,0,0
3796,0,1,40,9,0,1
3797,1,1,47,0,1,1
3798,1,1,61,7,1,1
3799,0,1,41,2,1,0
3800,1,1,53,10,0,0
3801,1,1,40,0,1,0
3802,0,1,39,0,1,0
3803,0,1,40,10,0,0
3804,0,1,44,7,1,1
3805,0,0,33,5,0,0
3806,0,1,39,3,1,0
3807,0,0,38,0,1,1
3808,1,0,42,9,0,0
3809,0,1,31,5,1,0
3810,1,1,41,3,1,1
3811,0,1,48,5,1,0
3812,0,0,46,8,0,1
3813,1,1,47,5,1,0
3814,0,1,43,10,0,0
3815,1,1,51,3,1,0
3816,0,1,41,7,1,1
3817,1,1,44,0,1,0
3818,0,1,41,5,1,0
3819,0,1,44,9,0,0
3820,0,0,39,8,0,0
3821,0,1,47,0,1,0
3822,1,1,56,4,1,0
3823,1,0,41,0,1,0
3824,0,1,41,0,1,1
3825,1,1,43,3,1,1
3826,1,1,42,0,1,1
3827,1,1,44,7,1,1
3828,0,1,33,0,1,1
3829,0,1,38,7,0,0
3830,0,1,58,9,0,0
3831,0,1,47,10,0,0
3832,1,1,53,7,1,0
3833,0,1,38,7,1,0
3834,1,1,42,3,1,0
3835,1,1,44,3,1,1
3836,0,0,38,8,0,0
3837,1,0,40,0,1,1
3838,0,1,42,4,1,0
3839,0,1,37,8,1,0
3840,0,1,45,7,1,0
3841,0,0,38,8,0,0
3842,0,1,39,3,1,0
3843,0,1,47,0,1,0
3844,1,1,47,0,1,1
3845,1,1,39,2,1,1
3846,1,1,49,10,0,0
3847,0,1,45,8,0,0
3848,1,1,46,0,1,1
3849,0,1,37,10,0,0
3850,1,1,43,3,1,1
3851,1,1,48,5,1,0
3852,0,1,54,0,1,0
3853,1,1,50,3,1,0
3854,0,1,58,10,0,0
3855,0,1,31,2,1,0
3856,0,1,47,0,1,0
3857,1,1,53,4,1,0
3858,1,1,57,10,0,0
3859,1,1,48,3,1,0
3860,0,1,39,9,0,0
3861,0,1,51,5,1,0
3862,1,0,53,0,1,1
3863,1,1,38,7,1,1
3864,0,0,55,0,1,0
3865,1,1,43,5,1,0
3866,0,1,47,0,1,1
3867,1,1,62,5,1,0
3868,1,0,38,2,1,0
3869,1,1,49,8,0,0
3870,1,1,50,10,0,0
3871,0,1,34,5,1,0
3872,0,1,44,10,0,1
3873,0,1,48,10,0,0
3874,1,1,46,5,1,0
3875,1,1,46,0,1,0
3876,0,1,42,0,1,1
3877,0,1,38,2,1,0
3878,1,1,49,0,1,0
3879,1,1,43,5,1,0
3880,1,1,43,5,1,0
3881,0,1,61,4,1,0
3882,0,1,56,10,0,0
3883,0,1,34,7,1,0
3884,0,1,54,0,1,0
3885,0,1,44,9,0,0
3886,1,1,61,3,1,1
3887,1,1,46,7,1,0
3888,1,1,47,10,0,0
3889,0,1,50,7,1,0
3890,0,0,55,9,0,1
3891,0,0,39,0,1,0
3892,1,1,42,4,1,0
3893,1,0,40,0,1,1
3894,0,0,48,8,0,0
3895,1,1,49,7,1,0
3896,1,1,35,7,1,0
3897,1,0,50,0,1,0
3898,1,1,42,3,1,1
3899,1,1,40,0,1,0
3900,1,1,71,8,0,0
3901,0,1,45,8,0,0
3902,0,1,54,8,0,0
3903,1,1,42,0,1,0
3904,1,0,44,9,0,0
3905,0,1,47,3,1,0
3906,0,1,49,10,0,0
3907,1,1,39,9,0,1
3908,1,1,34,0,1,1
3909,1,1,39,10,0,0
3910,1,1,50,0,1,0
3911,0,0,39,0,1,1
3912,0,1,36,10,0,0
3913,0,1,49,5,1,0
3914,1,1,47,0,1,0
3915,0,1,48,3,1,1
3916,0,0,55,0,1,0
3917,1,1,57,2,1,1
3918,0,1,53,7,1,0
3919,0,1,54,9,0,0
3920,0,0,54,9,0,0
3921,0,1,39,2,1,0
3922,1,1,41,4,1,0
3923,1,1,57,7,1,0
3924,0,1,35,5,1,1
3925,0,0,45,0,1,1
3926,0,1,41,10,0,0
3927,1,1,51,0,1,1
3928,1,1,45,0,1,0
3929,0,1,46,9,0,0
3930,0,1,49,0,1,1
3931,1,0,46,0,1,0
3932,1,1,44,8,0,0
3933,0,1,23,2,1,0
3934,0,0,45,5,0,0
3935,0,1,48,3,1,0
3936,0,1,55,7,1,1
3937,1,1,36,5,1,1
3938,1,1,38,10,0,0
3939,0,1,36,5,1,0
3940,1,1,46,0,1,0
3941,1,1,47,7,1,1
3942,0,1,45,9,0,0
3943,1,1,56,10,0,0
3944,0,1,59,3,1,0
3945,1,1,30,0,1,0
3946,1,1,47,10,0,0
3947,1,0,46,8,0,0
3948,1,0,46,0,1,0
3949,1,1,47,0,1,0
3950,0,1,73,8,1,0
3951,0,1,40,10,0,0
3952,0,1,41,0,1,0
3953,1,1,41,7,1,0
3954,0,1,33,3,1,1
3955,1,1,40,2,1,0
3956,1,1,43,3,1,0
3957,1,1,52,5,1,0
3958,1,1,47,5,1,0
3959,1,1,47,8,1,0
3960,1,1,49,0,1,0
3961,1,1,40,0,1,0
3962,1,1,48,2,1,0
3963,1,1,51,7,1,1
3964,0,1,42,9,0,0
3965,0,1,48,5,1,1
3966,1,0,48,8,0,0
3967,0,1,44,9,0,0
3968,0,1,38,7,1,0
3969,0,0,47,0,1,0
3970,0,0,49,8,0,0
3971,0,1,41,4,1,0
3972,0,1,59,3,1,0
3973,0,0,38,0,1,1
3974,1,1,27,3,1,0
3975,1,1,33,0,1,1
3976,1,0,54,8,0,0
3977,1,1,47,5,1,0
3978,0,0,58,4,1,1
3979,1,1,50,3,1,0
3980,1,0,40,10,0,0
3981,0,1,51,5,1,0
3982,1,1,45,3,1,1
3983,0,1,52,2,1,0
3984,1,0,56,0,1,1
3985,1,0,37,8,0,0
3986,0,1,46,5,1,1
3987,1,1,27,4,1,0
3988,1,1,38,3,1,1
3989,0,1,40,9,0,1
3990,1,1,42,5,1,0
3991,1,1,18,7,1,1
3992,0,1,48,3,1,0
3993,0,1,43,2,1,1
3994,0,1,42,4,1,1
3995,0,1,49,5,1,0
3996,0,1,36,0,1,0
3997,0,1,47,0,1,0
3998,0,1,54,5,1,0
3999,1,1,36,8,0,0
4000,1,1,50,0,1,0
4001,0,1,58,10,0,0
4002,1,1,52,0,1,0
4003,1,1,48,8,0,0
4004,0,0,43,7,0,0
4005,1,1,46,0,1,1
4006,1,1,56,2,1,0
4007,1,1,47,0,1,0
4008,0,1,45,7,1,0
4009,1,1,46,5,1,0
4010,1,1,49,5,1,0
4011,1,1,49,9,0,1
4012,0,1,35,10,0,0
4013,0,0,38,0,1,0
4014,1,0,41,0,1,0
4015,1,1,43,2,1,0
4016,0,1,54,8,0,0
4017,1,1,47,7,1,0
4018,1,1,36,10,0,0
4019,0,1,48,8,1,0
4020,1,0,23,8,0,1
4021,0,1,49,5,1,0
4022,0,1,47,3,1,1
4023,1,1,47,5,1,0
4024,0,1,49,0,1,1
4025,1,1,53,3,1,0
4026,0,1,45,7,1,0
4027,1,1,42,8,1,0
4028,1,1,59,9,0,0
4029,1,1,26,3,1,1
4030,1,1,44,7,1,0
4031,1,1,44,2,1,1
4032,1,1,51,3,1,0
4033,1,1,47,4,1,0
4034,1,1,50,5,1,0
4035,0,1,33,4,1,0
4036,1,1,48,8,0,0
4037,0,1,32,10,0,0
4038,0,1,39,10,0,0
4039,1,1,48,9,0,0
4040,0,1,45,2,1,0
4041,1,1,43,4,1,0
4042,0,1,29,4,1,0
4043,1,1,38,10,0,0
4044,1,1,56,4,1,1
4045,0,1,49,4,1,1
4046,0,1,48,7,1,0
4047,1,1,42,4,1,0
4048,0,1,41,8,1,1
4049,1,1,62,5,1,1
4050,0,1,44,3,1,0
4051,1,1,46,2,1,0
4052,0,1,51,9,0,0
4053,0,1,50,10,0,0
4054,1,1,47,9,0,1
4055,1,1,42,10,0,0
4056,0,0,50,0,1,1
4057,1,1,39,3,1,1
4058,1,1,50,10,0,0
4059,0,1,42,10,0,0
4060,0,1,53,5,1,0
4061,1,0,48,3,1,0
4062,0,1,48,10,0,0
4063,0,1,43,8,0,0
4064,0,1,49,0,1,1
4065,1,1,35,10,0,1
4066,1,1,56,5,1,0
4067,1,1,45,0,1,1
4068,0,1,38,3,1,0
4069,0,1,35,5,1,0
4070,1,0,45,7,0,0
4071,0,1,37,0,1,1
4072,1,1,47,0,1,0
4073,0,1,48,8,1,0
4074,1,1,41,5,1,0
4075,1,1,51,0,1,1
4076,0,1,59,0,1,0
4077,1,1,46,5,1,0
4078,1,1,40,10,0,0
4079,0,0,40,8,0,0
4080,1,1,41,8,1,0
4081,1,0,40,0,1,0
4082,0,1,56,2,1,0
4083,0,0,38,8,0,0
4084,0,1,49,5,1,1
4085,1,0,51,0,1,0
4086,1,1,55,3,1,1
4087,1,1,49,3,1,0
4088,0,0,37,0,1,0
4089,1,1,53,0,1,1
4090,1,1,39,0,1,1
4091,0,1,56,0,1,0
4092,0,0,42,0,1,0
4093,1,1,48,0,1,1
4094,0,1,43,3,1,1
4095,1,0,45,0,1,0
4096,0,1,42,10,0,0
4097,1,1,41,0,1,0
4098,0,1,52,10,0,0
4099,0,1,56,8,1,1
4100,0,1,37,4,1,1
4101,0,1,34,3,1,0
4102,0,0,55,8,0,0
4103,0,0,51,3,1,0
4104,0,1,41,10,0,0
4105,0,1,49,0,1,1
4106,0,1,55,8,0,0
4107,1,1,39,10,0,1
4108,1,1,38,5,1,1
4109,0,1,54,0,1,0
4110,1,1,26,10,0,0
4111,1,1,47,10,0,0
4112,1,0,52,8,0,0
4113,0,1,48,10,0,0
4114,1,1,23,0,1,1
4115,0,1,42,7,1,0
4116,1,1,49,0,1,0
4117,1,1,54,0,1,1
4118,0,1,57,7,1,0
4119,1,1,55,10,0,0
4120,0,1,35,0,1,0
4121,1,1,42,7,1,0
4122,0,0,43,0,1,1
4123,1,1,54,8,0,1
4124,1,1,47,5,1,0
4125,0,1,51,9,0,0
4126,0,1,42,0,1,0
4127,1,1,42,5,1,1
4128,1,0,45,9,0,0
4129,1,1,42,0,1,0
4130,1,1,37,0,1,1
4131,0,1,42,7,1,1
4132,0,1,42,5,1,0
4133,1,0,49,3,1,0
4134,1,1,47,0,1,0
4135,0,1,60,9,0,0
4136,1,1,52,3,1,0
4137,0,1,52,0,1,0
4138,1,1,45,8,0,0
4139,1,1,51,4,1,0
4140,0,1,36,0,1,1
4141,1,1,25,4,1,0
4142,0,1,43,0,1,0
4143,0,1,58,10,0,0
4144,1,1,44,7,1,1
4145,1,1,46,3,1,0
4146,0,0,47,0,1,0
4147,1,0,48,0,1,1
4148,1,1,50,0,1,1
4149,0,1,52,0,1,0
4150,0,1,46,8,1,0
4151,1,1,46,3,1,0
4152,0,1,37,9,0,0
4153,1,1,49,7,1,1
4154,1,1,41,8,0,0
4155,1,1,51,3,1,0
4156,0,1,40,0,1,0
4157,0,1,50,7,1,0
4158,1,1,60,9,0,0
4159,1,0,50,2,1,0
4160,0,1,51,10,0,0
4161,0,1,54,10,0,0
4162,1,1,39,8,1,0
4163,0,1,35,0,1,0
4164,1,1,47,0,1,0
4165,0,1,46,4,1,0
4166,1,1,43,10,0,0
4167,1,1,42,3,1,0
4168,1,1,27,0,1,1
4169,0,1,51,10,0,0
4170,1,1,46,0,1,0
4171,1,1,44,10,0,0
4172,1,1,36,0,1,0
4173,0,1,34,8,1,0
4174,1,1,46,0,1,0
4175,1,1,63,3,1,1
4176,0,1,49,10,0,0
4177,0,1,38,4,1,0
4178,1,0,46,8,0,0
4179,1,1,42,8,0,0
4180,1,1,43,4,1,0
4181,0,1,40,10,0,0
4182,0,1,41,2,1,0
4183,0,1,50,7,1,0
4184,1,1,35,4,1,0
4185,0,1,39,5,1,0
4186,1,1,35,10,0,0
4187,0,1,58,5,1,0
4188,0,1,43,9,0,0
4189,1,1,40,4,1,0
4190,1,1,42,2,1,0
4191,0,1,36,9,0,0
4192,1,1,45,4,1,0
4193,1,1,43,0,1,0
4194,0,1,42,9,0,0
4195,0,0,44,0,1,0
4196,0,1,50,10,0,0
4197,1,1,53,3,1,0
4198,1,1,48,3,1,0
4199,0,1,47,10,0,0
4200,1,1,48,3,1,1
4201,1,1,53,10,0,1
4202,0,1,57,3,1,1
4203,0,1,60,8,1,0
4204,1,1,54,3,1,0
4205,0,1,49,10,0,0
4206,0,1,51,9,0,0
4207,0,1,39,3,1,0
4208,0,1,35,3,1,1
4209,1,1,46,0,1,1
4210,1,1,47,3,1,0
4211,0,1,47,10,0,0
4212,0,1,40,10,0,0
4213,0,0,53,0,1,0
4214,1,1,46,7,1,0
4215,0,1,51,10,0,0
4216,1,1,40,10,0,0
4217,1,1,47,0,1,0
4218,0,1,36,5,1,0
4219,1,1,44,0,1,0
4220,1,1,37,5,1,0
4221,1,1,42,0,1,1
4222,1,1,54,5,1,1
4223,0,1,34,3,1,1
4224,0,1,43,7,1,0
4225,0,0,43,0,1,0
4226,0,1,57,5,1,1
4227,0,1,41,4,1,0
4228,0,1,29,10,0,0
4229,0,1,43,8,1,1
4230,1,1,32,2,1,1
4231,0,1,46,3,1,0
4232,1,0,50,0,1,1
4233,1,0,45,7,0,0
4234,1,0,47,0,1,0
4235,1,1,40,2,1,0
4236,1,1,47,8,1,0
4237,0,1,36,10,0,0
4238,1,1,62,0,1,0
4239,1,1,51,2,1,0
4240,1,1,54,9,0,0
4241,0,1,45,5,1,1
4242,0,1,56,0,1,0
4243,0,1,46,7,1,0
4244,0,1,40,4,1,0
4245,1,1,46,0,1,0
4246,0,1,49,3,1,1
4247,0,1,31,3,1,0
4248,0,1,44,8,0,1
4249,1,0,41,5,0,0
4250,1,1,42,4,1,0
4251,0,1,57,0,1,0
4252,1,0,61,0,1,0
4253,1,1,33,5,1,0
4254,0,1,53,7,1,1
4255,1,1,49,3,1,0
4256,0,1,39,3,1,0
4257,0,1,30,5,1,1
4258,0,1,48,9,0,0
4259,0,1,49,10,0,0
4260,0,1,53,9,0,0
4261,0,1,39,9,0,0
4262,0,1,40,5,1,1
4263,0,1,55,5,1,0
4264,1,1,40,8,0,0
4265,1,1,48,10,0,0
4266,0,1,39,2,1,0
4267,0,0,45,0,1,0
4268,0,1,43,7,1,0
4269,0,1,43,8,1,1
4270,0,1,43,5,1,1
4271,0,1,40,5,1,0
4272,1,0,54,0,1,0
4273,0,1,44,3,1,0
4274,1,1,52,10,0,0
4275,0,1,45,0,1,0
4276,1,1,42,3,1,1
4277,1,1,52,4,1,0
4278,0,1,45,5,1,0
4279,0,1,43,10,0,0
4280,0,1,36,5,1,0
4281,0,1,46,3,1,1
4282,0,1,48,0,1,0
4283,1,1,40,10,0,1
4284,0,0,50,0,1,0
4285,0,1,60,9,0,0
4286,0,1,41,3,1,0
4287,1,1,46,9,0,0
4288,0,1,45,3,1,1
4289,1,1,46,9,0,1
4290,1,1,28,0,1,0
4291,0,1,40,10,0,0
4292,1,1,56,10,0,0
4293,1,0,51,9,0,0
4294,0,1,43,9,0,0
4295,0,0,43,8,0,1
4296,0,1,42,8,1,0
4297,1,1,40,10,0,0
4298,0,1,47,8,0,0
4299,0,1,45,0,1,0
4300,0,1,45,7,1,0
4301,0,1,45,8,0,0
4302,1,1,47,0,1,0
4303,0,1,47,3,1,0
4304,1,1,45,8,1,0
4305,1,1,45,0,1,0
4306,0,1,46,0,1,0
4307,1,1,50,10,0,0
4308,1,1,27,10,0,0
4309,1,1,56,4,1,1
4310,0,0,37,10,0,0
4311,0,1,49,7,1,0
4312,1,1,43,4,1,0
4313,1,1,48,5,1,1
4314,0,0,34,0,1,1
4315,1,1,32,4,1,0
4316,1,0,50,8,0,0
4317,0,1,55,0,1,0
4318,0,1,48,9,0,0
4319,1,1,37,0,1,1
4320,1,1,50,5,1,0
4321,1,1,45,5,1,1
4322,1,0,54,0,1,1
4323,0,1,43,3,1,0
4324,1,1,38,5,1,0
4325,0,1,45,10,0,0
4326,1,0,47,0,1,0
4327,0,0,41,10,0,0
4328,0,1,40,0,1,1
4329,0,1,39,7,1,1
4330,1,0,53,0,1,0
4331,1,1,47,3,1,1
4332,1,1,58,3,1,0
4333,1,1,39,10,0,1
4334,0,1,38,0,1,1
4335,1,1,40,0,1,1
4336,0,1,50,0,1,1
4337,1,1,58,10,0,0
4338,1,1,47,10,0,0
4339,0,1,38,3,1,0
4340,0,1,39,10,0,0
4341,1,1,49,3,1,1
4342,0,1,45,3,1,0
4343,0,1,49,5,1,0
4344,1,1,53,2,1,0
4345,0,0,48,0,1,0
4346,0,1,54,10,0,0
4347,1,1,62,5,1,0
4348,0,1,52,8,1,0
4349,0,0,27,8,0,0
4350,1,1,42,2,1,0
4351,1,1,52,3,1,0
4352,0,1,40,9,0,0
4353,0,1,43,2,1,0
4354,1,0,35,0,1,0
4355,0,1,42,5,1,1
4356,0,1,40,2,1,1
4357,1,1,44,10,0,0
4358,0,1,50,10,0,0
4359,1,1,55,10,0,0
4360,1,1,54,3,1,1
4361,0,1,61,9,0,0
4362,0,1,36,0,1,0
4363,0,1,37,4,1,1
4364,1,1,45,10,0,0
4365,0,1,49,5,1,1
4366,1,1,40,9,0,0
4367,1,1,43,10,0,0
4368,1,1,46,0,1,0
4369,1,0,43,0,1,1
4370,0,1,43,4,1,0
4371,1,1,41,10,0,0
4372,1,1,37,7,1,0
4373,1,1,48,8,0,1
4374,1,1,43,0,1,0
4375,0,0,46,0,1,0
4376,1,1,48,10,0,0
4377,1,1,40,5,1,1
4378,0,1,45,4,1,0
4379,1,0,48,5,1,0
4380,1,1,57,10,0,0
4381,0,1,44,5,1,0
4382,0,1,48,9,0,0
4383,0,1,35,10,0,0
4384,0,1,52,0,1,0
4385,0,1,52,5,1,1
4386,1,1,52,5,1,1
4387,0,1,46,3,1,0
4388,1,1,39,0,1,0
4389,0,1,45,10,0,0
4390,1,1,40,3,1,1
4391,0,1,41,10,0,0
4392,0,1,35,10,0,0
4393,1,0,51,0,1,1
4394,0,1,36,10,0,1
4395,0,1,43,5,1,0
4396,1,1,44,7,1,0
4397,0,1,46,10,0,0
4398,0,1,51,5,1,0
4399,1,1,40,0,1,0
4400,0,1,54,3,1,0
4401,0,1,43,7,1,0
4402,0,1,23,4,1,0
4403,0,1,47,4,1,1
4404,1,1,32,7,1,0
4405,1,1,36,4,1,0
4406,0,1,30,5,1,0
4407,1,1,51,5,1,0
4408,1,1,37,5,1,0
4409,1,1,40,2,1,1
4410,1,1,46,4,1,0
4411,0,0,59,0,1,0
4412,1,1,54,9,0,0
4413,0,1,53,10,0,0
4414,0,1,51,0,1,0
4415,1,1,51,0,1,0
4416,1,1,59,9,0,0
4417,1,1,39,4,1,0
4418,1,1,38,4,1,0
4419,1,1,41,0,1,1
4420,1,1,35,7,1,0
4421,1,1,47,5,1,0
4422,0,1,49,5,1,0
4423,0,0,41,8,0,0
4424,1,0,49,8,0,0
4425,1,1,33,5,1,0
4426,0,1,45,10,0,0
4427,1,0,59,0,1,1
4428,1,1,44,8,1,0
4429,0,1,43,9,0,0
4430,1,1,63,0,1,0
4431,0,1,55,10,0,0
4432,1,0,44,0,1,0
4433,1,1,49,10,0,0
4434,1,1,51,10,0,0
4435,0,1,50,5,1,1
4436,0,1,45,4,1,0
4437,1,0,42,8,0,0
4438,0,1,37,10,0,0
4439,0,1,36,10,0,0
4440,0,1,49,8,1,0
4441,0,1,57,4,1,0
4442,1,1,40,10,0,0
4443,1,1,41,4,1,0
4444,1,0,47,0,1,1
4445,0,1,49,7,1,1
4446,1,1,51,5,1,0
4447,0,1,50,7,1,1
4448,0,0,62,0,1,1
4449,0,1,41,9,0,0
4450,1,0,57,0,1,0
4451,0,1,43,0,1,0
4452,1,1,40,0,1,0
4453,1,1,51,0,1,1
4454,1,1,44,2,1,0
4455,1,1,40,0,1,0
4456,0,1,42,0,1,1
4457,0,1,39,9,0,0
4458,1,1,52,7,1,0
4459,1,0,42,0,1,0
4460,1,1,53,7,1,0
4461,1,1,66,2,1,0
4462,0,0,60,0,1,0
4463,1,0,46,5,1,0
4464,0,1,37,7,1,0
4465,0,1,55,10,0,0
4466,1,1,52,10,0,1
4467,0,1,43,5,1,0
4468,0,1,37,10,0,0
4469,0,1,47,7,1,1
4470,0,1,34,0,1,0
4471,0,1,42,10,0,0
4472,0,1,43,3,1,1
4473,1,1,49,9,0,0
4474,1,1,44,8,0,0
4475,1,1,44,5,1,0
4476,0,0,44,0,1,1
4477,0,1,56,10,0,0
4478,1,1,45,0,1,0
4479,0,0,50,9,0,0
4480,1,1,30,0,1,0
4481,1,1,48,10,0,0
4482,1,1,41,10,0,1
4483,0,1,43,7,1,1
4484,0,1,40,7,1,1
4485,1,1,49,4,1,0
4486,0,1,38,0,1,0
4487,1,1,48,4,1,0
4488,0,1,46,10,0,0
4489,0,1,49,10,0,0
4490,1,1,45,3,1,0
4491,1,1,38,9,0,0
4492,1,1,44,10,0,0
4493,0,1,36,7,1,1
4494,1,1,44,0,1,0
4495,0,1,52,10,0,0
4496,0,1,44,7,1,1
4497,1,0,40,0,1,0
4498,1,1,43,2,1,0
4499,0,1,46,0,1,0
4500,1,1,48,10,0,0
4501,0,0,43,0,1,1
4502,0,1,50,10,0,1
4503,1,1,35,3,1,0
4504,1,0,47,0,1,0
4505,0,1,46,0,1,0
4506,0,1,44,9,0,0
4507,1,1,58,10,0,0
4508,1,1,34,5,1,0
4509,0,1,31,10,0,0
4510,1,0,42,0,1,0
4511,0,1,49,10,0,0
4512,1,1,38,0,1,1
4513,0,1,43,3,1,0
4514,0,1,29,5,1,0
4515,1,1,38,5,1,0
4516,0,1,57,4,1,0
4517,1,1,45,5,1,0
4518,0,1,45,2,1,0
4519,1,1,48,3,1,0
4520,0,1,58,0,1,0
4521,0,1,42,0,1,1
4522,1,1,41,4,1,0
4523,1,1,51,7,1,0
4524,0,1,49,10,0,0
4525,1,1,41,0,1,0
4526,1,1,42,5,1,1
4527,1,1,48,0,1,0
4528,1,1,37,7,1,0
4529,0,1,52,0,1,0
4530,1,1,48,8,1,1
4531,0,1,40,10,0,0
4532,0,1,33,5,1,1
4533,0,1,50,7,1,0
4534,0,1,46,7,1,0
4535,0,1,41,3,1,1
4536,0,1,45,5,1,0
4537,0,1,45,10,0,1
4538,1,1,42,3,1,0
4539,1,1,43,10,0,1
4540,0,1,41,4,1,0
4541,1,1,47,0,1,1
4542,0,1,45,10,0,1
4543,0,1,41,5,1,0
4544,1,1,36,2,1,0
4545,1,1,62,5,1,0
4546,0,1,40,8,1,1
4547,1,1,47,7,1,0
4548,1,0,43,0,1,1
4549,1,0,53,5,1,0
4550,1,0,54,0,1,0
4551,0,1,55,8,0,0
4552,1,1,47,10,0,0
4553,1,0,42,8,0,0
4554,1,1,48,8,0,1
4555,1,1,45,5,1,1
4556,1,1,37,4,1,0
4557,1,1,44,9,0,0
4558,0,1,52,8,0,0
4559,0,1,53,0,1,0
4560,0,1,42,10,0,0
4561,1,1,47,5,1,1
4562,0,1,42,5,1,0
4563,0,1,38,8,0,0
4564,1,1,40,0,1,0
4565,1,1,47,2,1,0
4566,0,0,48,9,0,0
4567,1,1,37,3,1,0
4568,1,1,45,0,1,1
4569,1,1,48,2,1,1
4570,1,1,38,5,1,1
4571,1,1,49,8,0,0
4572,0,1,54,7,1,0
4573,0,0,42,0,1,0
4574,1,1,50,0,1,0
4575,1,1,48,0,1,1
4576,1,0,47,0,1,0
4577,0,0,35,3,1,1
4578,1,1,49,10,0,0
4579,0,1,46,8,0,1
4580,1,1,49,10,0,0
4581,0,1,34,3,1,0
4582,0,0,51,0,1,0
4583,1,1,43,10,0,0
4584,1,1,38,7,1,1
4585,0,1,24,0,1,1
4586,0,1,43,5,1,0
4587,1,1,61,8,0,0
4588,1,1,42,0,1,1
4589,1,1,35,10,0,0
4590,0,1,45,5,1,0
4591,0,1,39,4,1,0
4592,0,1,44,4,1,1
4593,0,1,45,5,1,0
4594,0,1,49,9,0,0
4595,0,1,50,9,0,0
4596,1,1,53,8,0,1
4597,1,1,43,3,1,0
4598,1,1,50,5,1,0
4599,0,1,34,5,1,0
4600,1,0,38,0,1,0
4601,1,1,56,4,1,1
4602,0,1,47,5,1,0
4603,1,1,35,5,1,0
4604,0,1,38,10,0,0
4605,1,1,51,2,1,0
4606,1,1,30,4,1,0
4607,1,1,55,5,1,1
4608,1,1,45,7,1,0
4609,1,1,42,10,0,1
4610,1,1,53,0,1,0
4611,1,1,43,0,1,1
4612,1,1,32,7,1,0
4613,0,1,43,8,0,0
4614,1,1,45,7,1,1
4615,0,1,51,5,1,0
4616,0,1,42,0,1,1
4617,1,1,33,2,1,0
4618,1,0,42,0,1,1
4619,1,1,41,7,1,0
4620,0,1,45,10,0,1
4621,0,1,44,10,0,0
4622,1,1,49,5,1,1
4623,1,1,38,5,1,1
4624,0,1,46,8,0,0
4625,0,1,44,3,1,0
4626,0,1,58,0,1,1
4627,0,1,47,0,1,1
4628,0,1,44,10,0,1
4629,1,1,39,10,0,0
4630,0,0,49,3,1,0
4631,1,1,41,8,0,0
4632,1,1,43,9,0,0
4633,1,1,58,9,0,0
4634,0,1,48,7,1,0
4635,0,0,38,0,1,0
4636,0,1,53,7,1,0
4637,0,1,48,5,1,0
4638,0,1,42,0,1,0
4639,0,1,38,0,1,0
4640,1,1,51,0,1,0
4641,1,1,50,0,1,1
4642,1,1,40,5,1,0
4643,1,1,33,0,1,1
4644,0,1,45,0,1,0
4645,0,1,39,5,1,1
4646,1,1,40,0,1,1
4647,0,1,43,10,0,0
4648,0,1,43,5,1,0
4649,0,1,37,4,1,1
4650,1,1,55,7,1,0
4651,1,1,40,8,0,0
4652,1,1,51,10,0,0
4653,0,1,47,9,0,0
4654,1,0,55,8,0,0
4655,1,1,53,4,1,1
4656,0,1,41,5,1,1
4657,1,1,47,10,0,0
4658,1,1,45,9,0,0
4659,1,1,43,2,1,0
4660,0,1,39,10,0,0
4661,0,1,39,9,0,0
4662,1,1,37,8,1,0
4663,0,1,39,10,0,0
4664,0,0,39,9,0,0
4665,0,1,55,7,1,0
4666,1,1,42,3,1,1
4667,0,1,41,0,1,0
4668,0,0,59,0,1,0
4669,0,0,38,3,1,0
4670,1,0,55,0,1,1
4671,0,1,36,0,1,1
4672,1,1,40,5,1,1
4673,0,1,49,5,1,0
4674,1,1,40,10,0,0
4675,0,0,44,0,1,0
4676,1,1,40,3,1,0
4677,0,1,37,0,1,0
4678,1,1,54,5,1,1
4679,1,1,44,0,1,1
4680,0,1,52,9,0,0
4681,1,1,46,8,0,1
4682,0,0,42,0,1,0
4683,1,1,40,0,1,1
4684,0,1,50,5,1,1
4685,1,1,48,5,1,1
4686,1,1,53,4,1,1
4687,0,1,53,10,0,0
4688,0,0,54,0,1,0
4689,1,1,35,0,1,0
4690,0,1,34,5,1,0
4691,0,1,44,8,0,0
4692,1,1,50,9,0,0
4693,0,1,62,0,1,0
4694,1,1,50,9,0,0
4695,1,0,47,0,1,1
4696,1,0,51,0,1,1
4697,1,0,41,0,1,1
4698,1,1,45,0,1,1
4699,0,1,51,10,0,0
4700,1,1,51,9,0,0
4701,1,1,42,3,1,0
4702,0,1,53,8,1,0
4703,0,1,50,4,1,0
4704,0,1,56,5,1,0
4705,0,1,45,7,1,0
4706,1,1,47,5,1,0
4707,0,1,57,5,1,0
4708,0,1,48,9,0,0
4709,1,1,37,3,1,1
4710,0,0,43,0,1,0
4711,0,1,52,3,1,0
4712,0,1,57,9,0,0
4713,0,1,43,5,1,0
4714,1,1,50,5,1,0
4715,0,0,37,0,1,0
4716,1,1,45,9,0,0
4717,0,1,44,10,0,0
4718,1,1,43,0,1,0
4719,0,1,37,0,1,1
4720,1,0,45,0,1,0
4721,1,1,45,2,1,0
4722,1,1,55,2,1,0
4723,0,1,54,4,1,0
4724,0,0,45,8,0,0
4725,0,1,57,10,0,0
4726,0,1,58,0,1,1
4727,0,1,50,0,1,0
4728,0,1,56,5,1,0
4729,1,1,36,0,1,0
4730,1,1,46,5,1,1
4731,1,1,43,3,1,0
4732,1,1,44,0,1,0
4733,0,1,46,3,1,0
4734,1,1,48,10,0,1
4735,0,1,47,10,0,1
4736,0,1,56,9,0,0
4737,1,1,41,5,1,1
4738,1,1,49,10,0,0
4739,0,1,35,4,1,0
4740,1,1,46,2,1,1
4741,0,1,59,9,0,0
4742,0,1,32,7,1,0
4743,1,1,46,8,0,0
4744,0,1,44,9,0,0
4745,0,1,46,10,0,1
4746,1,0,39,0,1,0
4747,1,0,47,0,1,0
4748,1,1,42,0,1,0
4749,1,1,43,3,1,0
4750,1,1,40,5,1,0
4751,0,0,30,2,1,1
4752,1,1,34,7,1,0
4753,0,1,52,8,0,0
4754,0,1,55,4,1,0
4755,0,0,38,0,1,0
4756,0,1,45,0,1,0
4757,1,1,48,9,0,0
4758,1,1,46,10,0,1
4759,0,1,47,5,1,1
4760,1,1,51,8,1,0
4761,0,1,43,8,0,0
4762,1,0,53,0,1,1
4763,1,1,55,10,0,0
4764,1,1,38,5,1,0
4765,1,0,31,0,1,0
4766,1,1,42,2,1,1
4767,0,1,48,4,1,0
4768,0,1,43,0,1,0
4769,1,1,44,0,1,0
4770,1,1,52,3,1,0
4771,1,1,52,8,0,0
4772,1,1,49,5,1,0
4773,0,1,40,0,1,0
4774,1,1,47,3,1,0
4775,0,1,44,3,1,0
4776,1,1,46,10,0,0
4777,0,1,43,5,1,0
4778,1,1,63,10,0,0
4779,1,1,42,0,1,1
4780,1,1,43,8,1,1
4781,1,1,54,5,1,0
4782,0,1,63,5,1,0
4783,1,1,37,9,0,1
4784,1,1,29,5,1,0
4785,1,0,53,0,1,0
4786,1,1,48,3,1,1
4787,1,1,49,0,1,1
4788,0,1,48,4,1,0
4789,1,1,51,0,1,1
4790,0,0,43,0,1,1
4791,1,1,42,7,1,1
4792,0,1,59,8,0,0
4793,0,1,35,2,1,0
4794,0,1,45,7,1,0
4795,1,1,36,10,0,0
4796,1,1,46,10,0,0
4797,1,1,47,3,1,1
4798,1,1,53,7,1,1
4799,1,1,44,0,1,0
4800,0,1,59,9,0,0
4801,0,1,40,10,0,0
4802,1,0,53,0,1,0
4803,1,1,40,10,0,0
4804,0,1,55,5,1,0
4805,0,1,40,0,1,0
4806,0,1,40,8,0,0
4807,1,1,47,3,1,0
4808,1,0,41,2,1,0
4809,1,1,57,9,0,0
4810,1,0,43,0,1,0
4811,0,1,45,10,0,0
4812,0,1,32,0,1,1
4813,0,1,45,2,1,0
4814,1,1,47,3,1,0
4815,0,1,50,5,1,0
4816,0,1,55,5,1,1
4817,1,1,50,3,1,0
4818,1,1,45,10,0,0
4819,0,1,26,5,1,1
4820,0,1,45,10,0,0
4821,0,0,42,0,1,1
4822,1,1,43,3,1,0
4823,0,1,47,3,1,0
4824,1,0,41,0,1,0
4825,1,1,50,8,1,1
4826,1,1,41,7,1,0
4827,1,1,40,0,1,0
4828,0,1,53,5,1,0
4829,1,1,42,9,0,0
4830,0,1,31,5,1,0
4831,0,1,40,3,1,1
4832,1,1,45,10,0,0
4833,1,0,38,0,1,1
4834,1,1,51,0,1,0
4835,0,1,41,0,1,1
4836,0,1,41,0,1,1
4837,1,1,53,5,1,0
4838,1,1,42,5,1,0
4839,1,1,36,2,1,0
4840,0,1,42,10,0,0
4841,1,0,41,0,1,0
4842,1,1,41,7,1,0
4843,1,1,40,0,1,1
4844,1,0,49,7,0,0
4845,0,1,46,8,1,1
4846,0,1,41,5,1,1
4847,0,1,50,10,0,0
4848,1,1,53,3,1,1
4849,0,1,55,5,1,0
4850,1,1,46,4,1,0
4851,0,1,48,3,1,1
4852,0,1,46,9,0,0
4853,1,1,32,9,0,0
4854,1,1,29,3,1,0
4855,1,0,50,8,0,0
4856,0,1,58,7,1,0
4857,1,0,51,3,1,0
4858,1,1,52,0,1,0
4859,1,1,52,2,1,1
4860,0,0,36,9,0,0
4861,0,0,47,3,1,0
4862,1,1,51,9,0,0
4863,1,1,54,0,1,0
4864,1,1,44,4,1,1
4865,0,1,45,10,0,0
4866,0,1,61,5,1,0
4867,1,1,51,3,1,1
4868,0,0,63,0,1,0
4869,0,1,45,10,0,0
4870,1,1,55,10,0,0
4871,0,1,55,10,0,0
4872,1,1,50,5,1,0
4873,1,1,59,10,0,0
4874,0,1,43,9,0,0
4875,1,1,47,5,1,0
4876,1,1,39,0,1,0
4877,1,0,42,0,1,1
4878,0,1,28,10,0,0
4879,0,1,53,0,1,0
4880,0,0,40,0,1,1
4881,0,1,43,2,1,0
4882,1,0,57,0,1,0
4883,0,1,34,8,0,0
4884,1,1,46,7,1,1
4885,0,0,49,0,1,1
4886,0,1,58,8,0,0
4887,0,1,46,3,1,0
4888,1,1,42,9,0,0
4889,1,1,50,5,1,0
4890,0,1,46,0,1,0
4891,1,1,51,8,0,1
4892,0,1,51,4,1,0
4893,1,0,50,0,1,1
4894,1,1,47,3,1,0
4895,0,1,38,10,0,0
4896,1,0,37,0,1,0
4897,1,1,53,9,0,1
4898,0,0,56,5,0,0
4899,0,1,41,7,1,1
4900,0,1,45,7,1,1
4901,0,1,49,3,1,1
4902,0,1,43,5,1,0
4903,0,1,44,0,1,0
4904,1,0,55,0,1,1
4905,1,1,39,5,1,0
4906,0,1,41,10,0,0
4907,0,1,36,4,1,0
4908,1,1,41,3,1,1
4909,1,1,45,8,1,0
4910,0,1,56,10,0,0
4911,1,0,41,0,1,0
4912,0,0,43,0,1,1
4913,0,1,50,0,1,1
4914,1,1,39,3,1,0
4915,1,1,57,3,1,0
4916,0,1,44,9,0,1
4917,0,1,37,7,1,1
4918,0,1,35,0,1,1
4919,0,1,44,5,1,0
4920,1,0,47,8,0,0
4921,0,1,46,3,1,0
4922,1,1,42,5,1,1
4923,0,0,46,0,1,1
4924,1,1,45,9,0,0
4925,1,1,37,5,1,0
4926,1,1,51,10,0,0
4927,1,1,56,10,0,0
4928,0,1,40,9,0,0
4929,1,1,41,7,1,0
4930,1,1,48,7,1,0
4931,1,1,55,10,0,0
4932,0,1,51,9,0,0
4933,0,1,48,10,0,0
4934,0,1,42,3,1,0
4935,0,1,32,0,1,0
4936,1,1,44,7,1,1
4937,0,0,50,7,0,1
4938,1,1,43,9,0,0
4939,0,1,44,0,1,0
4940,0,1,56,10,0,1
4941,1,0,48,8,0,0
4942,0,1,43,5,1,1
4943,0,1,49,10,0,0
4944,1,0,41,0,1,1
4945,1,1,47,10,0,0
4946,0,1,42,0,1,0
4947,0,1,53,5,1,0
4948,1,1,41,8,0,0
4949,0,0,35,0,1,0
4950,1,1,55,2,1,0
4951,0,1,43,3,1,0
4952,0,1,45,10,0,0
4953,1,1,45,4,1,0
4954,1,1,41,10,0,0
4955,0,1,50,8,0,1
4956,0,1,53,0,1,0
4957,1,1,46,3,1,0
4958,1,0,42,0,1,1
4959,0,1,58,8,0,0
4960,1,1,41,0,1,1
4961,0,1,46,5,1,0
4962,1,1,47,0,1,0
4963,1,1,61,3,1,0
4964,0,0,41,0,1,1
4965,1,1,46,7,1,1
4966,1,1,51,8,1,0
4967,1,1,48,10,0,0
4968,0,1,46,10,0,0
4969,1,0,36,0,1,1
4970,1,1,37,10,0,0
4971,1,1,30,0,1,1
4972,1,1,46,0,1,1
4973,0,1,44,4,1,0
4974,0,1,38,0,1,0
4975,1,1,46,7,1,0
4976,0,1,51,2,1,0
4977,1,1,48,5,1,0
4978,1,1,40,0,1,1
4979,1,1,51,0,1,0
4980,1,1,42,0,1,0
4981,1,1,38,3,1,0
4982,0,1,44,3,1,1
4983,0,1,55,3,1,0
4984,0,1,51,10,0,1
4985,1,1,41,0,1,0
4986,0,1,43,8,0,0
4987,1,1,44,10,0,0
4988,0,1,52,0,1,1
4989,0,1,50,10,0,0
4990,1,1,37,3,1,0
4991,1,0,50,0,1,0
4992,0,1,50,8,0,1
4993,1,1,47,3,1,1
4994,1,1,41,0,1,0
4995,1,1,45,10,0,0
4996,0,1,50,0,1,1
4997,0,1,47,9,0,0
4998,0,1,37,5,1,1
4999,1,1,35,5,1,0
5000,1,1,49,4,1,0
