userFollowerCount,userFollowingCount,userBiographyLength,userMediaCount,userHasProfilPic,userIsPrivate,usernameDigitCount,usernameLength,swipe,sticker,Nstories,Nviews,Nclicks
258,238,0,0,1,0,0,10,0,1,8,300,101
263,482,30,29,1,1,0,8,1,0,20,774,241
51,78,9,0,1,1,0,10,0,1,2,256,63
297,480,22,25,1,1,2,9,1,0,26,1038,301
113,242,0,95,1,1,0,10,1,0,10,398,146
545,995,26,340,1,1,0,8,0,1,3,333,86
52,121,0,30,1,1,0,9,1,0,3,146,46
1038,6640,0,156,1,0,0,12,1,0,92,9882,4951
172,227,51,10,1,0,0,10,1,0,9,459,149
101,114,14,4,1,1,0,15,0,1,5,129,51
250,247,31,4,1,0,0,7,1,0,23,795,236
413,677,0,38,1,1,0,15,0,1,19,925,267
172,187,1,7,1,1,0,10,1,0,11,212,59
337,455,0,2,1,1,0,14,1,0,19,885,254
114,155,29,8,1,1,2,12,0,1,2,244,80
174,165,0,76,1,1,1,9,1,0,15,481,157
372,362,36,13,1,1,0,7,0,1,9,586,201
338,330,41,17,1,0,0,12,0,1,2,385,119
2207,593,47,198,1,0,0,15,0,1,73,16361,8170
449,410,19,19,1,1,0,8,1,0,42,2054,628
594,863,105,276,1,1,0,9,1,0,52,3245,984
679,764,23,39,1,1,0,11,1,0,47,3408,1019
569,539,41,95,1,1,0,11,1,0,36,2309,674
540,543,0,73,1,1,0,12,1,0,53,2988,905
441,368,25,30,1,1,0,8,1,0,29,1490,460
570,455,37,120,1,1,0,10,1,0,40,2606,778
368,1114,16,69,1,0,0,8,1,0,20,955,292
634,648,59,21,1,0,0,9,1,0,38,2569,767
687,539,18,78,1,0,0,9,0,1,20,1576,480
579,413,36,221,1,0,0,11,0,1,9,862,257
752,726,0,312,1,1,0,12,1,0,72,5699,1705
861,686,0,323,1,0,0,9,1,0,77,6983,2096
535,368,122,49,1,1,0,18,1,0,37,2223,663
1872,1806,39,374,1,1,0,11,1,0,149,28163,14074
257,149,33,39,1,0,0,7,0,1,1,199,55
3140,496,63,807,1,1,0,5,0,1,150,47390,23694
491,745,0,373,1,1,3,16,1,0,37,1996,601
434,528,23,93,1,1,0,9,0,1,10,521,174
1073,837,0,49,1,1,0,14,0,1,34,3890,1928
1532,1431,57,313,1,1,0,11,0,1,36,5939,2967
737,875,87,53,1,0,0,10,0,1,11,1120,343
335,353,26,2,1,1,0,14,0,1,14,815,265
399,364,47,9,1,1,0,16,0,1,17,944,288
310,330,0,0,1,1,1,5,0,1,12,541,162
392,379,21,8,1,0,0,13,0,1,6,444,129
163,186,0,0,1,1,0,8,0,1,3,251,80
642,707,8,10,1,1,0,12,0,1,15,1146,355
594,800,28,21,1,1,0,12,0,1,28,1963,586
295,302,11,2,1,1,0,11,0,1,8,346,105
377,539,76,40,1,0,0,11,1,0,32,1523,459
345,393,0,2,1,1,0,8,0,1,2,385,124
667,660,0,20,1,1,0,7,0,1,30,2111,646
347,610,44,14,1,1,2,14,1,0,27,1230,372
340,378,27,9,1,1,0,12,0,1,5,643,191
1136,976,110,188,1,1,0,10,1,0,64,7444,3738
206,201,10,16,1,1,0,9,0,1,5,417,127
873,913,66,52,1,1,1,15,0,1,12,1199,378
289,224,59,10,1,1,0,16,1,0,22,976,292
510,594,0,25,1,1,0,11,1,0,45,2549,772
804,648,2,29,1,1,0,13,0,1,30,2807,823
542,531,41,78,1,1,0,14,1,0,36,2035,609
516,555,57,39,1,1,0,12,0,1,5,482,144
472,431,32,59,1,1,0,9,0,1,18,1026,298
138,124,10,2,1,1,0,13,0,1,4,265,67
201,317,79,14,1,1,0,8,1,0,16,488,157
234,242,4,11,1,1,0,11,0,1,11,404,132
302,306,27,37,1,1,0,11,1,0,24,1012,288
586,779,0,88,1,0,0,9,1,0,47,2875,867
260,410,0,3,1,1,0,7,1,0,20,898,256
377,508,0,25,1,1,0,10,0,1,17,752,212
561,508,45,114,1,0,0,9,1,0,42,2596,785
720,643,16,93,1,1,0,13,1,0,45,3523,1048
413,677,0,38,1,1,0,15,1,0,29,1486,457
415,416,67,45,1,1,0,9,0,1,1,241,72
247,289,35,70,1,1,0,14,0,1,12,534,166
321,391,0,1,1,1,0,12,0,1,7,550,158
847,652,6,83,1,0,0,7,0,1,32,2794,824
312,323,22,12,1,1,0,7,1,0,19,744,234
535,426,13,60,1,0,0,12,0,1,19,1278,386
323,326,28,8,1,1,0,9,0,1,4,314,91
521,1282,0,156,1,1,0,13,0,1,13,1044,314
258,286,24,5,1,1,0,9,1,0,17,735,236
306,329,128,11,1,1,0,9,0,1,13,635,182
256,307,6,12,1,1,0,11,1,0,20,591,168
346,303,14,16,1,0,0,11,0,1,4,371,103
300,267,15,22,1,0,0,10,0,1,13,588,157
230,230,8,2,1,1,0,12,1,0,22,725,227
516,538,10,20,1,1,0,14,1,0,46,2485,747
257,254,76,26,1,1,0,7,1,0,22,845,255
334,411,40,21,1,0,0,16,0,1,6,326,97
195,396,27,31,1,1,0,14,0,1,3,265,73
740,940,53,483,1,1,0,9,1,0,48,3820,1136
340,343,0,8,1,1,0,11,0,1,12,559,177
404,461,0,1,1,0,0,15,1,0,26,1338,384
197,320,0,9,1,1,0,10,0,1,6,216,70
474,410,74,33,1,1,0,14,0,1,9,375,102
213,153,19,209,1,1,0,8,1,0,16,617,188
936,706,35,61,1,1,1,16,0,1,9,1156,337
207,196,0,7,1,1,0,11,0,1,10,408,116
77,92,0,0,1,1,0,10,1,0,4,311,114
453,528,24,75,1,1,0,15,1,0,27,1337,409
293,339,12,92,1,1,0,10,0,1,10,510,127
473,497,8,16,1,1,0,12,0,1,23,1123,338
379,436,7,56,1,1,0,12,1,0,36,1712,508
642,776,85,236,1,1,4,15,0,1,31,2406,708
350,393,26,19,1,1,0,8,1,0,31,1422,429
167,184,33,10,1,1,2,10,1,0,15,477,144
301,444,81,60,1,1,0,6,1,0,18,768,226
536,504,74,134,1,1,0,15,0,1,22,1257,400
374,311,0,23,1,1,0,10,0,1,6,533,132
342,343,50,56,1,1,2,6,1,0,32,1303,400
673,587,41,11,1,1,0,11,0,1,20,1510,449
426,486,60,110,1,0,0,12,0,1,3,216,72
593,923,13,34,1,1,0,9,1,0,56,3520,1050
313,280,0,13,1,0,0,15,1,0,22,833,242
292,447,0,47,1,1,0,10,0,1,5,336,80
95,106,0,0,1,1,0,7,1,0,5,155,43
186,217,14,5,1,0,0,12,1,0,17,714,243
275,602,43,25,1,1,0,8,1,0,16,668,212
96,174,0,1,0,1,0,15,0,1,4,375,132
322,1496,0,53,0,1,4,10,1,0,21,646,204
371,376,0,3,1,1,0,6,0,1,12,629,202
153,180,17,6,1,1,0,11,0,1,5,238,82
585,576,0,43,1,1,0,12,0,1,13,868,266
486,578,0,3,1,0,4,17,0,1,18,1259,370
402,524,3,79,1,1,0,8,1,0,39,1656,490
527,527,25,10,1,1,4,10,0,1,8,683,185
237,283,0,0,1,1,0,10,0,1,3,385,115
321,330,32,8,1,1,0,6,0,1,5,408,133
274,267,19,3,1,1,0,10,1,0,19,663,211
262,522,0,11,1,0,2,11,1,0,16,743,224
109,115,0,0,1,1,0,18,1,0,9,345,96
425,477,4,137,1,1,0,11,1,0,28,1313,433
36,315,10,0,1,0,0,11,1,0,2,98,38
1206,962,0,141,1,1,0,11,1,0,63,8036,4035
156,199,42,2,1,0,0,11,1,0,10,318,91
284,361,45,41,1,1,0,19,1,0,23,697,208
225,446,0,53,1,0,0,11,1,0,17,665,204
346,390,14,8,1,1,0,9,1,0,33,1402,440
339,378,61,1,1,1,0,15,0,1,15,603,177
760,577,20,15,1,0,0,9,0,1,24,1859,567
218,221,10,8,1,1,0,15,0,1,9,414,99
319,328,23,6,1,1,0,11,0,1,1,375,106
507,493,59,25,1,1,0,12,0,1,10,800,224
562,691,18,21,1,1,0,12,1,0,47,2822,859
524,510,0,18,1,1,0,9,0,1,12,775,230
252,579,0,0,1,1,0,14,0,1,6,408,117
181,199,0,3,0,1,1,21,0,1,2,281,100
182,188,19,24,1,1,0,7,0,1,5,383,128
777,582,22,29,1,0,0,13,1,0,57,4619,1374
257,281,17,11,1,1,0,8,1,0,21,859,262
109,104,22,20,1,0,0,13,0,1,5,201,45
127,142,0,6,1,1,0,13,0,1,5,260,72
611,412,139,12,1,1,0,13,0,1,15,1220,385
136,365,0,19,1,1,0,14,0,1,2,356,124
264,265,34,4,1,1,0,10,0,1,10,300,103
447,387,12,31,1,1,0,12,1,0,25,1358,400
225,256,0,1,1,1,0,10,0,1,5,403,98
278,672,25,21,1,1,0,15,0,1,12,418,111
152,221,0,117,1,0,0,11,0,1,4,338,112
616,718,0,35,1,1,0,12,1,0,31,2056,613
357,369,65,6,1,1,0,11,0,1,13,796,212
38,158,0,1,0,1,0,14,1,0,2,291,85
199,197,74,6,1,0,0,10,0,1,8,466,156
452,385,49,172,1,0,0,6,0,1,16,965,297
265,312,93,53,1,1,0,9,1,0,14,687,196
485,510,115,24,1,1,0,13,1,0,36,2114,615
247,236,1,12,1,1,0,12,0,1,6,574,162
696,769,30,11,1,0,3,16,0,1,29,2245,673
342,286,35,18,1,1,0,13,0,1,9,312,104
189,272,0,8,1,1,0,12,1,0,12,459,114
487,788,44,43,1,1,0,8,0,1,9,688,218
68,75,0,17,1,0,0,15,1,0,6,255,76
354,363,10,40,1,0,0,11,1,0,26,1207,368
334,499,34,30,1,1,0,12,1,0,22,1065,299
304,321,32,23,1,1,0,11,1,0,19,755,218
226,248,42,19,1,0,0,6,0,1,9,403,115
265,319,21,58,1,1,0,11,1,0,14,640,204
527,498,40,42,1,1,1,11,1,0,46,2599,792
327,524,0,24,1,1,0,13,1,0,19,860,263
173,195,4,0,1,1,0,14,1,0,14,276,102
254,907,0,34,1,1,0,13,0,1,8,321,90
233,280,0,23,1,0,0,7,1,0,16,470,153
210,220,0,1,1,1,0,10,0,1,6,270,80
651,722,51,136,1,1,0,12,1,0,39,2699,801
237,249,0,36,1,1,0,11,0,1,11,528,169
204,445,118,92,1,1,0,8,0,1,6,450,151
268,388,0,3,1,1,0,8,1,0,15,559,178
293,438,46,45,1,1,0,6,1,0,26,892,261
345,332,19,167,1,1,0,14,1,0,31,1195,352
1725,1466,135,245,1,1,0,17,0,1,48,8468,4250
311,351,0,63,1,0,0,11,0,1,10,517,159
224,308,23,59,1,1,0,16,1,0,22,771,241
245,395,0,10,1,1,0,8,1,0,15,565,165
582,828,0,43,1,1,0,16,1,0,54,3164,964
447,572,83,120,1,1,0,15,0,1,21,1159,337
165,205,6,0,1,0,0,8,0,1,7,464,146
187,207,9,16,1,1,0,9,1,0,12,573,162
334,234,0,16,1,1,0,12,0,1,5,318,65
613,555,27,121,1,1,0,11,1,0,35,2220,649
278,265,0,155,1,0,0,9,0,1,7,670,202
277,175,0,65,1,0,0,9,1,0,26,933,290
107,260,0,0,1,1,0,13,1,0,6,284,64
735,665,44,19,1,1,0,11,1,0,38,3065,904
242,299,39,23,1,1,0,11,0,1,10,310,114
209,216,19,14,1,1,0,13,1,0,18,533,154
253,303,0,7,1,1,0,9,0,1,9,303,96
305,322,4,49,1,0,0,13,0,1,9,435,124
105,167,0,0,1,1,0,7,0,1,2,262,75
371,357,78,19,1,1,0,12,0,1,7,353,106
378,422,21,31,1,1,0,12,0,1,18,969,290
384,219,51,11,1,1,0,12,0,1,10,642,190
848,959,0,225,1,0,0,8,0,1,19,1750,519
143,233,0,1,1,1,0,13,1,0,9,381,77
334,870,0,28,1,1,0,13,0,1,2,371,133
590,801,43,76,1,0,2,13,1,0,41,2755,847
274,403,30,122,1,1,0,10,0,1,10,482,131
179,347,0,25,1,0,2,5,0,1,7,345,101
116,187,0,0,1,1,0,12,1,0,9,325,114
235,186,30,9,1,1,0,16,1,0,21,867,272
222,248,0,40,1,1,0,13,0,1,6,475,157
290,289,0,76,1,1,0,9,1,0,27,1096,315
349,427,13,14,1,1,4,12,1,0,25,1073,352
224,234,13,7,1,1,0,10,1,0,15,603,167
550,502,19,108,1,1,0,13,0,1,3,435,139
118,92,0,3,1,1,0,8,0,1,5,184,56
320,457,14,1,1,0,0,8,0,1,15,537,156
684,592,11,49,1,1,0,11,1,0,38,2893,863
477,474,0,0,0,1,0,9,1,0,33,1651,483
268,348,43,21,1,0,0,11,1,0,24,873,281
303,418,115,92,1,1,0,13,1,0,19,830,250
185,486,7,0,1,1,0,9,0,1,8,434,133
347,407,66,11,1,1,0,17,1,0,19,908,274
340,806,0,18,1,0,0,13,0,1,2,224,62
350,385,0,63,1,1,0,8,0,1,9,643,179
391,314,3,17,1,0,0,12,0,1,16,1029,311
404,454,9,26,1,1,0,11,0,1,8,641,167
679,666,115,54,1,1,0,7,1,0,56,3838,1134
236,338,21,23,1,1,0,11,0,1,4,464,126
898,624,150,141,1,1,0,15,1,0,72,6689,1993
489,473,8,86,1,0,4,9,1,0,27,1602,481
379,386,0,31,1,0,0,11,1,0,25,1239,390
316,317,110,101,1,1,0,7,0,1,6,409,104
473,614,5,99,1,0,0,13,1,0,30,1641,497
146,163,69,63,1,1,0,9,0,1,5,404,131
256,338,36,39,1,1,0,10,1,0,18,761,216
1035,828,0,24,1,0,0,10,0,1,41,4572,2285
326,654,146,155,1,1,0,8,1,0,31,1478,453
342,371,43,15,1,1,0,11,1,0,33,1425,424
531,686,0,41,1,1,0,9,1,0,38,2268,677
488,569,0,34,1,1,0,9,0,1,13,643,196
1218,351,35,15,1,0,0,10,0,1,27,3787,1892
403,388,0,23,1,1,0,11,1,0,24,1148,337
393,372,25,7,1,0,0,9,0,1,11,899,268
505,382,9,4,1,1,0,11,1,0,27,1630,511
181,186,0,8,1,1,0,11,1,0,14,637,201
319,319,46,138,1,1,0,11,0,1,6,410,112
561,737,0,66,1,1,0,9,0,1,23,1571,456
283,355,0,140,1,1,0,8,0,1,13,619,181
384,469,42,71,1,1,0,11,1,0,33,1478,459
446,496,0,62,1,1,0,7,1,0,41,2046,617
208,310,9,440,1,1,0,10,1,0,18,705,203
1123,1162,130,428,1,1,0,12,1,0,76,8744,4382
283,442,6,36,1,1,0,8,1,0,26,762,226
682,762,11,114,1,1,0,7,1,0,35,2597,765
460,459,41,23,1,1,0,12,1,0,26,1479,449
461,440,25,115,1,1,0,10,0,1,16,1029,326
725,733,35,91,1,1,0,13,0,1,25,2104,636
132,345,0,33,1,1,0,6,0,1,1,73,24
424,499,50,38,1,1,0,7,1,0,21,1157,339
321,306,18,102,1,1,0,9,1,0,28,1225,374
584,653,34,88,1,1,0,9,0,1,1,416,111
589,601,58,58,1,1,0,13,0,1,5,502,130
620,623,0,161,1,1,0,9,0,1,11,879,263
1500,1446,103,132,1,1,0,14,1,0,115,17628,8813
213,235,42,32,1,1,1,13,1,0,15,382,142
376,437,116,33,1,1,0,9,1,0,36,1539,447
150,256,98,28,1,1,0,15,0,1,7,380,116
351,381,35,25,1,0,0,10,0,1,3,173,61
414,440,14,71,1,0,0,9,1,0,27,1375,425
473,397,35,28,1,1,0,16,1,0,36,2120,635
521,860,0,262,1,1,0,7,0,1,8,646,184
230,358,0,26,1,0,0,10,0,1,9,409,121
350,426,30,24,1,1,0,12,0,1,8,557,190
376,636,19,60,1,1,0,7,0,1,3,314,99
475,528,0,29,1,1,0,7,0,1,19,1213,339
288,276,22,13,1,1,0,12,0,1,2,378,130
515,571,0,4,1,0,0,11,0,1,12,848,260
470,627,61,7,1,1,0,8,0,1,3,253,75
367,416,41,111,1,1,0,7,1,0,24,978,293
252,265,41,4,1,1,0,9,0,1,8,372,109
269,268,0,23,1,1,0,8,0,1,3,390,120
312,453,33,47,1,1,0,9,0,1,3,127,32
370,387,21,22,1,1,0,7,1,0,32,1225,370
609,543,23,58,1,1,0,9,1,0,46,2966,878
330,433,63,35,1,0,0,15,1,0,27,1160,350
649,630,35,67,1,0,0,9,1,0,63,4227,1281
529,589,33,67,1,1,0,13,0,1,6,636,196
348,359,0,21,1,1,0,10,0,1,4,402,133
576,680,135,187,1,1,0,11,1,0,46,2862,845
387,382,43,69,1,1,0,8,1,0,30,1472,442
120,84,25,48,1,1,0,13,0,1,1,280,91
290,517,2,16,1,1,0,10,1,0,22,823,234
522,641,88,171,1,0,0,7,1,0,38,2236,689
639,677,17,125,1,1,0,9,1,0,40,2850,842
554,561,0,325,1,1,0,12,0,1,27,1761,530
230,436,0,36,1,1,0,14,0,1,4,256,78
545,494,22,22,1,1,0,15,0,1,1,370,112
252,509,0,28,1,1,0,11,0,1,11,622,184
420,1097,22,29,1,1,0,10,0,1,21,1139,347
2939,595,140,43,1,0,0,13,0,1,115,34042,17008
456,545,82,48,1,1,0,10,0,1,21,1180,338
326,784,6,27,1,1,0,12,1,0,23,1195,350
241,293,22,16,1,1,0,10,0,1,2,305,90
349,420,0,61,1,1,0,12,0,1,13,667,215
367,524,0,47,1,1,0,11,1,0,29,1043,331
462,682,0,94,1,1,0,10,1,0,38,1829,552
202,201,0,21,1,1,0,9,0,1,5,323,101
95,90,0,4,1,1,2,14,0,1,4,288,83
346,318,18,0,1,0,0,12,1,0,29,1261,378
603,1233,7,588,1,1,0,7,1,0,51,3387,999
386,482,32,48,1,1,0,7,0,1,12,673,205
219,99,87,79,1,0,0,18,0,1,4,439,125
99,227,0,117,1,1,0,17,1,0,7,207,66
417,375,6,25,1,1,0,10,0,1,5,317,90
266,248,33,12,1,0,0,11,0,1,1,133,31
592,108,35,117,1,0,0,9,1,0,59,3797,1136
308,423,0,101,1,1,2,14,0,1,2,283,80
261,102,0,142,1,0,0,8,0,1,9,543,176
571,755,4,16,1,1,0,10,1,0,52,3172,954
311,406,0,11,1,1,0,9,1,0,19,761,233
115,143,0,15,1,1,0,7,0,1,4,239,56
623,579,146,83,1,0,0,14,1,0,46,2910,890
473,794,0,4,1,1,0,8,1,0,39,1957,589
575,537,27,44,1,1,0,14,0,1,18,1120,325
399,826,54,70,1,1,0,13,0,1,20,1133,343
119,116,0,2,1,1,0,15,1,0,8,265,89
260,344,0,99,1,1,0,14,1,0,17,750,208
436,348,57,33,1,0,0,11,1,0,28,1602,500
917,591,37,48,1,1,0,8,1,0,89,8372,2509
153,367,9,72,1,0,0,13,0,1,6,350,118
676,701,0,249,1,1,0,11,0,1,8,595,179
369,430,60,14,1,1,0,14,1,0,19,849,250
373,1477,90,25,1,0,0,14,0,1,9,571,149
429,449,0,1,1,0,4,9,0,1,21,1160,334
234,196,146,66,1,1,2,8,0,1,9,364,108
481,452,93,163,1,0,0,10,1,0,47,2759,837
337,296,7,65,1,0,0,13,0,1,13,622,164
208,571,0,11,1,0,0,8,0,1,5,340,118
873,4935,22,30,1,0,0,9,1,0,54,5009,1519
194,219,14,33,1,1,0,15,0,1,3,285,71
371,442,0,9,1,1,0,16,1,0,35,1464,444
83,252,0,40,1,1,0,12,1,0,4,367,97
22,28,0,0,0,1,0,15,0,1,1,393,116
244,263,0,82,1,1,0,11,1,0,15,593,189
134,365,7,59,1,1,0,11,1,0,13,460,148
349,352,15,44,1,1,4,21,1,0,23,1022,296
427,509,26,0,1,1,0,12,0,1,18,1100,325
60,108,0,49,1,1,1,14,0,1,2,126,26
249,171,0,56,1,1,0,8,1,0,20,960,292
378,578,9,61,1,1,0,7,0,1,6,396,100
92,196,3,5,1,1,0,12,0,1,2,102,0
221,224,0,39,1,0,0,14,1,0,19,614,201
66,61,20,0,1,0,0,12,0,1,2,257,104
462,483,32,31,1,1,0,12,0,1,17,1177,347
630,755,0,125,1,1,0,10,1,0,49,3408,1031
126,88,0,2,1,0,0,9,0,1,3,282,84
486,479,20,38,1,1,0,15,0,1,1,139,59
51,48,0,43,1,1,0,8,0,1,2,153,52
626,679,48,58,1,1,0,12,0,1,30,2091,629
748,996,11,44,1,1,0,13,0,1,32,2878,841
1058,614,23,52,1,0,0,12,0,1,36,3852,1938
633,661,19,31,1,1,0,10,1,0,54,3761,1124
207,201,131,75,1,1,2,12,0,1,9,363,92
200,257,20,3,1,1,0,11,1,0,11,616,182
216,268,40,10,1,1,1,10,1,0,20,548,162
911,343,76,411,1,0,0,7,1,0,70,6621,1999
199,209,107,49,1,1,0,10,0,1,4,199,45
658,604,8,27,1,1,0,7,0,1,21,1702,503
409,504,32,3,1,1,0,20,1,0,39,1973,609
158,209,0,5,1,1,0,7,1,0,9,567,186
872,772,0,174,1,0,0,11,1,0,66,6064,1833
203,250,53,131,1,1,0,8,0,1,8,576,192
93,51,0,1,1,1,0,10,1,0,7,419,128
66,84,0,1,1,1,0,10,1,0,4,243,65
422,377,18,17,1,0,0,13,1,0,38,1881,570
106,115,0,8,1,1,0,8,0,1,2,154,58
238,100,10,100,1,1,0,11,0,1,7,378,142
325,523,0,84,1,1,0,17,0,1,3,449,111
278,458,42,85,1,1,0,14,0,1,6,450,138
1817,758,2,115,1,1,0,14,1,0,177,32436,16225
70,78,0,9,1,0,0,20,0,1,2,140,41
788,664,24,383,1,0,0,11,1,0,57,4661,1379
522,856,139,216,1,0,0,11,1,0,41,2293,696
88,146,34,6,1,0,0,8,0,1,1,278,74
427,407,45,124,1,1,0,8,0,1,10,557,173
150,149,77,22,1,0,0,13,0,1,4,346,114
1099,584,0,124,1,1,0,11,0,1,12,1437,733
504,465,0,74,1,1,2,11,0,1,6,715,195
83,119,39,5,1,1,0,12,1,0,8,342,115
715,598,66,210,1,0,0,7,1,0,70,5164,1540
226,261,0,20,1,1,0,13,0,1,3,321,80
393,463,0,165,1,1,0,8,1,0,35,1570,486
261,299,119,8,1,0,0,10,1,0,15,658,211
421,424,15,124,1,1,0,6,0,1,17,970,288
114,115,24,21,1,1,0,6,0,1,5,185,64
200,224,71,17,1,1,0,12,1,0,14,430,118
260,349,0,26,1,0,0,12,0,1,3,337,99
227,342,49,128,1,1,0,9,0,1,8,575,171
481,531,16,9,1,1,0,12,1,0,33,1925,574
272,918,0,1,1,0,0,7,0,1,9,412,132
438,339,32,12,1,1,0,13,1,0,36,1889,585
772,669,22,79,1,0,0,8,0,1,17,1537,455
217,198,3,0,1,1,0,17,0,1,11,498,149
654,679,33,24,1,0,0,8,0,1,18,1433,449
336,598,0,223,1,1,0,8,0,1,7,722,212
210,367,0,114,1,1,0,8,1,0,20,531,128
269,127,148,146,1,1,0,13,0,1,9,482,150
239,324,106,29,1,1,0,10,0,1,11,314,83
365,627,12,107,1,0,0,7,0,1,1,325,85
218,316,16,438,1,1,0,10,1,0,12,601,197
323,373,40,10,1,1,0,14,1,0,21,1052,344
249,234,19,17,1,1,0,9,1,0,15,410,110
245,423,0,74,1,1,0,10,0,1,8,467,152
508,723,33,154,1,1,0,11,1,0,45,2675,801
304,298,32,1,1,1,4,17,1,0,19,766,231
3257,3511,136,113,1,0,0,8,0,1,99,32453,16241
420,417,43,6,1,1,0,11,0,1,16,898,271
209,257,10,52,1,1,0,12,0,1,4,350,94
1669,996,127,107,1,1,2,13,1,0,144,24330,12159
81,52,0,4,1,1,0,15,1,0,7,418,133
415,439,0,13,1,1,0,11,1,0,23,1174,324
129,152,0,0,1,1,0,14,0,1,4,301,103
165,181,0,85,1,1,0,13,1,0,16,742,203
273,297,19,0,1,1,0,15,0,1,7,464,139
338,330,41,17,1,0,0,12,1,0,21,958,285
225,446,0,53,1,0,0,11,0,1,3,163,64
449,410,19,19,1,1,0,8,0,1,22,1218,367
594,863,105,276,1,1,0,9,0,1,6,564,170
679,764,23,39,1,1,0,11,0,1,11,975,300
569,539,41,95,1,1,0,11,0,1,16,1082,314
540,543,0,73,1,1,0,12,1,0,31,1835,548
441,368,25,30,1,1,0,8,1,0,32,1569,484
570,455,37,120,1,1,0,10,0,1,10,778,241
367,1114,16,69,1,0,0,8,1,0,31,1504,435
634,648,59,21,1,0,0,9,1,0,45,3187,963
687,539,18,78,1,0,0,9,1,0,52,3766,1113
160,169,9,8,1,1,0,10,0,1,3,109,25
566,464,32,65,1,1,0,9,0,1,20,1277,397
113,148,0,9,1,1,0,10,1,0,7,263,51
670,547,52,68,1,1,0,12,1,0,35,2585,754
501,465,18,4,1,1,0,10,0,1,18,1065,335
369,396,0,5,1,1,0,12,0,1,9,762,218
363,355,41,17,1,1,0,11,0,1,3,311,108
218,255,0,2,1,1,0,9,0,1,5,217,63
446,489,29,46,1,1,0,10,1,0,39,1955,591
404,392,25,23,1,1,0,14,1,0,32,1422,436
426,486,60,110,1,0,0,12,1,0,32,1608,474
207,201,131,75,1,1,2,12,0,1,4,336,97
200,229,17,4,1,1,2,10,0,1,3,325,92
606,722,44,56,1,1,0,9,1,0,59,3643,1126
191,280,9,4,1,1,0,15,0,1,8,404,122
414,440,14,71,1,0,0,9,0,1,19,1047,319
698,705,0,32,1,1,0,7,0,1,12,925,273
510,669,33,31,1,1,0,11,1,0,30,1855,553
233,242,43,9,1,1,0,14,0,1,7,471,157
361,358,18,75,1,0,0,9,0,1,9,784,231
200,204,0,60,1,1,2,16,1,0,14,525,157
222,185,0,22,1,1,0,6,0,1,6,367,114
148,196,0,7,1,1,0,12,1,0,12,417,119
274,309,0,2,1,1,0,12,0,1,3,319,119
209,240,0,0,1,0,0,6,1,0,17,400,102
301,477,20,6,1,1,0,12,0,1,13,454,160
116,162,39,11,1,1,0,11,1,0,9,326,93
207,196,0,7,1,1,0,11,1,0,14,461,154
199,272,18,36,1,1,0,8,0,1,9,414,100
289,451,0,76,1,1,0,13,1,0,18,539,173
513,520,49,37,1,0,0,10,0,1,1,131,49
105,174,0,0,1,1,0,11,0,1,3,151,30
695,635,25,21,1,0,0,9,1,0,49,3734,1110
540,604,0,16,1,1,0,16,0,1,12,768,232
337,482,0,7,1,1,0,14,1,0,27,1059,331
625,703,48,34,1,1,0,8,0,1,19,1425,418
175,313,11,4,1,0,0,7,1,0,12,407,119
358,315,26,33,1,1,0,6,1,0,33,1426,446
616,564,37,26,1,0,0,10,0,1,8,953,272
600,719,50,181,1,1,0,12,0,1,8,597,190
236,226,12,12,1,1,0,7,1,0,16,577,178
325,335,0,50,1,1,0,14,0,1,14,633,176
384,410,0,48,1,1,1,13,1,0,32,1610,474
256,308,8,6,1,1,0,17,1,0,24,767,239
113,112,0,14,1,1,0,10,0,1,1,233,72
81,142,0,8,1,1,2,7,0,1,4,341,119
380,500,38,19,1,1,0,9,1,0,26,1112,326
270,493,0,0,1,0,0,13,0,1,3,476,122
427,981,20,95,1,1,2,13,1,0,42,2090,639
386,482,32,48,1,1,0,7,0,1,10,508,145
65,67,79,116,1,0,0,8,0,1,1,281,85
315,363,26,0,1,0,0,8,1,0,21,870,281
69,100,0,5,1,1,0,9,1,0,5,295,85
339,476,56,33,1,1,0,8,0,1,12,627,206
156,199,42,2,1,0,0,11,0,1,6,430,115
288,304,45,5,1,1,0,11,0,1,8,325,108
101,109,0,2,1,1,3,17,0,1,1,187,59
358,336,0,9,1,0,0,13,0,1,13,670,192
467,519,13,16,1,1,0,17,0,1,9,550,149
318,306,51,13,1,0,0,11,1,0,17,666,200
352,575,6,88,1,1,0,13,1,0,18,861,261
256,344,34,53,1,1,0,12,1,0,24,831,252
228,320,17,20,1,1,0,11,0,1,8,157,53
257,252,0,25,1,0,0,12,0,1,12,642,187
240,492,78,12,1,1,0,13,0,1,2,302,84
203,256,0,1,1,1,0,7,1,0,17,816,247
79,80,7,2,1,1,0,11,0,1,3,322,90
431,463,21,42,1,1,0,10,1,0,31,1521,470
217,266,11,13,1,1,0,13,0,1,4,596,180
423,523,0,114,1,1,0,11,0,1,19,1316,387
142,224,0,8,1,0,0,7,1,0,11,264,57
432,410,25,26,1,1,0,10,0,1,3,406,114
310,357,23,44,1,1,0,10,1,0,25,983,319
333,358,35,23,1,1,0,18,0,1,10,581,167
202,201,0,21,1,1,0,9,0,1,8,414,114
421,565,30,44,1,1,0,6,0,1,13,651,203
449,481,34,45,1,1,2,10,0,1,2,348,109
318,318,8,9,1,1,0,10,1,0,16,913,282
371,370,29,10,1,1,0,14,1,0,25,1141,338
262,265,19,22,1,1,0,11,1,0,23,816,258
588,497,0,13,1,1,0,12,0,1,2,487,132
636,632,16,111,1,0,0,5,1,0,62,4263,1278
266,257,44,105,1,1,0,11,0,1,8,277,74
204,126,0,393,1,0,0,14,1,0,19,640,200
514,573,19,216,1,0,2,15,1,0,35,2194,659
450,708,52,58,1,1,0,10,0,1,20,1271,394
406,478,0,76,1,1,0,12,1,0,33,1611,508
397,371,0,298,1,1,0,6,0,1,2,381,115
1078,179,0,131,1,0,2,15,1,0,79,8626,4306
523,396,30,52,1,1,0,11,0,1,18,1201,350
255,246,0,12,1,1,0,12,1,0,21,670,197
87,95,24,11,1,1,0,17,1,0,5,227,67
133,135,20,4,1,1,0,10,0,1,4,376,136
197,267,13,8,1,1,0,12,1,0,15,411,109
709,692,0,76,1,1,0,17,0,1,7,752,212
296,291,0,26,1,1,0,14,1,0,24,983,290
198,198,17,35,1,0,0,12,0,1,6,354,113
619,793,98,272,1,1,0,7,1,0,46,3259,987
174,172,0,1,1,1,0,10,1,0,16,406,110
190,184,0,2,1,1,0,11,0,1,2,328,99
198,233,0,28,1,1,0,15,1,0,17,557,166
324,323,0,114,1,1,0,10,1,0,26,1046,328
251,257,0,24,1,1,0,15,0,1,10,527,171
218,255,0,2,1,1,0,9,0,1,7,280,80
224,287,0,51,1,1,0,13,0,1,5,210,63
293,259,0,36,1,1,0,13,1,0,17,678,211
155,359,73,71,1,1,0,8,1,0,13,606,161
204,263,49,24,1,0,0,9,1,0,11,459,133
512,365,67,12,1,1,2,12,1,0,30,1799,546
257,291,139,19,1,1,2,10,1,0,17,647,187
213,245,0,31,1,1,0,12,1,0,11,511,152
369,396,0,5,1,1,0,12,1,0,19,835,250
309,323,0,96,1,1,0,11,0,1,1,376,104
472,534,0,27,1,1,0,7,0,1,3,430,117
202,340,0,28,1,1,0,11,1,0,18,512,151
272,240,0,147,1,0,0,13,1,0,21,806,237
303,341,20,12,1,1,0,13,0,1,6,483,154
189,190,0,9,1,1,0,6,1,0,12,512,171
455,449,18,32,1,1,0,12,1,0,30,1743,522
634,618,17,25,1,1,0,7,0,1,25,1753,530
541,516,134,84,1,0,0,8,1,0,44,2722,815
450,473,64,152,1,1,0,15,1,0,25,1458,444
143,237,0,3,1,0,0,12,1,0,12,385,118
467,681,1,149,1,1,0,10,1,0,26,1346,406
1050,820,43,332,1,0,0,10,1,0,95,10096,5061
194,278,0,3,1,1,1,11,1,0,11,489,134
55,31,0,1,1,0,0,8,0,1,2,233,87
462,682,0,94,1,1,0,10,1,0,43,2394,722
455,603,0,79,1,1,0,11,1,0,32,1739,523
246,267,0,55,1,1,0,15,0,1,10,438,124
116,214,0,5,1,1,0,11,0,1,1,139,39
97,156,0,24,1,1,0,9,1,0,5,220,70
1507,1198,35,175,1,1,0,13,0,1,74,11416,5683
196,270,0,199,1,0,0,15,1,0,17,518,148
304,450,0,271,1,1,0,8,1,0,24,1011,310
488,546,14,25,1,1,0,9,1,0,41,2197,655
464,684,39,102,1,1,0,10,0,1,17,1008,292
894,874,1,414,1,1,2,11,1,0,78,7130,2131
871,841,78,161,1,0,0,12,0,1,14,1639,494
281,560,32,396,1,1,0,10,0,1,8,488,126
1170,1355,0,491,1,1,0,14,1,0,78,9379,4699
474,935,72,273,1,1,0,8,1,0,46,2241,646
489,570,40,367,1,1,0,11,1,0,28,1665,493
604,674,0,65,1,1,0,11,1,0,32,2060,608
964,861,29,9,1,1,0,8,0,1,6,719,200
359,386,0,397,1,1,0,15,1,0,34,1542,449
523,782,9,471,1,1,0,5,0,1,7,550,168
615,1187,1,984,1,1,0,13,0,1,6,424,125
894,720,41,80,1,0,0,11,1,0,78,7380,2210
420,457,21,127,1,0,0,10,1,0,21,874,234
495,491,40,12,1,1,2,11,0,1,17,1128,322
557,703,0,60,1,0,0,11,1,0,49,3061,916
403,449,8,204,1,1,0,12,0,1,2,247,63
450,579,103,67,1,1,0,9,0,1,11,769,221
242,273,0,206,1,1,0,13,1,0,16,661,210
381,1319,144,102,1,1,0,11,0,1,9,676,204
736,662,0,312,1,0,0,7,0,1,24,2044,600
625,977,13,7,1,1,0,11,0,1,11,893,262
372,362,36,13,1,1,0,7,1,0,30,1437,427
550,555,133,234,1,1,0,16,0,1,8,750,216
150,184,0,79,1,0,0,6,1,0,12,316,83
407,464,70,579,1,1,0,7,0,1,14,659,197
1017,1201,0,263,1,0,0,14,0,1,38,4110,2063
148,426,0,22,1,1,0,8,1,0,9,335,103
1209,1093,38,289,1,0,0,8,0,1,12,1582,788
382,691,0,300,1,1,0,6,0,1,1,276,87
520,604,15,732,1,0,0,9,1,0,51,2750,834
1002,1089,0,582,1,1,0,10,1,0,58,6057,3026
305,386,24,166,1,1,0,9,1,0,24,899,275
619,937,0,16,1,1,0,10,1,0,55,3730,1105
619,750,24,38,1,1,0,9,1,0,46,3319,992
719,607,45,69,1,1,0,11,1,0,70,5171,1546
108,125,1,16,1,1,0,13,0,1,1,346,106
343,388,0,67,1,1,0,5,1,0,31,1375,416
323,405,0,69,1,1,0,10,1,0,28,1127,336
1020,1048,101,126,1,0,0,8,1,0,79,8242,4111
982,979,0,266,1,0,0,13,0,1,37,4020,1194
416,460,0,104,1,1,0,10,0,1,2,112,36
511,916,0,134,1,1,0,12,0,1,19,1136,357
511,563,32,16,1,0,0,15,0,1,14,801,230
403,490,0,38,1,1,0,12,1,0,34,1739,517
319,429,0,68,1,1,0,7,0,1,12,593,181
213,406,0,169,1,1,0,6,0,1,7,326,91
199,228,0,12,1,1,0,8,1,0,15,846,255
211,255,23,27,1,1,4,10,1,0,17,583,174
214,208,0,9,1,1,0,12,0,1,10,399,110
875,878,4,15,1,1,0,13,1,0,64,5859,1767
907,927,64,36,1,1,0,14,0,1,10,980,304
299,540,0,112,1,1,0,12,0,1,7,488,158
625,921,0,91,1,1,0,7,1,0,59,3907,1187
238,410,11,44,1,1,0,10,1,0,18,705,205
167,294,0,37,1,1,0,14,1,0,13,348,98
509,690,0,15,1,1,0,10,0,1,21,1196,361
210,238,0,1,1,0,0,10,1,0,12,412,131
366,377,8,373,1,1,0,9,1,0,29,1214,360
475,551,0,93,1,1,0,11,1,0,42,2354,701
330,272,14,103,1,1,0,10,0,1,13,816,237
362,373,0,19,1,0,0,10,0,1,4,359,125
248,289,22,21,1,1,0,10,1,0,15,566,139
379,531,27,52,1,1,0,11,1,0,28,1258,375
431,688,0,15,1,1,0,9,0,1,4,409,123
609,719,89,37,1,0,0,11,0,1,19,1396,406
548,480,0,98,1,1,0,7,1,0,34,2122,641
428,413,16,314,1,1,0,12,1,0,32,1524,433
361,1066,0,308,1,1,0,12,1,0,33,1336,412
775,691,25,26,1,1,0,6,0,1,37,3217,945
543,1020,41,179,1,1,0,14,1,0,31,1858,530
383,419,4,5,1,1,0,11,1,0,28,1332,390
103,143,0,20,1,1,1,11,1,0,8,306,93
367,361,0,98,1,1,0,9,1,0,33,1345,395
321,295,18,99,1,1,0,11,0,1,2,353,99
146,134,31,36,1,1,0,10,1,0,7,349,108
219,337,0,0,1,1,1,7,0,1,8,545,150
302,362,1,54,1,1,0,13,1,0,25,996,297
379,484,0,130,1,1,0,10,1,0,30,1333,405
468,504,0,26,1,1,0,9,0,1,6,538,181
645,694,0,69,1,1,0,12,1,0,46,3078,929
251,321,48,42,1,1,0,12,0,1,6,297,109
276,352,0,69,1,1,0,8,0,1,2,336,106
302,307,7,80,1,1,0,15,1,0,28,1042,312
357,593,0,20,1,1,0,9,0,1,6,437,104
251,292,0,3,1,1,0,9,1,0,16,620,171
824,962,23,5,1,0,0,14,0,1,15,1400,416
549,545,0,100,1,1,0,11,0,1,2,137,49
552,639,1,184,1,1,0,10,1,0,29,1865,555
409,407,25,164,1,1,0,12,0,1,4,469,147
362,332,0,38,1,0,0,14,0,1,10,463,126
374,449,0,26,1,1,0,12,0,1,16,976,289
601,509,33,223,1,1,0,10,1,0,35,2372,714
723,649,18,62,1,0,0,8,1,0,58,4557,1362
473,531,24,19,1,1,0,10,0,1,10,607,183
536,669,21,30,1,1,2,8,0,1,25,1586,467
404,458,0,240,1,1,0,10,0,1,18,947,288
516,764,0,217,1,1,0,10,1,0,38,2267,679
406,392,0,142,1,0,0,6,1,0,29,1349,404
400,835,0,44,1,1,0,9,1,0,33,1548,441
1933,995,0,107,1,1,0,11,1,0,171,33106,16544
500,667,0,150,1,1,0,11,1,0,47,2502,732
447,749,0,185,1,1,0,14,1,0,25,1360,388
439,910,1,517,1,1,0,10,1,0,23,1169,344
1054,1538,25,445,1,0,0,6,0,1,18,2122,1059
208,571,0,11,1,0,0,8,0,1,10,391,120
349,806,125,66,1,1,0,10,0,1,9,604,194
427,594,7,37,1,1,0,9,0,1,2,432,134
323,505,0,0,1,1,1,13,1,0,20,793,250
341,440,51,9,1,1,0,14,1,0,18,813,237
104,120,0,12,1,1,0,9,0,1,2,394,114
272,302,31,1,1,1,0,7,0,1,8,227,81
170,181,18,15,1,1,0,14,1,0,10,368,110
381,515,43,67,1,1,0,12,0,1,7,703,190
196,224,0,0,1,0,0,10,0,1,2,488,136
141,96,91,9,1,0,0,9,0,1,6,330,111
273,392,0,5,1,1,0,11,0,1,10,416,117
1221,999,0,30,1,1,0,13,1,0,103,12822,6415
402,478,56,22,1,1,0,14,0,1,11,606,181
260,390,0,37,1,1,0,11,0,1,1,401,114
180,224,0,3,1,1,2,8,1,0,15,419,121
137,1096,0,5,1,0,0,12,0,1,5,335,105
43,48,0,13,1,1,4,10,1,0,3,304,93
404,408,27,102,1,1,0,7,1,0,22,1043,327
719,1107,0,227,1,1,0,13,0,1,27,2256,674
771,1743,96,118,1,1,0,15,0,1,15,1311,382
271,771,30,81,1,1,0,9,0,1,12,618,187
124,115,0,143,1,0,0,6,1,0,8,438,139
102,264,0,11,1,1,0,12,1,0,5,182,81
109,154,0,0,1,1,0,14,1,0,7,417,119
422,466,25,27,1,1,0,12,1,0,31,1489,442
544,371,24,5,1,1,2,9,0,1,26,1673,512
284,315,0,23,1,1,0,7,0,1,11,562,183
1083,1066,46,469,1,0,0,9,0,1,1,295,139
647,454,0,6,1,1,0,6,0,1,1,321,104
172,141,0,62,1,0,0,9,1,0,17,399,112
255,308,0,80,1,1,0,11,0,1,3,292,76
718,917,84,86,1,1,2,12,0,1,30,2466,747
120,135,14,46,1,0,0,13,1,0,8,108,33
531,480,0,13,1,0,0,12,1,0,39,2152,650
136,162,103,2,1,1,2,8,1,0,11,263,71
661,628,63,29,1,1,0,8,1,0,40,2715,836
70,90,0,0,1,1,4,9,1,0,5,306,99
1562,1213,0,98,1,1,0,14,1,0,132,20749,10370
1483,1498,28,770,1,1,0,11,1,0,91,13508,6762
1087,922,133,284,1,0,0,10,1,0,86,9514,4742
911,561,29,211,1,0,0,13,0,1,3,464,137
1257,857,14,228,1,0,0,11,0,1,52,6852,3442
433,490,0,12,1,1,0,11,1,0,38,1765,527
267,319,19,15,1,1,0,16,1,0,17,800,250
163,109,0,36,1,1,2,12,1,0,15,514,151
196,207,0,27,1,1,0,7,0,1,4,344,75
260,296,10,2,1,0,0,7,0,1,8,352,95
192,145,0,37,1,1,0,10,1,0,15,713,216
187,191,24,45,1,0,0,15,1,0,18,550,182
579,504,27,35,1,1,0,11,0,1,19,1147,336
442,719,0,96,1,0,2,7,0,1,1,253,79
5,4,0,0,1,0,2,13,1,0,1,37,0
309,827,0,203,1,1,0,9,0,1,30,1125,325
189,332,0,5,1,1,0,16,0,1,3,244,63
522,493,0,43,1,1,0,11,1,0,3,454,152
43,30,0,15,1,1,2,6,0,1,2,339,112
59,89,0,0,1,0,2,12,1,0,2,169,57
168,10,0,0,1,0,0,5,1,0,9,461,151
213,274,0,1,1,1,0,13,0,1,17,734,215
56,153,28,36,1,1,3,13,1,0,1,157,56
294,307,0,22,1,1,2,11,1,0,20,752,228
290,656,0,50,1,1,0,11,0,1,27,1078,310
488,1071,0,53,1,1,0,7,0,1,14,931,269
384,455,0,31,1,0,2,6,0,1,10,668,201
390,520,38,78,1,1,0,10,0,1,7,643,195
1342,712,24,112,1,0,0,12,1,0,10,1610,801
486,651,18,227,1,1,0,7,0,1,27,1647,482
94,123,0,0,0,1,0,12,0,1,5,339,76
603,496,57,100,1,1,0,13,1,0,30,2082,629
445,449,0,60,1,0,0,16,0,1,39,2004,597
260,161,0,2,1,1,0,10,0,1,1,385,122
484,412,13,59,1,1,0,8,1,0,10,613,165
461,700,0,475,1,1,0,7,0,1,24,1225,352
248,197,71,27,1,1,0,11,1,0,6,437,129
296,495,0,49,1,1,0,12,0,1,17,721,199
200,304,0,82,1,1,0,8,1,0,10,437,107
511,873,1,502,1,1,0,11,0,1,29,1786,545
728,307,0,50,1,0,0,5,0,1,11,1106,342
969,944,124,118,1,0,0,12,0,1,14,1560,455
225,307,0,74,1,1,0,8,1,0,9,401,117
237,492,0,21,1,1,4,10,1,0,16,616,171
115,160,54,61,1,1,0,9,1,0,7,416,128
5,13,0,1,1,1,4,16,1,0,1,273,81
284,289,8,31,1,1,0,10,1,0,26,1111,322
207,225,24,6,1,1,0,10,1,0,17,581,165
106,147,0,1,1,1,0,11,0,1,7,416,112
220,367,0,10,1,1,0,12,0,1,17,692,212
39,43,11,0,1,1,4,10,0,1,1,295,95
311,412,0,3,0,1,0,13,0,1,8,520,160
372,374,0,46,1,1,0,14,1,0,13,685,195
42,8,0,1,1,0,0,15,1,0,2,227,46
368,459,30,65,1,1,0,7,0,1,23,1099,336
566,585,0,13,1,1,0,7,1,0,45,2781,832
615,830,42,108,1,1,0,15,0,1,16,1308,391
174,26,52,12,1,1,0,11,1,0,14,462,150
847,958,0,209,1,1,0,14,1,0,2,392,106
1121,1118,150,615,1,1,0,10,0,1,73,8364,4195
245,208,4,2,1,1,2,12,0,1,20,706,206
374,445,0,104,1,1,0,7,0,1,17,858,248
505,498,0,64,1,0,0,9,0,1,11,554,163
341,1049,33,176,1,1,0,8,1,0,1,127,42
433,543,1,288,1,1,0,12,1,0,12,742,220
499,758,0,23,1,1,2,13,1,0,45,2448,723
310,349,0,25,1,1,0,14,0,1,29,1008,299
330,422,40,799,1,1,0,11,0,1,18,624,156
527,659,24,109,1,0,0,10,1,0,12,826,241
79,90,0,0,1,1,0,7,0,1,4,326,103
456,653,1,170,1,1,0,9,0,1,36,2048,612
319,378,48,41,1,1,0,13,0,1,13,640,200
169,39,0,4,1,0,0,11,0,1,2,413,129
403,470,23,47,1,1,0,10,0,1,12,721,224
550,485,31,84,1,1,0,11,0,1,20,1341,410
972,732,5,113,1,1,0,13,0,1,25,2692,786
161,168,0,59,1,1,0,8,0,1,8,271,81
584,669,42,31,1,0,0,10,0,1,21,1451,454
433,453,0,52,1,1,0,10,0,1,6,580,168
512,522,56,88,1,1,0,10,1,0,3,308,97
547,790,0,17,1,0,0,8,0,1,15,1018,307
402,343,98,1058,1,1,0,10,0,1,38,1642,499
1801,1029,0,123,1,0,0,8,1,0,88,16114,8053
322,365,50,122,1,1,0,6,1,0,15,755,218
1031,719,12,99,1,0,0,13,0,1,77,8233,4117
846,743,22,38,1,0,0,12,1,0,56,4845,1455
460,380,5,67,1,1,0,12,0,1,3,378,111
412,414,12,15,1,1,1,12,1,0,28,1289,387
354,455,0,19,1,1,0,12,1,0,13,690,211
508,504,9,74,1,1,0,5,0,1,45,2650,785
409,927,6,32,1,1,0,7,0,1,31,1447,447
228,806,13,0,1,1,0,13,0,1,4,392,144
174,172,0,1,1,1,0,10,1,0,5,242,90
769,1115,25,92,1,0,0,10,1,0,10,951,279
559,674,0,13,1,1,0,14,1,0,33,2118,613
382,346,23,38,1,1,0,7,0,1,21,964,289
338,334,19,30,1,1,0,13,1,0,23,837,261
345,362,0,56,1,1,0,11,1,0,11,736,230
419,411,33,38,1,1,0,13,1,0,25,1313,379
476,462,9,75,1,1,0,13,0,1,47,2408,709
348,338,15,15,1,1,0,6,0,1,26,935,282
582,623,0,36,1,1,0,14,0,1,5,711,220
479,547,59,80,1,1,0,10,0,1,22,1622,497
352,333,14,38,1,1,0,11,1,0,2,321,106
581,544,6,58,1,1,0,11,0,1,20,1476,431
560,500,39,49,1,1,0,9,1,0,41,2648,778
525,1017,10,41,1,1,0,13,0,1,1,212,39
452,481,0,82,1,1,0,6,1,0,35,1776,538
713,636,3,118,1,1,0,13,1,0,33,2410,732
270,280,34,52,1,1,0,11,1,0,19,669,204
423,424,40,169,1,1,0,12,1,0,28,1476,430
630,641,1,93,1,1,0,17,1,0,36,2468,759
893,902,30,87,1,1,0,14,0,1,63,5834,1745
499,617,14,56,1,1,0,12,0,1,33,1865,580
440,540,16,48,1,1,0,6,1,0,13,615,191
300,442,0,36,1,1,0,12,1,0,3,403,135
294,386,8,15,1,1,2,14,1,0,28,908,276
428,385,50,18,1,1,0,14,0,1,31,1535,459
480,481,0,72,1,1,0,11,1,0,29,1578,461
726,582,0,17,1,0,0,16,0,1,9,861,251
924,832,26,596,1,1,0,9,1,0,51,5088,1525
631,645,22,56,1,1,0,8,0,1,17,1244,376
254,352,22,94,1,1,0,15,0,1,22,710,212
406,478,0,76,1,1,0,12,0,1,1,118,33
842,797,0,99,1,1,0,13,0,1,20,1833,552
647,542,21,36,1,1,0,14,1,0,9,695,202
513,442,0,50,1,1,0,14,1,0,17,1142,336
338,367,2,37,1,1,0,13,1,0,24,954,268
619,793,98,272,1,1,0,7,1,0,61,4036,1220
938,1194,66,27,1,1,0,14,0,1,67,6499,1950
293,235,0,103,1,1,0,12,1,0,15,526,156
564,538,0,71,1,1,0,13,0,1,25,1560,459
727,729,0,31,1,1,0,11,0,1,69,5334,1597
314,187,102,200,1,0,0,11,1,0,4,445,120
651,643,39,171,1,1,0,15,0,1,5,756,214
507,582,34,99,1,1,0,11,0,1,45,2511,730
632,664,14,31,1,1,0,10,1,0,27,1786,547
521,491,10,69,1,1,0,14,0,1,3,309,94
468,456,41,12,1,1,0,6,1,0,30,1674,488
530,597,53,71,1,1,0,8,0,1,25,1745,537
339,331,48,4,1,1,0,12,0,1,21,952,293
377,387,0,33,1,1,0,13,0,1,10,721,225
414,496,0,60,1,1,0,10,1,0,7,596,176
427,548,72,54,1,1,0,11,1,0,5,326,92
536,447,33,79,1,1,0,9,0,1,27,1660,496
481,555,8,29,1,1,0,11,0,1,26,1611,488
492,724,0,71,1,1,0,14,1,0,7,662,208
257,291,139,19,1,1,2,10,1,0,5,404,140
582,658,0,80,1,1,0,11,1,0,44,2838,845
347,381,6,66,1,1,0,9,1,0,18,805,229
298,298,22,25,1,1,0,12,0,1,25,843,254
322,411,23,12,1,1,0,11,1,0,22,1067,356
183,189,6,11,1,1,0,5,1,0,1,106,26
324,323,0,114,1,1,0,10,1,0,22,848,268
176,256,0,1,1,1,0,12,0,1,15,556,163
2572,693,3,8,1,0,0,11,1,0,162,41770,20879
3087,526,132,32,1,0,0,22,1,0,34,10670,5326
4492,2210,130,184,1,0,0,15,0,1,413,185631,92812
2082,2197,94,875,1,0,0,7,1,0,140,29440,14739
1011,262,100,132,1,0,0,17,1,0,15,1791,899
37,413,49,5,1,0,0,9,0,1,3,283,90
521,2397,118,9,1,0,2,17,0,1,49,2827,858
16,57,26,4,1,1,2,14,0,1,1,287,110
222,440,105,5,1,0,3,14,0,1,7,449,144
44,3787,0,1,0,0,0,13,1,0,1,37,0
2253,5022,0,172,1,0,7,15,1,0,50,11480,5727
444,604,111,3,1,0,4,16,1,0,25,1351,386
360,2288,0,228,1,0,0,12,1,0,27,1274,348
142,289,0,7,1,0,0,12,1,0,9,239,87
114,248,0,49,1,0,0,14,1,0,6,248,68
340,536,0,4,1,0,4,15,0,1,27,1040,316
280,691,7,8,1,0,0,16,0,1,21,923,291
93,139,0,3,1,0,0,12,0,1,1,367,103
58,170,12,20,1,0,0,9,1,0,2,320,94
247,963,78,30,1,0,0,10,1,0,2,157,51
281,1342,60,327,1,0,5,9,1,0,22,893,270
1173,1431,15,3,1,0,0,10,1,0,108,13013,6497
158,303,51,2,1,0,2,11,1,0,9,388,125
70,808,0,6,1,0,1,9,1,0,6,215,71
1266,678,50,1,1,0,0,13,1,0,74,9489,4741
197,131,3,1,0,0,0,12,1,0,13,419,111
498,148,12,2,1,0,4,12,1,0,25,1546,471
1705,578,25,6,1,0,2,14,1,0,130,22351,11192
449,1151,0,84,0,1,0,9,0,1,40,2048,630
1022,5252,140,2,1,0,3,10,0,1,84,8944,4482
1,15,0,0,1,1,0,10,0,1,1,287,80
611,514,94,36,1,0,0,12,1,0,5,671,194
23,140,57,0,1,0,0,10,1,0,1,62,11
804,2553,0,25,1,0,5,18,0,1,5,603,175
291,84,68,5,1,0,1,11,1,0,25,964,297
77,42,16,5,1,0,0,16,1,0,4,318,98
433,409,31,3,1,0,0,12,1,0,14,719,193
199,61,73,1,1,0,0,12,0,1,19,688,184
322,257,0,3,1,0,0,12,0,1,19,872,261
183,155,0,1,1,0,0,10,1,0,10,439,133
152,966,0,6,1,0,0,9,0,1,6,372,83
149,822,83,6,1,0,0,13,0,1,5,292,77
247,316,108,3,1,0,0,9,1,0,20,816,245
694,3255,84,8,1,0,2,15,1,0,3,503,168
287,1459,10,8,1,0,4,13,1,0,11,530,134
801,4536,82,9,1,0,3,15,0,1,68,5780,1718
21,586,54,3,1,0,0,12,1,0,1,261,65
12,202,135,2,1,0,0,12,0,1,1,298,91
125,691,15,3,1,0,3,14,1,0,5,233,73
25,765,70,2,1,0,0,16,1,0,1,390,113
116,1265,75,3,1,0,0,18,0,1,2,252,56
140,288,0,5,1,0,0,13,1,0,11,468,132
47,61,57,7,1,0,0,15,1,0,4,238,64
89,112,0,3,1,1,2,12,1,0,2,219,63
12,28,0,1,1,1,4,14,0,1,1,309,112
338,435,0,7,1,1,0,10,1,0,20,747,215
875,1027,24,2,1,0,0,17,1,0,83,7540,2262
359,586,48,8,1,1,0,12,1,0,6,484,136
353,733,32,5,1,1,0,7,0,1,19,631,174
49,326,0,7,1,0,0,14,1,0,4,286,93
47,124,0,3,1,1,0,13,0,1,4,31,0
40,118,3,4,0,0,0,13,0,1,1,299,122
282,377,37,9,1,1,0,12,0,1,27,946,284
160,304,0,5,1,1,0,10,0,1,8,288,87
605,525,54,6,1,0,0,9,0,1,24,1681,503
816,646,130,9,1,0,1,15,0,1,34,3141,964
288,365,8,4,1,1,0,14,0,1,3,252,83
239,416,27,8,1,1,0,14,0,1,4,381,111
153,253,0,8,1,1,0,12,0,1,6,355,92
21,63,0,1,1,0,4,14,1,0,1,114,21
41,93,0,1,1,1,0,9,0,1,2,64,9
32,48,0,4,1,0,0,17,1,0,1,33,24
13,73,56,8,1,1,0,12,0,1,1,286,83
30,347,149,1,1,0,2,9,0,1,1,229,59
443,1821,0,8,1,0,0,14,1,0,42,2275,692
517,1693,67,6,1,0,4,12,1,0,3,442,148
144,651,0,8,1,1,0,11,0,1,5,386,107
98,937,0,8,1,0,0,15,0,1,9,451,129
177,237,0,9,1,1,2,12,0,1,11,374,116
295,378,27,1,1,1,1,13,1,0,2,340,101
156,165,0,8,1,0,0,16,0,1,6,410,127
5,46,105,7,1,0,0,15,1,0,1,367,130
207,258,0,4,1,0,2,12,0,1,9,492,146
316,496,105,5,1,0,0,16,1,0,16,777,229
22,46,0,1,1,1,0,13,1,0,1,145,49
70,160,0,4,1,1,0,5,1,0,4,330,98
146,203,7,4,1,1,0,6,0,1,2,309,100
261,488,0,3,1,1,0,11,1,0,23,893,265
342,465,6,3,1,1,0,7,0,1,19,922,281
183,401,0,9,1,1,0,20,1,0,10,392,98
250,796,97,9,1,0,0,20,0,1,3,297,89
96,134,3,9,1,1,0,20,1,0,7,365,103
145,327,139,6,1,0,0,14,0,1,7,348,90
146,166,0,4,1,1,4,10,0,1,11,307,87
44,361,0,2,0,0,0,15,1,0,1,205,65
792,3126,113,6,1,0,0,20,1,0,65,5246,1574
312,2275,110,5,1,0,0,12,0,1,9,414,132
283,477,0,5,1,1,2,8,0,1,8,441,143
1002,4209,0,9,1,0,2,16,0,1,64,6462,3240
234,658,93,2,1,0,0,14,0,1,22,575,168
160,177,0,2,1,0,0,12,1,0,1,356,90
207,553,0,9,1,0,2,11,1,0,7,317,91
46,22,21,4,1,0,0,18,1,0,2,54,30
154,147,22,5,1,0,0,14,1,0,7,326,96
60,58,47,6,1,0,0,13,1,0,4,386,96
149,123,0,1,1,0,0,15,0,1,13,489,152
188,504,0,3,1,1,0,9,0,1,12,499,153
401,2117,0,3,1,0,1,10,0,1,36,1791,532
239,1134,145,9,1,0,0,19,0,1,18,583,176
91,149,0,7,1,0,0,18,0,1,2,321,112
78,783,28,1,1,0,0,11,0,1,2,186,71
135,517,44,4,1,0,4,11,1,0,3,270,75
203,823,71,4,1,0,0,12,0,1,9,634,190
